source_gene,target_gene,weight,source
AATF,BAX,0.7112,TRRUST
AATF,CDKN1A,0.6246,TRRUST
AATF,KLK3,0.6005,TRRUST
AATF,MYC,0.8859,TRRUST
AATF,TP53,0.5372,TRRUST
ABL1,BAX,0.8372,TRRUST
ABL1,BCL2,0.6764,TRRUST
ABL1,BCL6,0.7653,TRRUST
ABL1,CCND2,0.8861,TRRUST
ABL1,CDKN1A,0.8979,TRRUST
ABL1,CSF1,0.8223,TRRUST
ABL1,FOXO3,0.9267,TRRUST
ABL1,JUN,0.9116,TRRUST
ABL1,PIM1,0.8434,TRRUST
ABL1,TP53,0.84,TRRUST
AES,EPHA3,0.5402,TRRUST
AES,LEF1,0.8535,TRRUST
AES,RND3,0.8777,TRRUST
AHR,ABCG2,0.5675,TRRUST
AHR,AHRR,0.852,TRRUST
AHR,ARNT,0.5873,TRRUST
AHR,BRCA1,0.5353,TRRUST
AHR,CA9,0.7021,TRRUST
AHR,CCND1,0.5603,TRRUST
AHR,CCNG2,0.8702,TRRUST
AHR,CYP1A1,0.9064,TRRUST
AHR,CYP1A2,0.542,TRRUST
AHR,CYP1B1,0.8766,TRRUST
AHR,CYP2B6,0.5852,TRRUST
AHR,FOS,0.5251,TRRUST
AHR,IL13,0.5868,TRRUST
AHR,IL1B,0.5388,TRRUST
AHR,IL6,0.8272,TRRUST
AHR,MFSD2A,0.6244,TRRUST
AHR,MT2A,0.6262,TRRUST
AHR,MYC,0.6089,TRRUST
AHR,PCNA,0.8535,TRRUST
AHR,RFC3,0.8307,TRRUST
AHR,UGT1A1,0.8953,TRRUST
AHR,UGT1A6,0.5684,TRRUST
AIP,AHR,0.8334,TRRUST
AIP,GREB1,0.7245,TRRUST
AIP,NFKB2,0.6738,TRRUST
AIP,RSF1,0.77,TRRUST
AIP,TFF1,0.6985,TRRUST
AIRE,CHRNA1,0.5929,TRRUST
ANKRD1,NPPA,0.7043,TRRUST
APBB1,GMPS,0.7272,TRRUST
APC,AKT1,0.7301,TRRUST
APC,AMHR2,0.6903,TRRUST
APC,BIRC5,0.6267,TRRUST
APC,DLG1,0.6053,TRRUST
APC,DNMT1,0.7733,TRRUST
APC,F8,0.6184,TRRUST
APC,KLF4,0.5858,TRRUST
APC,MYC,0.7714,TRRUST
APC,NOS2,0.8297,TRRUST
APC,ODC1,0.6916,TRRUST
APC,PTGS2,0.675,TRRUST
APC,SGK1,0.7058,TRRUST
APEX1,CCL2,0.8628,TRRUST
APEX1,CD19,0.8498,TRRUST
APEX1,CYP11B2,0.7612,TRRUST
APEX1,NFKB1,0.8592,TRRUST
APEX1,PTH,0.7009,TRRUST
APEX1,RELA,0.8797,TRRUST
APEX1,SLC5A5,0.8355,TRRUST
AR,ACTA1,0.9082,TRRUST
AR,AKR1C3,0.6782,TRRUST
AR,AKT1,0.9286,TRRUST
AR,ALDH1A3,0.6049,TRRUST
AR,ARG1,0.8419,TRRUST
AR,ARG2,0.8206,TRRUST
AR,ATAD2,0.6097,TRRUST
AR,BSG,0.5978,TRRUST
AR,BTG1,0.7502,TRRUST
AR,BTG2,0.7548,TRRUST
AR,CDK20,0.8281,TRRUST
AR,CDC6,0.8594,TRRUST
AR,CDH1,0.6827,TRRUST
AR,CDH11,0.6149,TRRUST
AR,CDH2,0.8886,TRRUST
AR,CDK6,0.5564,TRRUST
AR,CDKN1A,0.827,TRRUST
AR,CLK3,0.7042,TRRUST
AR,CRH,0.7058,TRRUST
AR,CRISP1,0.6003,TRRUST
AR,CRISP3,0.5901,TRRUST
AR,CTNNB1,0.9176,TRRUST
AR,CYP7B1,0.7219,TRRUST
AR,EGFR,0.8332,TRRUST
AR,ELK4,0.5985,TRRUST
AR,EP300,0.9037,TRRUST
AR,ERBB2,0.8817,TRRUST
AR,ERBB3,0.9048,TRRUST
AR,ETV1,0.8743,TRRUST
AR,FKBP4,0.5775,TRRUST
AR,FN1,0.567,TRRUST
AR,FOLH1,0.5228,TRRUST
AR,FOXA1,0.5319,TRRUST
AR,GNMT,0.5235,TRRUST
AR,GREB1,0.59,TRRUST
AR,GTF2F1,0.5546,TRRUST
AR,HMMR,0.5759,TRRUST
AR,HMOX1,0.9198,TRRUST
AR,IFI16,0.5474,TRRUST
AR,IGF1R,0.8651,TRRUST
AR,IGFBP3,0.6031,TRRUST
AR,JUN,0.8452,TRRUST
AR,KISS1,0.8285,TRRUST
AR,KISS1R,0.8519,TRRUST
AR,KLF5,0.5377,TRRUST
AR,KLK1,0.6223,TRRUST
AR,KLK2,0.6089,TRRUST
AR,KLK3,0.8897,TRRUST
AR,KLK4,0.6159,TRRUST
AR,MED1,0.6084,TRRUST
AR,MID1,0.5405,TRRUST
AR,MUC1,0.7682,TRRUST
AR,MYC,0.5793,TRRUST
AR,NAT1,0.9088,TRRUST
AR,NDRG1,0.6186,TRRUST
AR,NFKB1,0.705,TRRUST
AR,NKX3-1,0.8321,TRRUST
AR,NOV,0.5451,TRRUST
AR,NRAS,0.717,TRRUST
AR,PC,0.91,TRRUST
AR,PSCA,0.6147,TRRUST
AR,PEBP1,0.5208,TRRUST
AR,PIGR,0.5762,TRRUST
AR,PIP,0.5659,TRRUST
AR,PMEPA1,0.5444,TRRUST
AR,PNRC1,0.5332,TRRUST
AR,PTEN,0.8571,TRRUST
AR,PTGS2,0.7737,TRRUST
AR,PTPN1,0.5556,TRRUST
AR,RELA,0.7271,TRRUST
AR,REST,0.7473,TRRUST
AR,SEPT7,0.71,TRRUST
AR,SERPINB5,0.7769,TRRUST
AR,SESN1,0.6259,TRRUST
AR,SRD5A3,0.5477,TRRUST
AR,STIM1,0.5747,TRRUST
AR,TBP,0.5531,TRRUST
AR,TCF7L2,0.5513,TRRUST
AR,TGFA,0.8241,TRRUST
AR,TH,0.8871,TRRUST
AR,TJP1,0.8753,TRRUST
AR,TMPRSS2,0.8257,TRRUST
AR,TRPS1,0.5507,TRRUST
AR,TSC1,0.7699,TRRUST
AR,TSC2,0.6964,TRRUST
AR,UCN,0.6859,TRRUST
AR,UGT2B15,0.5738,TRRUST
AR,USP26,0.6284,TRRUST
AR,VEGFA,0.8466,TRRUST
AR,VIM,0.7439,TRRUST
AR,WEE1,0.7538,TRRUST
AR,WNT7B,0.8461,TRRUST
AR,XIAP,0.7501,TRRUST
ARID1A,CDKN1A,0.5605,TRRUST
ARID1A,IGH,0.8896,TRRUST
ARID1A,SMAD3,0.5897,TRRUST
ARID1B,IGH,0.8789,TRRUST
ARID3A,CDC6,0.5299,TRRUST
ARID3A,CDK1,0.6119,TRRUST
ARID3A,CR2,0.5553,TRRUST
ARID3A,E2F1,0.5405,TRRUST
ARID3A,PML,0.8245,TRRUST
ARID3A,RBL1,0.585,TRRUST
ARNT,AHR,0.5945,TRRUST
ARNT,BHLHE40,0.5218,TRRUST
ARNT,BRCA1,0.5763,TRRUST
ARNT,CA9,0.8449,TRRUST
ARNT,CCNE1,0.741,TRRUST
ARNT,CDK2,0.6892,TRRUST
ARNT,CTSD,0.596,TRRUST
ARNT,CYP1A1,0.8625,TRRUST
ARNT,CYP1B1,0.923,TRRUST
ARNT,EGLN2,0.5351,TRRUST
ARNT,EPO,0.8575,TRRUST
ARNT,ESR1,0.5325,TRRUST
ARNT,FOS,0.7717,TRRUST
ARNT,GAD1,0.6165,TRRUST
ARNT,HIF1A,0.8484,TRRUST
ARNT,JUN,0.7426,TRRUST
ARNT,MFSD2A,0.6099,TRRUST
ARNT,RELB,0.5811,TRRUST
ARNT,UGT1A6,0.5783,TRRUST
ARNT,VEGFA,0.5466,TRRUST
ARNTL,BHLHE40,0.8302,TRRUST
ARNTL,CRY1,0.9187,TRRUST
ARNTL,CRY2,0.919,TRRUST
ARNTL,PER1,0.8896,TRRUST
ARNTL,PER2,0.8573,TRRUST
ARNTL,PER3,0.8584,TRRUST
ARNTL2,SERPINE1,0.8999,TRRUST
ARX,KDM5C,0.6187,TRRUST
ARX,LMO1,0.6176,TRRUST
ARX,PAX4,0.6058,TRRUST
ARX,SHOX2,0.5906,TRRUST
ASCL1,CHRNA3,0.5293,TRRUST
ASCL1,CHRNA5,0.5378,TRRUST
ASCL1,CHRNB4,0.6188,TRRUST
ASCL1,DKK1,0.7367,TRRUST
ASCL1,IGF2,0.671,TRRUST
ASCL1,PCSK6,0.6812,TRRUST
ASCL1,TPH1,0.743,TRRUST
ASH1L,TGFB1,0.5206,TRRUST
ASH1L,TIMP1,0.5377,TRRUST
ASXL1,FABP4,0.5804,TRRUST
ATF1,BCL2,0.5961,TRRUST
ATF1,CCNA1,0.7417,TRRUST
ATF1,CFTR,0.8447,TRRUST
ATF1,CGA,0.5983,TRRUST
ATF1,CYP11B1,0.5461,TRRUST
ATF1,CYP11B2,0.5558,TRRUST
ATF1,ERBB2,0.6021,TRRUST
ATF1,FLT1,0.5915,TRRUST
ATF1,FTH1,0.9134,TRRUST
ATF1,GABPA,0.5923,TRRUST
ATF1,IL10,0.8825,TRRUST
ATF1,LDHA,0.5303,TRRUST
ATF1,MAP1LC3B,0.8604,TRRUST
ATF1,MITF,0.8492,TRRUST
ATF1,MUC2,0.5468,TRRUST
ATF1,NTS,0.627,TRRUST
ATF1,PCSK1,0.8632,TRRUST
ATF1,PLAUR,0.6181,TRRUST
ATF1,SLC20A1,0.8894,TRRUST
ATF1,SLC22A8,0.6074,TRRUST
ATF1,TGFB2,0.8753,TRRUST
ATF1,TH,0.5835,TRRUST
ATF1,TOP2A,0.5742,TRRUST
ATF1,USP7,0.5415,TRRUST
ATF2,APOC3,0.8995,TRRUST
ATF2,ATF3,0.8509,TRRUST
ATF2,CCND1,0.8227,TRRUST
ATF2,CDKN1A,0.591,TRRUST
ATF2,CYP11B1,0.5395,TRRUST
ATF2,CYP11B2,0.6235,TRRUST
ATF2,DUSP1,0.6249,TRRUST
ATF2,DUSP10,0.6206,TRRUST
ATF2,FAS,0.5607,TRRUST
ATF2,FASLG,0.5217,TRRUST
ATF2,FN1,0.6221,TRRUST
ATF2,KAT5,0.7171,TRRUST
ATF2,IFNB1,0.9263,TRRUST
ATF2,IFNG,0.926,TRRUST
ATF2,IMPDH2,0.6138,TRRUST
ATF2,INS,0.8524,TRRUST
ATF2,ITGB8,0.5624,TRRUST
ATF2,JUN,0.9136,TRRUST
ATF2,MAP3K1,0.5549,TRRUST
ATF2,MMP2,0.8386,TRRUST
ATF2,NOS3,0.7312,TRRUST
ATF2,PCK1,0.923,TRRUST
ATF2,PCK2,0.5966,TRRUST
ATF2,PLAT,0.8827,TRRUST
ATF2,PLAU,0.5307,TRRUST
ATF2,POLB,0.8877,TRRUST
ATF2,PTGS2,0.6289,TRRUST
ATF2,RELA,0.8354,TRRUST
ATF2,RETN,0.877,TRRUST
ATF2,ST3GAL5,0.9165,TRRUST
ATF2,TGFB2,0.7515,TRRUST
ATF2,TNF,0.8967,TRRUST
ATF3,ADIPOR1,0.7473,TRRUST
ATF3,ADIPOR2,0.7095,TRRUST
ATF3,AK4,0.5523,TRRUST
ATF3,ASNS,0.909,TRRUST
ATF3,CCL5,0.6091,TRRUST
ATF3,CD82,0.6154,TRRUST
ATF3,DDIT3,0.9205,TRRUST
ATF3,GDF15,0.8762,TRRUST
ATF3,ID1,0.7252,TRRUST
ATF3,IFNG,0.9078,TRRUST
ATF3,PCLAF,0.5915,TRRUST
ATF3,LDLR,0.7472,TRRUST
ATF3,MMP2,0.7575,TRRUST
ATF3,PENK,0.6179,TRRUST
ATF3,SELE,0.7072,TRRUST
ATF3,TP53,0.5613,TRRUST
ATF4,APOE,0.8303,TRRUST
ATF4,ASNS,0.8836,TRRUST
ATF4,ATF3,0.824,TRRUST
ATF4,ATG5,0.8712,TRRUST
ATF4,BGLAP,0.5797,TRRUST
ATF4,CA9,0.5515,TRRUST
ATF4,CCL2,0.585,TRRUST
ATF4,CEBPB,0.8234,TRRUST
ATF4,CHAC1,0.8241,TRRUST
ATF4,CXCL8,0.6105,TRRUST
ATF4,DDIT3,0.8596,TRRUST
ATF4,DDIT4,0.834,TRRUST
ATF4,DDR2,0.8774,TRRUST
ATF4,DISC1,0.6047,TRRUST
ATF4,F7,0.5437,TRRUST
ATF4,FGF19,0.8885,TRRUST
ATF4,FGF21,0.8294,TRRUST
ATF4,HRK,0.8257,TRRUST
ATF4,HSPA5,0.7284,TRRUST
ATF4,IGFBP1,0.8795,TRRUST
ATF4,IL6,0.5901,TRRUST
ATF4,IRF7,0.7499,TRRUST
ATF4,MAP1LC3B,0.9273,TRRUST
ATF4,MCL1,0.5768,TRRUST
ATF4,NDC80,0.8555,TRRUST
ATF4,NUPR1,0.9075,TRRUST
ATF4,PLAU,0.8498,TRRUST
ATF4,PTGS2,0.5683,TRRUST
ATF4,S100P,0.5286,TRRUST
ATF4,SIGMAR1,0.8228,TRRUST
ATF4,SIRT1,0.9259,TRRUST
ATF4,SIRT2,0.762,TRRUST
ATF4,TNFRSF10B,0.5966,TRRUST
ATF4,TRIB3,0.865,TRRUST
ATF4,VEGFA,0.8391,TRRUST
ATF5,BCL2,0.8372,TRRUST
ATF5,CCND3,0.8475,TRRUST
ATF5,CREB1,0.8804,TRRUST
ATF5,CYP2B6,0.8986,TRRUST
ATF5,DISC1,0.5926,TRRUST
ATF5,EGR1,0.5508,TRRUST
ATF5,ID1,0.775,TRRUST
ATF5,SH2D1A,0.6012,TRRUST
ATF6,ATP2A2,0.581,TRRUST
ATF6,BGLAP,0.5873,TRRUST
ATF6,DDIT3,0.5662,TRRUST
ATF6,DNAJC3,0.8473,TRRUST
ATF6,HSPA5,0.5592,TRRUST
ATF6,MAFA,0.7534,TRRUST
ATF6,NR0B2,0.8216,TRRUST
ATF6,NUCB1,0.8328,TRRUST
ATF6,PDX1,0.6751,TRRUST
ATF6,RTN3,0.8245,TRRUST
ATF6,SRF,0.6141,TRRUST
ATF6,STARD4,0.8974,TRRUST
ATF6,WBP1,0.8722,TRRUST
ATF6,XBP1,0.5308,TRRUST
ATF7,ERBB2,0.5741,TRRUST
ATF7,TAF12,0.8721,TRRUST
ATM,APLF,0.5391,TRRUST
ATM,BAX,0.8677,TRRUST
ATM,BCL2,0.7138,TRRUST
ATM,CDKN1A,0.5877,TRRUST
ATM,CFLAR,0.8899,TRRUST
ATM,DUSP1,0.825,TRRUST
ATM,FAS,0.8612,TRRUST
ATM,FOXM1,0.8888,TRRUST
ATM,GADD45A,0.8753,TRRUST
ATM,IGF1R,0.6142,TRRUST
ATM,KLRK1,0.8925,TRRUST
ATM,MCL1,0.8379,TRRUST
ATM,MTF1,0.5278,TRRUST
ATM,PBK,0.5907,TRRUST
ATM,PCNA,0.5229,TRRUST
ATM,PMAIP1,0.7344,TRRUST
ATM,PVR,0.9234,TRRUST
ATM,SLC2A1,0.7333,TRRUST
ATM,SP1,0.7127,TRRUST
ATM,TERF1,0.7408,TRRUST
ATM,TNFRSF10B,0.7204,TRRUST
ATM,VEGFA,0.73,TRRUST
ATOH1,HES6,0.9236,TRRUST
ATOH1,MUC2,0.8625,TRRUST
ATRX,HBA1,0.7757,TRRUST
ATRX,HBA2,0.7696,TRRUST
BACH1,HMOX1,0.8415,TRRUST
BACH1,MMP1,0.8276,TRRUST
BACH2,BCL2,0.5311,TRRUST
BACH2,IL2,0.522,TRRUST
BACH2,XBP1,0.6804,TRRUST
BARD1,ESR1,0.8951,TRRUST
BARX2,ESR1,0.5278,TRRUST
BATF,CD2,0.5551,TRRUST
BCL11A,GATA1,0.9129,TRRUST
BCL3,CTCF,0.6726,TRRUST
BCL3,EGFR,0.9096,TRRUST
BCL3,MYB,0.551,TRRUST
BCL3,NFKB1,0.683,TRRUST
BCL3,RELA,0.5966,TRRUST
BCL6,BCL2L1,0.7392,TRRUST
BCL6,BCL6,0.7665,TRRUST
BCL6,CCND2,0.7509,TRRUST
BCL6,CD80,0.7584,TRRUST
BCL6,CDKN1A,0.701,TRRUST
BCL6,CDKN2B,0.6895,TRRUST
BCL6,CHEK1,0.7526,TRRUST
BCL6,FCER2,0.7588,TRRUST
BCL6,HDAC7,0.779,TRRUST
BCL6,IRF4,0.7154,TRRUST
BCL6,LITAF,0.7109,TRRUST
BCL6,MYC,0.9054,TRRUST
BCL6,NFKB1,0.7075,TRRUST
BCL6,PDCD2,0.7724,TRRUST
BCL6,STAT3,0.6144,TRRUST
BCL6,SUMO1,0.7172,TRRUST
BCL6,XBP1,0.7526,TRRUST
BDP1,MYC,0.603,TRRUST
BDP1,RB1,0.5313,TRRUST
BDP1,TP53,0.6193,TRRUST
BHLHE41,CCND1,0.7256,TRRUST
BHLHE41,MLH1,0.7609,TRRUST
BIN1,MYC,0.5552,TRRUST
BMI1,TERT,0.7685,TRRUST
BPTF,HOXC8,0.5628,TRRUST
BRCA1,AREG,0.6712,TRRUST
BRCA1,ASPM,0.9196,TRRUST
BRCA1,ATM,0.83,TRRUST
BRCA1,BACH1,0.5551,TRRUST
BRCA1,BRCA2,0.6245,TRRUST
BRCA1,CASR,0.6246,TRRUST
BRCA1,CCNB1,0.5831,TRRUST
BRCA1,CCND1,0.5895,TRRUST
BRCA1,CDH3,0.7193,TRRUST
BRCA1,CDKN1A,0.8523,TRRUST
BRCA1,CDKN1B,0.8562,TRRUST
BRCA1,CTSD,0.744,TRRUST
BRCA1,CXCL1,0.7528,TRRUST
BRCA1,CYP19A1,0.9071,TRRUST
BRCA1,CYP1A1,0.6069,TRRUST
BRCA1,CYP1B1,0.53,TRRUST
BRCA1,DDB2,0.8744,TRRUST
BRCA1,DDIT3,0.8263,TRRUST
BRCA1,E2F6,0.7304,TRRUST
BRCA1,EGFR,0.7186,TRRUST
BRCA1,EGR1,0.6176,TRRUST
BRCA1,EP300,0.8586,TRRUST
BRCA1,ESR1,0.8329,TRRUST
BRCA1,FOS,0.5357,TRRUST
BRCA1,FOXC1,0.7538,TRRUST
BRCA1,FOXC2,0.738,TRRUST
BRCA1,FST,0.8311,TRRUST
BRCA1,GADD45A,0.8293,TRRUST
BRCA1,HIF1A,0.5971,TRRUST
BRCA1,HMGA2,0.678,TRRUST
BRCA1,HNRNPA2B1,0.7604,TRRUST
BRCA1,HSPA5,0.7477,TRRUST
BRCA1,IFNA1,0.8289,TRRUST
BRCA1,IGF1,0.6793,TRRUST
BRCA1,IGF1R,0.6285,TRRUST
BRCA1,IRF7,0.8612,TRRUST
BRCA1,IRF9,0.8608,TRRUST
BRCA1,JAK1,0.6094,TRRUST
BRCA1,JAK2,0.6242,TRRUST
BRCA1,KHSRP,0.7785,TRRUST
BRCA1,KRT17,0.6029,TRRUST
BRCA1,KRT18,0.5614,TRRUST
BRCA1,KRT5,0.5292,TRRUST
BRCA1,MAD2L1,0.9055,TRRUST
BRCA1,MDC1,0.5814,TRRUST
BRCA1,MDM2,0.8667,TRRUST
BRCA1,MYC,0.6197,TRRUST
BRCA1,RNASEL,0.8322,TRRUST
BRCA1,S100A2,0.8742,TRRUST
BRCA1,SIRT1,0.8212,TRRUST
BRCA1,STAT1,0.8716,TRRUST
BRCA1,STAT2,0.8262,TRRUST
BRCA1,STAT3,0.5331,TRRUST
BRCA1,TFF1,0.6829,TRRUST
BRCA1,TP63,0.5914,TRRUST
BRCA1,VEGFA,0.9021,TRRUST
BRCA1,XPC,0.5842,TRRUST
BRCA2,DMC1,0.6258,TRRUST
BRCA2,PSMD3,0.5612,TRRUST
BRCA2,PSMD6,0.5514,TRRUST
BRCA2,RAD51,0.6155,TRRUST
BRD7,BRD2,0.8446,TRRUST
BRD7,BRD3,0.926,TRRUST
BRD7,E2F3,0.6713,TRRUST
BRIP1,BARD1,0.6267,TRRUST
BRIP1,MLH1,0.5247,TRRUST
BRPF1,ING5,0.618,TRRUST
BRPF1,MEAF6,0.578,TRRUST
BTAF1,DR1,0.7792,TRRUST
BTAF1,TBP,0.6781,TRRUST
BTF3,ABL2,0.8809,TRRUST
BTF3,ATM,0.9266,TRRUST
BTF3,EPHB2,0.8775,TRRUST
BTF3,HPSE2,0.8892,TRRUST
BTF3,MADCAM1,0.7465,TRRUST
BTF3,MRVI1,0.72,TRRUST
BTF3,NFKB1,0.739,TRRUST
BTF3,RRAS2,0.7343,TRRUST
BTF3,SSPN,0.7691,TRRUST
BTG2,CCND1,0.675,TRRUST
BTG2,HRAS,0.7009,TRRUST
BTG2,KLK3,0.7745,TRRUST
BTG2,SPHK1,0.9179,TRRUST
CBFA2T3,TCF12,0.5701,TRRUST
CBFA2T3,ZNF652,0.7382,TRRUST
CBFB,GATA1,0.5505,TRRUST
CBFB,RUNX1,0.5407,TRRUST
CBFB,RUNX2,0.571,TRRUST
CBFB,RUNX3,0.5589,TRRUST
CBX7,CCNE1,0.7342,TRRUST
CBX7,CDH1,0.8286,TRRUST
CBX8,CDKN1A,0.7772,TRRUST
CDC5L,PLRG1,0.6285,TRRUST
CDCA7L,MAOB,0.7468,TRRUST
CDX1,DSC2,0.579,TRRUST
CDX1,IRF2BP2,0.554,TRRUST
CDX1,KRT20,0.6095,TRRUST
CDX1,PCNA,0.8953,TRRUST
CDX1,POSTN,0.5379,TRRUST
CDX1,PPARG,0.9202,TRRUST
CDX1,PTGS2,0.9105,TRRUST
CDX1,TBP,0.6245,TRRUST
CDX2,ABCB1,0.5998,TRRUST
CDX2,ACAT2,0.8875,TRRUST
CDX2,APC,0.866,TRRUST
CDX2,AXIN2,0.9226,TRRUST
CDX2,CDH17,0.9153,TRRUST
CDX2,CDKN1A,0.825,TRRUST
CDX2,CFTR,0.8229,TRRUST
CDX2,DSC2,0.5614,TRRUST
CDX2,ELMO3,0.9092,TRRUST
CDX2,FUT2,0.9286,TRRUST
CDX2,GSK3B,0.5365,TRRUST
CDX2,GSPT1,0.5854,TRRUST
CDX2,GSTP1,0.5619,TRRUST
CDX2,GUCY2C,0.6267,TRRUST
CDX2,HEPH,0.9126,TRRUST
CDX2,IGFBP3,0.7622,TRRUST
CDX2,KLF4,0.8716,TRRUST
CDX2,LCT,0.8656,TRRUST
CDX2,MEP1A,0.8501,TRRUST
CDX2,MUC17,0.5262,TRRUST
CDX2,MUC2,0.9151,TRRUST
CDX2,PTGS2,0.7594,TRRUST
CDX2,REG4,0.63,TRRUST
CDX2,SLC15A1,0.9296,TRRUST
CDX2,SLC9A2,0.5811,TRRUST
CDX2,SP1,0.6046,TRRUST
CDX2,TFF3,0.9239,TRRUST
CDX2,UGT1A10,0.9135,TRRUST
CDX2,UGT1A8,0.8472,TRRUST
CDX2,UGT2B15,0.5696,TRRUST
CDX2,UGT2B17,0.5342,TRRUST
CDX2,VDR,0.6249,TRRUST
CEBPA,AFP,0.5867,TRRUST
CEBPA,ALB,0.5452,TRRUST
CEBPA,BCL2,0.7439,TRRUST
CEBPA,CCL2,0.888,TRRUST
CEBPA,CD163,0.5594,TRRUST
CEBPA,CRMP1,0.5325,TRRUST
CEBPA,CSF1,0.5939,TRRUST
CEBPA,CSF2RA,0.5772,TRRUST
CEBPA,CSF3R,0.905,TRRUST
CEBPA,CXCR2,0.5772,TRRUST
CEBPA,CYP3A4,0.6137,TRRUST
CEBPA,DEFA1,0.5807,TRRUST
CEBPA,DEFA3,0.5817,TRRUST
CEBPA,ELANE,0.9164,TRRUST
CEBPA,F9,0.8644,TRRUST
CEBPA,FN1,0.5347,TRRUST
CEBPA,GAPDH,0.5232,TRRUST
CEBPA,HAMP,0.9031,TRRUST
CEBPA,HK3,0.5882,TRRUST
CEBPA,HOMER3,0.5974,TRRUST
CEBPA,HSD17B11,0.8434,TRRUST
CEBPA,HSPA4,0.835,TRRUST
CEBPA,ICAM1,0.5216,TRRUST
CEBPA,ID1,0.5586,TRRUST
CEBPA,IGF1,0.8849,TRRUST
CEBPA,IGF2,0.5631,TRRUST
CEBPA,IL10,0.5681,TRRUST
CEBPA,IL3,0.6195,TRRUST
CEBPA,IL5,0.5583,TRRUST
CEBPA,IL6,0.5765,TRRUST
CEBPA,INSR,0.9062,TRRUST
CEBPA,ITGAX,0.8636,TRRUST
CEBPA,LEP,0.8884,TRRUST
CEBPA,MAD1L1,0.6149,TRRUST
CEBPA,MSR1,0.6244,TRRUST
CEBPA,MYC,0.6862,TRRUST
CEBPA,PCK1,0.6219,TRRUST
CEBPA,PCK2,0.5741,TRRUST
CEBPA,PRL,0.5484,TRRUST
CEBPA,S100A9,0.8705,TRRUST
CEBPA,SAA1,0.6278,TRRUST
CEBPA,SERPINC1,0.8742,TRRUST
CEBPA,SFTPD,0.8562,TRRUST
CEBPA,SLC10A1,0.5897,TRRUST
CEBPA,SOCS3,0.8464,TRRUST
CEBPA,SPI1,0.5283,TRRUST
CEBPA,SPP1,0.8342,TRRUST
CEBPA,STAR,0.8341,TRRUST
CEBPA,STAT3,0.5367,TRRUST
CEBPA,TLR9,0.5353,TRRUST
CEBPA,VLDLR,0.5905,TRRUST
CEBPB,ABCB1,0.84,TRRUST
CEBPB,ADM,0.858,TRRUST
CEBPB,ALB,0.6186,TRRUST
CEBPB,ASNS,0.5721,TRRUST
CEBPB,BCL2L1,0.5934,TRRUST
CEBPB,BTS1,0.539,TRRUST
CEBPB,CDKN1A,0.8412,TRRUST
CEBPB,CR2,0.5245,TRRUST
CEBPB,CRP,0.8386,TRRUST
CEBPB,CSF3R,0.8506,TRRUST
CEBPB,CSH1,0.5395,TRRUST
CEBPB,CSH2,0.5298,TRRUST
CEBPB,CSRP1,0.8333,TRRUST
CEBPB,CXCL8,0.8707,TRRUST
CEBPB,CYP19A1,0.6927,TRRUST
CEBPB,DAPK1,0.5601,TRRUST
CEBPB,DDIT3,0.5754,TRRUST
CEBPB,F8,0.5959,TRRUST
CEBPB,FASLG,0.5243,TRRUST
CEBPB,FURIN,0.9079,TRRUST
CEBPB,GADD45G,0.5891,TRRUST
CEBPB,GDF15,0.829,TRRUST
CEBPB,GFER,0.7661,TRRUST
CEBPB,GNLY,0.6213,TRRUST
CEBPB,HBB,0.5267,TRRUST
CEBPB,HP,0.5505,TRRUST
CEBPB,HSF1,0.6087,TRRUST
CEBPB,IL10,0.6023,TRRUST
CEBPB,IL13,0.5403,TRRUST
CEBPB,IL1B,0.843,TRRUST
CEBPB,IL24,0.5608,TRRUST
CEBPB,IL3,0.5733,TRRUST
CEBPB,IL4,0.888,TRRUST
CEBPB,IL5,0.5606,TRRUST
CEBPB,IL6,0.8709,TRRUST
CEBPB,INSR,0.9022,TRRUST
CEBPB,IRF4,0.824,TRRUST
CEBPB,MAD1L1,0.5478,TRRUST
CEBPB,MMP1,0.5985,TRRUST
CEBPB,OXTR,0.9185,TRRUST
CEBPB,PCK2,0.8763,TRRUST
CEBPB,PLAC1,0.5785,TRRUST
CEBPB,PRDM1,0.8318,TRRUST
CEBPB,PRL,0.5692,TRRUST
CEBPB,PRSS50,0.8786,TRRUST
CEBPB,PTGS2,0.8467,TRRUST
CEBPB,PTPN13,0.5496,TRRUST
CEBPB,S100A9,0.8615,TRRUST
CEBPB,SAA1,0.5222,TRRUST
CEBPB,SAA2,0.8554,TRRUST
CEBPB,SFTPD,0.8433,TRRUST
CEBPB,SLC10A1,0.556,TRRUST
CEBPB,SLC19A1,0.8332,TRRUST
CEBPB,SLC5A8,0.918,TRRUST
CEBPB,STAR,0.8853,TRRUST
CEBPB,TFF3,0.5947,TRRUST
CEBPB,TNF,0.6068,TRRUST
CEBPB,TNFAIP6,0.8748,TRRUST
CEBPB,TOP1,0.5296,TRRUST
CEBPB,XBP1,0.8791,TRRUST
CEBPD,C3,0.5846,TRRUST
CEBPD,CASP8,0.602,TRRUST
CEBPD,CCL20,0.8675,TRRUST
CEBPD,CXCL1,0.834,TRRUST
CEBPD,CYP19A1,0.7012,TRRUST
CEBPD,DDIT3,0.8599,TRRUST
CEBPD,GADD45G,0.5911,TRRUST
CEBPD,GAPDH,0.5828,TRRUST
CEBPD,IL23A,0.8592,TRRUST
CEBPD,PDGFRA,0.6285,TRRUST
CEBPD,POU5F1,0.8866,TRRUST
CEBPD,PPARG,0.8461,TRRUST
CEBPD,PRL,0.5312,TRRUST
CEBPD,PTGS2,0.5368,TRRUST
CEBPD,SOD1,0.8471,TRRUST
CEBPD,TNF,0.5377,TRRUST
CEBPD,TNFAIP6,0.8405,TRRUST
CEBPE,CTSG,0.5514,TRRUST
CEBPE,GATA1,0.6891,TRRUST
CEBPE,LTF,0.6186,TRRUST
CEBPE,MMP2,0.5288,TRRUST
CEBPE,MYC,0.7277,TRRUST
CEBPE,PRG2,0.7151,TRRUST
CEBPE,SPI1,0.7781,TRRUST
CEBPG,HBB,0.5323,TRRUST
CEBPG,SFTPD,0.8638,TRRUST
CEBPZ,APC,0.9266,TRRUST
CEBPZ,COL11A1,0.7652,TRRUST
CEBPZ,COL1A2,0.6099,TRRUST
CEBPZ,GZMB,0.5484,TRRUST
CEBPZ,MLH1,0.6888,TRRUST
CEBPZ,SOX9,0.5936,TRRUST
CHD4,CD79A,0.7722,TRRUST
CHD4,RNF8,0.5812,TRRUST
CHD8,BRCA1,0.5829,TRRUST
CHD8,CCNE2,0.8508,TRRUST
CHD8,HOXA2,0.6046,TRRUST
CHD8,MYC,0.5406,TRRUST
CHD8,TYMS,0.5556,TRRUST
CIITA,COL1A1,0.7168,TRRUST
CIITA,COL1A2,0.7258,TRRUST
CIITA,CREBBP,0.5467,TRRUST
CIITA,FASLG,0.5326,TRRUST
CIITA,HLA-A,0.8872,TRRUST
CIITA,HLA-B,0.8517,TRRUST
CIITA,HLA-C,0.8839,TRRUST
CIITA,HLA-DMA,0.837,TRRUST
CIITA,HLA-DMB,0.8729,TRRUST
CIITA,HLA-DOA,0.8786,TRRUST
CIITA,HLA-DOB,0.8257,TRRUST
CIITA,HLA-DPB1,0.557,TRRUST
CIITA,HLA-DQB1,0.5348,TRRUST
CIITA,HLA-DRA,0.827,TRRUST
CIITA,HLA-DRB1,0.6289,TRRUST
CIITA,HLA-DRB3,0.5555,TRRUST
CIITA,HLA-DRB4,0.6091,TRRUST
CIITA,HLA-DRB5,0.548,TRRUST
CIITA,HLA-F,0.595,TRRUST
CIITA,HLA-G,0.6036,TRRUST
CIITA,IL4,0.8855,TRRUST
CIITA,IRF1,0.5719,TRRUST
CIITA,IRF2,0.5653,TRRUST
CIITA,MMP9,0.7084,TRRUST
CIITA,PLXNA1,0.6222,TRRUST
CIITA,PSMC5,0.9114,TRRUST
CIITA,RAB4B,0.6262,TRRUST
CIITA,S100A4,0.6837,TRRUST
CIITA,SIRT1,0.7504,TRRUST
CIITA,SLC26A3,0.6232,TRRUST
CIITA,STAT1,0.5399,TRRUST
CITED2,MMP1,0.6773,TRRUST
CITED2,MMP13,0.7515,TRRUST
CLOCK,BHLHE40,0.8832,TRRUST
CLOCK,BHLHE41,0.9126,TRRUST
CLOCK,CRY1,0.8354,TRRUST
CLOCK,CRY2,0.9075,TRRUST
CLOCK,DEC1,0.8422,TRRUST
CLOCK,KAT5,0.538,TRRUST
CLOCK,NAMPT,0.8381,TRRUST
CLOCK,NR0B2,0.9096,TRRUST
CLOCK,NR3C1,0.7432,TRRUST
CLOCK,PER1,0.8775,TRRUST
CLOCK,PER2,0.8595,TRRUST
CLOCK,PER3,0.9165,TRRUST
CLOCK,STAR,0.8632,TRRUST
CLOCK,TPO,0.6098,TRRUST
CNBP,MYC,0.5683,TRRUST
CNOT7,MSMB,0.5615,TRRUST
CNOT7,PMP22,0.5709,TRRUST
CNOT8,MSMB,0.5532,TRRUST
CNOT8,PMP22,0.6022,TRRUST
COPS5,CDKN1B,0.7253,TRRUST
COPS5,VEGFA,0.8455,TRRUST
CRABP2,RARA,0.919,TRRUST
CREB1,ACACA,0.8622,TRRUST
CREB1,ADRA1A,0.5798,TRRUST
CREB1,AQP3,0.6197,TRRUST
CREB1,AR,0.5887,TRRUST
CREB1,BCL2,0.8329,TRRUST
CREB1,BCL2L11,0.6234,TRRUST
CREB1,BDKRB1,0.589,TRRUST
CREB1,BDKRB2,0.5568,TRRUST
CREB1,BDNF,0.8353,TRRUST
CREB1,CASP8,0.9073,TRRUST
CREB1,CCK,0.5882,TRRUST
CREB1,CCL5,0.5787,TRRUST
CREB1,CD4,0.6183,TRRUST
CREB1,CGA,0.6067,TRRUST
CREB1,CRTC1,0.5367,TRRUST
CREB1,CXCR4,0.5543,TRRUST
CREB1,CYP11A1,0.5473,TRRUST
CREB1,CYP11B1,0.6018,TRRUST
CREB1,CYP11B2,0.5237,TRRUST
CREB1,CYP17A1,0.5827,TRRUST
CREB1,CYP19A1,0.9039,TRRUST
CREB1,ERBB2,0.6164,TRRUST
CREB1,ETV3,0.8576,TRRUST
CREB1,FLT1,0.6103,TRRUST
CREB1,FOS,0.5322,TRRUST
CREB1,FOXA1,0.6131,TRRUST
CREB1,GABPA,0.534,TRRUST
CREB1,GRPR,0.8637,TRRUST
CREB1,GSK3A,0.6077,TRRUST
CREB1,GSK3B,0.5365,TRRUST
CREB1,HLA-DOB,0.5452,TRRUST
CREB1,HLA-DQB1,0.5994,TRRUST
CREB1,HMOX1,0.7492,TRRUST
CREB1,HPGD,0.5905,TRRUST
CREB1,IFNG,0.8963,TRRUST
CREB1,IL10,0.8797,TRRUST
CREB1,IL2,0.5477,TRRUST
CREB1,IL5RA,0.558,TRRUST
CREB1,IL6,0.84,TRRUST
CREB1,JUN,0.7699,TRRUST
CREB1,LAPTM4B,0.5842,TRRUST
CREB1,LYL1,0.8641,TRRUST
CREB1,MC2R,0.8708,TRRUST
CREB1,MITF,0.9242,TRRUST
CREB1,MMP2,0.5369,TRRUST
CREB1,MSMB,0.5845,TRRUST
CREB1,MUC4,0.8756,TRRUST
CREB1,MUC5AC,0.8873,TRRUST
CREB1,NDC80,0.822,TRRUST
CREB1,NF1,0.6159,TRRUST
CREB1,NMNAT2,0.6225,TRRUST
CREB1,NOLC1,0.8822,TRRUST
CREB1,NPY,0.5966,TRRUST
CREB1,NR2F1,0.7715,TRRUST
CREB1,NR2F6,0.7478,TRRUST
CREB1,NR4A3,0.5368,TRRUST
CREB1,NR5A2,0.8834,TRRUST
CREB1,NRF1,0.5867,TRRUST
CREB1,NTS,0.5667,TRRUST
CREB1,ODC1,0.601,TRRUST
CREB1,PCSK1,0.9228,TRRUST
CREB1,PLAT,0.7718,TRRUST
CREB1,PLAU,0.5696,TRRUST
CREB1,POLD2,0.5325,TRRUST
CREB1,PPM1D,0.6283,TRRUST
CREB1,PPP2CA,0.9123,TRRUST
CREB1,PPP2R2B,0.8337,TRRUST
CREB1,PRL,0.6213,TRRUST
CREB1,PSEN1,0.9157,TRRUST
CREB1,PTGES,0.5771,TRRUST
CREB1,PTGS2,0.885,TRRUST
CREB1,RP1,0.5639,TRRUST
CREB1,RRM2B,0.526,TRRUST
CREB1,SLC19A1,0.5569,TRRUST
CREB1,SLC20A1,0.9083,TRRUST
CREB1,SLC22A8,0.5205,TRRUST
CREB1,SLC39A1,0.5567,TRRUST
CREB1,SMAD6,0.8638,TRRUST
CREB1,SNAI1,0.7291,TRRUST
CREB1,SNAI2,0.7712,TRRUST
CREB1,SOX9,0.5581,TRRUST
CREB1,SPRY2,0.5582,TRRUST
CREB1,STMN1,0.6011,TRRUST
CREB1,TH,0.5697,TRRUST
CREB1,TLR9,0.5447,TRRUST
CREB1,TRH,0.5698,TRRUST
CREB1,UXT,0.8355,TRRUST
CREB1,VIP,0.5394,TRRUST
CREB1,XPC,0.5748,TRRUST
CREB3,CXCR4,0.8661,TRRUST
CREB3L1,SLC1A4,0.7706,TRRUST
CREB3L4,DNAJC12,0.5599,TRRUST
CREB5,ATP6V0E1,0.8839,TRRUST
CREB5,CFB,0.8895,TRRUST
CREB5,DGKG,0.8214,TRRUST
CREB5,LGALS3BP,0.743,TRRUST
CREB5,LY96,0.6896,TRRUST
CREB5,MAPKAPK3,0.9257,TRRUST
CREB5,MX1,0.8364,TRRUST
CREB5,RASGRP3,0.7156,TRRUST
CREB5,RDX,0.6794,TRRUST
CREB5,STAT1,0.7797,TRRUST
CREB5,TGFBR3,0.8752,TRRUST
CREB5,TNFRSF11B,0.7355,TRRUST
CREBBP,ALOX15,0.8274,TRRUST
CREBBP,BRCA1,0.6025,TRRUST
CREBBP,CCK,0.5431,TRRUST
CREBBP,CDKN1A,0.9188,TRRUST
CREBBP,CREB1,0.8426,TRRUST
CREBBP,CSF2,0.541,TRRUST
CREBBP,EGFR,0.524,TRRUST
CREBBP,EP300,0.5719,TRRUST
CREBBP,EZH2,0.5821,TRRUST
CREBBP,HINFP,0.8272,TRRUST
CREBBP,HOXA10,0.9053,TRRUST
CREBBP,HOXA9,0.8699,TRRUST
CREBBP,IL4,0.8777,TRRUST
CREBBP,INSM1,0.8685,TRRUST
CREBBP,IRF1,0.8641,TRRUST
CREBBP,PCK2,0.5816,TRRUST
CREBBP,PPARA,0.5371,TRRUST
CREBBP,PSMC5,0.84,TRRUST
CREBBP,PTGS2,0.6148,TRRUST
CREBBP,RAD51,0.6241,TRRUST
CREBBP,RARA,0.5611,TRRUST
CREBBP,RS1,0.5498,TRRUST
CREBBP,S100A4,0.5908,TRRUST
CREBBP,TP53,0.565,TRRUST
CREBBP,TRIM22,0.5228,TRRUST
CREG1,HSPA4,0.6872,TRRUST
CREM,ACE,0.8988,TRRUST
CREM,ACR,0.5925,TRRUST
CREM,FHL5,0.523,TRRUST
CREM,CCL4,0.6944,TRRUST
CREM,CCNA1,0.5454,TRRUST
CREM,CCNA2,0.7439,TRRUST
CREM,CD247,0.6722,TRRUST
CREM,CREB1,0.6815,TRRUST
CREM,DUSP1,0.758,TRRUST
CREM,DUSP4,0.6896,TRRUST
CREM,FASLG,0.7418,TRRUST
CREM,FOS,0.6962,TRRUST
CREM,G6PD,0.6809,TRRUST
CREM,GPX4,0.5467,TRRUST
CREM,IL2,0.7494,TRRUST
CREM,IL5RA,0.6141,TRRUST
CREM,LDHC,0.6113,TRRUST
CREM,MC2R,0.8637,TRRUST
CREM,PLAT,0.5935,TRRUST
CREM,SLC5A5,0.8425,TRRUST
CREM,STAR,0.5522,TRRUST
CREM,TAF4,0.6186,TRRUST
CREM,TBP,0.5214,TRRUST
CREM,TH,0.5294,TRRUST
CREM,ZAP70,0.5429,TRRUST
CREB1,IBSP,0.5229,TRRUST
CRTC1,PPARGC1A,0.84,TRRUST
CRX,BEST1,0.8841,TRRUST
CRX,NR2E3,0.8664,TRRUST
CRX,RBP3,0.9182,TRRUST
CRX,RHO,0.7599,TRRUST
CRX,RS1,0.8576,TRRUST
CTBP1,BRCA1,0.6985,TRRUST
CTBP1,BRCA2,0.7118,TRRUST
CTBP1,CLDN7,0.7349,TRRUST
CTBP1,KRT18,0.5495,TRRUST
CTCF,ANG,0.5887,TRRUST
CTCF,APP,0.865,TRRUST
CTCF,ASAP2,0.5807,TRRUST
CTCF,ATXN7,0.568,TRRUST
CTCF,BBC3,0.5524,TRRUST
CTCF,BCL6,0.7743,TRRUST
CTCF,BRCA1,0.604,TRRUST
CTCF,CCND1,0.5354,TRRUST
CTCF,CELSR3,0.6155,TRRUST
CTCF,CSF2,0.5736,TRRUST
CTCF,DMPK,0.6184,TRRUST
CTCF,ETNK2,0.608,TRRUST
CTCF,H19,0.5668,TRRUST
CTCF,PBXIP1,0.5225,TRRUST
CTCF,IGF2,0.5496,TRRUST
CTCF,IPO13,0.5796,TRRUST
CTCF,IRAK2,0.5897,TRRUST
CTCF,MEG3,0.5484,TRRUST
CTCF,MYC,0.8353,TRRUST
CTCF,NANOG,0.6118,TRRUST
CTCF,NF1,0.6283,TRRUST
CTCF,PAX6,0.8778,TRRUST
CTCF,PTPRG,0.5389,TRRUST
CTCF,RAD21,0.55,TRRUST
CTCF,RARRES1,0.822,TRRUST
CTCF,RBL2,0.6206,TRRUST
CTCF,SIX5,0.533,TRRUST
CTCF,SLC6A4,0.5834,TRRUST
CTCF,TERT,0.7001,TRRUST
CTCF,WT1,0.581,TRRUST
CTCFL,BAG1,0.8917,TRRUST
CTNNB1,AR,0.6113,TRRUST
CTNNB1,BIRC5,0.5427,TRRUST
CTNNB1,CCND1,0.8212,TRRUST
CTNNB1,CD44,0.5351,TRRUST
CTNNB1,CHGA,0.619,TRRUST
CTNNB1,CLDN2,0.9161,TRRUST
CTNNB1,FST,0.5857,TRRUST
CTNNB1,GLCE,0.5861,TRRUST
CTNNB1,GLI2,0.5932,TRRUST
CTNNB1,JUN,0.8393,TRRUST
CTNNB1,MMP14,0.9206,TRRUST
CTNNB1,MMP7,0.8661,TRRUST
CTNNB1,MYC,0.8621,TRRUST
CTNNB1,NCOA2,0.5771,TRRUST
CTNNB1,NRCAM,0.5252,TRRUST
CTNNB1,PLD1,0.8383,TRRUST
CTNNB1,PPARD,0.6012,TRRUST
CTNNB1,PTGS2,0.5291,TRRUST
CTNNB1,RB1,0.7363,TRRUST
CTNNB1,STARD7,0.847,TRRUST
CTNNB1,TCF7,0.5628,TRRUST
CTNNB1,VIM,0.8518,TRRUST
CTNNBIP1,GLI2,0.5591,TRRUST
CTNNBIP1,MMP14,0.5991,TRRUST
CTNNBIP1,STMN2,0.5527,TRRUST
CUX1,CDKN1B,0.5823,TRRUST
CUX1,CFTR,0.5724,TRRUST
CUX1,CR2,0.593,TRRUST
CUX1,CYBB,0.9231,TRRUST
CUX1,ECT2,0.6006,TRRUST
CUX1,FTO,0.5436,TRRUST
CUX1,RACGAP1,0.5234,TRRUST
CUX1,WNT5A,0.8488,TRRUST
DACH1,FOS,0.7355,TRRUST
DACH1,PELP1,0.5257,TRRUST
DACH1,TNFSF11,0.7246,TRRUST
DAXX,AIRE,0.7357,TRRUST
DBP,ACKR1,0.5568,TRRUST
DBP,ALDOB,0.9048,TRRUST
DBP,CYP3A4,0.8317,TRRUST
DBP,CYP7A1,0.8283,TRRUST
DDB1,CDKN2A,0.6001,TRRUST
DDB2,BCL2,0.7245,TRRUST
DDB2,SOD2,0.7457,TRRUST
DDB2,XPA,0.5678,TRRUST
DDIT3,ANKRD1,0.6971,TRRUST
DDIT3,ASNS,0.7601,TRRUST
DDIT3,ATF2,0.7579,TRRUST
DDIT3,ATF5,0.7464,TRRUST
DDIT3,ATG5,0.8499,TRRUST
DDIT3,CDK2,0.5849,TRRUST
DDIT3,CEBPA,0.7097,TRRUST
DDIT3,CXCL8,0.5301,TRRUST
DDIT3,IL6,0.9209,TRRUST
DDIT3,MAP1LC3B,0.8351,TRRUST
DDIT3,MCL1,0.6245,TRRUST
DDIT3,NOS3,0.7191,TRRUST
DDIT3,RTN3,0.8404,TRRUST
DDIT3,SIRT1,0.7296,TRRUST
DDIT3,SIRT2,0.766,TRRUST
DDIT3,TF,0.6005,TRRUST
DDIT3,TNFRSF10B,0.9087,TRRUST
DDIT3,TRIB3,0.8925,TRRUST
DDX5,H19,0.5962,TRRUST
DDX5,IGF2,0.6134,TRRUST
DEAF1,GDF5,0.5475,TRRUST
DEAF1,HTR1A,0.7238,TRRUST
DEDD,CFLAR,0.5443,TRRUST
DEDD,FADD,0.6286,TRRUST
DEK,BCL2,0.9238,TRRUST
DEK,BIRC3,0.5243,TRRUST
DEK,CXCL8,0.5976,TRRUST
DEK,HLA-DQB1,0.6218,TRRUST
DEK,PRDX5,0.6899,TRRUST
DENND4A,ERBB2,0.7325,TRRUST
DLX3,CGA,0.9207,TRRUST
DLX4,BRCA1,0.6737,TRRUST
DLX5,IBSP,0.8967,TRRUST
DLX5,IGFBP3,0.5527,TRRUST
DLX5,IRS2,0.9217,TRRUST
DLX5,MYC,0.9268,TRRUST
DMAP1,ATM,0.6239,TRRUST
DMAP1,BAX,0.5722,TRRUST
DMAP1,CDKN1A,0.6148,TRRUST
DMAP1,DNMT1,0.6129,TRRUST
DNMT1,BAG1,0.5551,TRRUST
DNMT1,BIRC5,0.7612,TRRUST
DNMT1,BMP2,0.6741,TRRUST
DNMT1,CASP8,0.7356,TRRUST
DNMT1,CDH1,0.6953,TRRUST
DNMT1,CDKN2A,0.6833,TRRUST
DNMT1,CDKN2B,0.5285,TRRUST
DNMT1,CXCR4,0.7466,TRRUST
DNMT1,EPCAM,0.5574,TRRUST
DNMT1,ESR1,0.5997,TRRUST
DNMT1,GAD1,0.6772,TRRUST
DNMT1,HDAC1,0.5547,TRRUST
DNMT1,IL3,0.7293,TRRUST
DNMT1,IL32,0.757,TRRUST
DNMT1,KIR2DL3,0.5551,TRRUST
DNMT1,MBD2,0.7388,TRRUST
DNMT1,MGMT,0.6175,TRRUST
DNMT1,MSH2,0.8877,TRRUST
DNMT1,PROM1,0.5456,TRRUST
DNMT1,RASSF1,0.5227,TRRUST
DNMT1,RB1,0.7657,TRRUST
DNMT1,RELN,0.6723,TRRUST
DNMT1,RGS10,0.6162,TRRUST
DNMT1,RUNX3,0.5782,TRRUST
DNMT1,SFRP1,0.6233,TRRUST
DNMT1,SFRP5,0.6079,TRRUST
DNMT1,TERT,0.9298,TRRUST
DNMT1,TIMP3,0.7086,TRRUST
DNMT1,TNFRSF10B,0.7544,TRRUST
DNMT1,TP53,0.5642,TRRUST
DNMT1,VEGFA,0.8728,TRRUST
DNMT3A,CDH6,0.739,TRRUST
DNMT3A,CDKN1A,0.6161,TRRUST
DNMT3A,CDKN2A,0.6282,TRRUST
DNMT3A,IGFBP3,0.7545,TRRUST
DNMT3A,JUP,0.566,TRRUST
DNMT3A,POU5F1,0.5663,TRRUST
DNMT3A,SETDB1,0.6011,TRRUST
DNMT3A,SFRP1,0.5463,TRRUST
DNMT3A,SFRP5,0.5322,TRRUST
DNMT3L,TDG,0.709,TRRUST
DR1,NR1I2,0.8516,TRRUST
DR1,NR2C2,0.5526,TRRUST
DR1,PTGS2,0.8457,TRRUST
DR1,TBP,0.6746,TRRUST
DRAP1,TBP,0.522,TRRUST
DUX4,HEY1,0.9286,TRRUST
E2F1,ABCB1,0.8671,TRRUST
E2F1,APAF1,0.8623,TRRUST
E2F1,AR,0.8948,TRRUST
E2F1,ASF1B,0.844,TRRUST
E2F1,ATAD2,0.6245,TRRUST
E2F1,ATG5,0.9065,TRRUST
E2F1,ATM,0.8298,TRRUST
E2F1,AURKA,0.8659,TRRUST
E2F1,AURKB,0.6167,TRRUST
E2F1,BBC3,0.9239,TRRUST
E2F1,BCL2,0.8714,TRRUST
E2F1,BIRC5,0.8875,TRRUST
E2F1,BMI1,0.5384,TRRUST
E2F1,BRCA1,0.779,TRRUST
E2F1,CASP7,0.8455,TRRUST
E2F1,CCL3,0.6237,TRRUST
E2F1,CCNB1,0.5915,TRRUST
E2F1,CCND1,0.8869,TRRUST
E2F1,CCNE1,0.8764,TRRUST
E2F1,CD2AP,0.8454,TRRUST
E2F1,CDAN1,0.5394,TRRUST
E2F1,CDC6,0.5443,TRRUST
E2F1,CDCA7,0.8405,TRRUST
E2F1,CDK1,0.9058,TRRUST
E2F1,CDKN1A,0.8585,TRRUST
E2F1,CDKN1C,0.5264,TRRUST
E2F1,CDKN2A,0.9266,TRRUST
E2F1,CHEK1,0.6172,TRRUST
E2F1,CHEK2,0.9221,TRRUST
E2F1,CREBBP,0.6294,TRRUST
E2F1,CTNNBIP1,0.8391,TRRUST
E2F1,CTSV,0.5636,TRRUST
E2F1,CUX1,0.6034,TRRUST
E2F1,DAPK2,0.8966,TRRUST
E2F1,DBF4,0.8369,TRRUST
E2F1,DDIT3,0.6097,TRRUST
E2F1,DHFR,0.8447,TRRUST
E2F1,DIRAS3,0.6946,TRRUST
E2F1,DNMT1,0.7291,TRRUST
E2F1,DOK1,0.5852,TRRUST
E2F1,DRAM1,0.8838,TRRUST
E2F1,DROSHA,0.8301,TRRUST
E2F1,DUSP1,0.9165,TRRUST
E2F1,E2F1,0.5492,TRRUST
E2F1,E2F6,0.8342,TRRUST
E2F1,ECT2,0.6178,TRRUST
E2F1,ERCC1,0.9251,TRRUST
E2F1,ERCC5,0.9148,TRRUST
E2F1,ERICD,0.759,TRRUST
E2F1,ETV4,0.8921,TRRUST
E2F1,FANCA,0.8806,TRRUST
E2F1,FGFR1,0.8296,TRRUST
E2F1,FHIT,0.7149,TRRUST
E2F1,FLT1,0.561,TRRUST
E2F1,FMN2,0.5486,TRRUST
E2F1,FOXM1,0.8996,TRRUST
E2F1,FSHR,0.5745,TRRUST
E2F1,FZD1,0.8289,TRRUST
E2F1,GINS3,0.5442,TRRUST
E2F1,H19,0.8952,TRRUST
E2F1,HIC1,0.8284,TRRUST
E2F1,HMGA1,0.9136,TRRUST
E2F1,HSPA5,0.7245,TRRUST
E2F1,IL1B,0.5729,TRRUST
E2F1,IL23A,0.5852,TRRUST
E2F1,IRF3,0.7607,TRRUST
E2F1,ISYNA1,0.8583,TRRUST
E2F1,KDR,0.5946,TRRUST
E2F1,KIF2C,0.8822,TRRUST
E2F1,KIR3DL1,0.8494,TRRUST
E2F1,LRBA,0.9166,TRRUST
E2F1,MAP1LC3A,0.9077,TRRUST
E2F1,MAP3K5,0.8924,TRRUST
E2F1,MAPK8,0.6136,TRRUST
E2F1,MCL1,0.7654,TRRUST
E2F1,MCM5,0.5979,TRRUST
E2F1,MCM8,0.6121,TRRUST
E2F1,MCPH1,0.8967,TRRUST
E2F1,MDM2,0.7448,TRRUST
E2F1,MEFV,0.888,TRRUST
E2F1,MIR202,0.6028,TRRUST
E2F1,MT1G,0.8374,TRRUST
E2F1,MUC4,0.9169,TRRUST
E2F1,MYB,0.6159,TRRUST
E2F1,MYBL2,0.8232,TRRUST
E2F1,MYC,0.9108,TRRUST
E2F1,MYCN,0.8342,TRRUST
E2F1,MYH10,0.5569,TRRUST
E2F1,NELL2,0.6018,TRRUST
E2F1,NOX4,0.8377,TRRUST
E2F1,NPAT,0.91,TRRUST
E2F1,NRIP1,0.9115,TRRUST
E2F1,PCNA,0.8758,TRRUST
E2F1,PCSK6,0.8207,TRRUST
E2F1,PDK4,0.7016,TRRUST
E2F1,PEG10,0.5879,TRRUST
E2F1,PIN1,0.6279,TRRUST
E2F1,PLK1,0.8895,TRRUST
E2F1,PNRC2,0.6986,TRRUST
E2F1,PPARG,0.8897,TRRUST
E2F1,PPP1R13B,0.8794,TRRUST
E2F1,PTPRO,0.6058,TRRUST
E2F1,RACGAP1,0.5318,TRRUST
E2F1,RAD51,0.6037,TRRUST
E2F1,RASGEF1B,0.8795,TRRUST
E2F1,RASGRP1,0.9259,TRRUST
E2F1,RB1,0.8576,TRRUST
E2F1,RBM38,0.8896,TRRUST
E2F1,RNF2,0.6225,TRRUST
E2F1,RPA2,0.5313,TRRUST
E2F1,RRM1,0.9231,TRRUST
E2F1,RRM2,0.8957,TRRUST
E2F1,RRP1B,0.5275,TRRUST
E2F1,SERPINB5,0.8531,TRRUST
E2F1,SERPINE1,0.7479,TRRUST
E2F1,SIVA1,0.8274,TRRUST
E2F1,SKP2,0.884,TRRUST
E2F1,TERT,0.858,TRRUST
E2F1,THBS1,0.8883,TRRUST
E2F1,TLR3,0.675,TRRUST
E2F1,TNF,0.6159,TRRUST
E2F1,TNFSF11,0.9271,TRRUST
E2F1,TOP2A,0.9266,TRRUST
E2F1,TP53,0.9025,TRRUST
E2F1,TP53BP2,0.8343,TRRUST
E2F1,TP53INP1,0.9034,TRRUST
E2F1,TP73,0.8227,TRRUST
E2F1,TYMS,0.8224,TRRUST
E2F1,UHRF1,0.8556,TRRUST
E2F1,ULK1,0.8738,TRRUST
E2F1,VEGFA,0.7547,TRRUST
E2F1,WWOX,0.7452,TRRUST
E2F1,XRCC1,0.869,TRRUST
E2F1,ZNF350,0.5501,TRRUST
E2F2,CUX1,0.6297,TRRUST
E2F2,MAP3K5,0.5669,TRRUST
E2F3,AURKA,0.8697,TRRUST
E2F3,CCNA2,0.538,TRRUST
E2F3,CCNB1,0.6074,TRRUST
E2F3,CDC6,0.5963,TRRUST
E2F3,CDK1,0.5443,TRRUST
E2F3,CDKN1A,0.8291,TRRUST
E2F3,CUX1,0.5949,TRRUST
E2F3,ERICD,0.742,TRRUST
E2F3,MAP3K5,0.5501,TRRUST
E2F3,MAPK8,0.6246,TRRUST
E2F3,PLK1,0.5366,TRRUST
E2F3,TFE3,0.5676,TRRUST
E2F3,VEGFA,0.6238,TRRUST
E2F4,AR,0.5662,TRRUST
E2F4,AURKB,0.5902,TRRUST
E2F4,BIRC5,0.5637,TRRUST
E2F4,BRCA1,0.8502,TRRUST
E2F4,CCNB1,0.6282,TRRUST
E2F4,CCND1,0.565,TRRUST
E2F4,CDK2,0.6184,TRRUST
E2F4,CUX1,0.5453,TRRUST
E2F4,DIRAS3,0.6934,TRRUST
E2F4,HCFC1,0.8234,TRRUST
E2F4,PCLAF,0.7417,TRRUST
E2F4,LIN54,0.5605,TRRUST
E2F4,LTBP4,0.6151,TRRUST
E2F4,MAP3K5,0.5721,TRRUST
E2F4,MCM10,0.7765,TRRUST
E2F4,MYC,0.5404,TRRUST
E2F4,PEG10,0.6155,TRRUST
E2F4,PLK1,0.7554,TRRUST
E2F4,PLK4,0.6048,TRRUST
E2F4,PPARG,0.7629,TRRUST
E2F4,RAD51,0.7537,TRRUST
E2F4,TOPBP1,0.7389,TRRUST
E2F4,TTK,0.6844,TRRUST
E2F5,FSHR,0.5236,TRRUST
E2F5,LOXL2,0.6213,TRRUST
E2F5,MYC,0.5878,TRRUST
E2F6,APAF1,0.7576,TRRUST
E2F6,BRCA1,0.573,TRRUST
E2F6,BRD7,0.5329,TRRUST
E2F6,CYC1,0.5338,TRRUST
E2F6,E2F1,0.7454,TRRUST
E2F6,IL13,0.5673,TRRUST
E2F6,PCLAF,0.6921,TRRUST
E2F7,E2F1,0.7241,TRRUST
E2F8,CCND1,0.5271,TRRUST
E2F8,E2F1,0.734,TRRUST
E4F1,CCNA2,0.6996,TRRUST
EAF1,ELL,0.9077,TRRUST
EAPP,ABCB1,0.8541,TRRUST
EAPP,CDKN1A,0.5701,TRRUST
EAPP,CDKN2A,0.6713,TRRUST
EAPP,MAOB,0.678,TRRUST
EBF1,ATF5,0.5632,TRRUST
EBF3,CDKN1A,0.8728,TRRUST
ECD,GCGR,0.736,TRRUST
EED,CPEB1,0.5521,TRRUST
EGF,STAT1,0.5964,TRRUST
EGR1,ABCB1,0.9146,TRRUST
EGR1,ACE,0.9058,TRRUST
EGR1,ACHE,0.5244,TRRUST
EGR1,AKR1B1,0.5729,TRRUST
EGR1,ALOX5,0.8315,TRRUST
EGR1,AR,0.6966,TRRUST
EGR1,ATF3,0.9285,TRRUST
EGR1,BCAR1,0.8357,TRRUST
EGR1,CACNA1H,0.5749,TRRUST
EGR1,CCND1,0.888,TRRUST
EGR1,CCND2,0.5973,TRRUST
EGR1,CD28,0.5816,TRRUST
EGR1,CDK5R1,0.8211,TRRUST
EGR1,CDKN1A,0.8559,TRRUST
EGR1,CHGA,0.8769,TRRUST
EGR1,CXCL8,0.6797,TRRUST
EGR1,CYP2B6,0.8586,TRRUST
EGR1,DMRT1,0.5237,TRRUST
EGR1,EAPP,0.8286,TRRUST
EGR1,EGFR,0.8637,TRRUST
EGR1,EP300,0.8346,TRRUST
EGR1,F3,0.5824,TRRUST
EGR1,FAP,0.8958,TRRUST
EGR1,FAS,0.7581,TRRUST
EGR1,FASLG,0.542,TRRUST
EGR1,FCER2,0.6884,TRRUST
EGR1,FGF2,0.8315,TRRUST
EGR1,FLT1,0.59,TRRUST
EGR1,FN1,0.8977,TRRUST
EGR1,GDF15,0.8235,TRRUST
EGR1,GDNF,0.623,TRRUST
EGR1,GGPS1,0.5257,TRRUST
EGR1,HIF1A,0.8795,TRRUST
EGR1,HPSE,0.898,TRRUST
EGR1,HSD11B2,0.7658,TRRUST
EGR1,HYAL1,0.8985,TRRUST
EGR1,IFNG,0.6082,TRRUST
EGR1,IGF2,0.8573,TRRUST
EGR1,IL2,0.6096,TRRUST
EGR1,IL2RB,0.5288,TRRUST
EGR1,IL3,0.9184,TRRUST
EGR1,IL6,0.7302,TRRUST
EGR1,IMPDH2,0.6099,TRRUST
EGR1,KLK3,0.7198,TRRUST
EGR1,LDLR,0.8908,TRRUST
EGR1,LHB,0.8779,TRRUST
EGR1,LMTK2,0.9005,TRRUST
EGR1,LTB,0.529,TRRUST
EGR1,MMP14,0.8266,TRRUST
EGR1,MYB,0.6972,TRRUST
EGR1,NAB2,0.8375,TRRUST
EGR1,NFKB1,0.6159,TRRUST
EGR1,PCSK2,0.8441,TRRUST
EGR1,PDGFB,0.9273,TRRUST
EGR1,PDGFC,0.8571,TRRUST
EGR1,PLAU,0.84,TRRUST
EGR1,PLAUR,0.9069,TRRUST
EGR1,POR,0.5925,TRRUST
EGR1,PPARG,0.5748,TRRUST
EGR1,PSEN2,0.5811,TRRUST
EGR1,PTEN,0.8991,TRRUST
EGR1,PTGES,0.8451,TRRUST
EGR1,PTGS2,0.7796,TRRUST
EGR1,PTP4A1,0.6272,TRRUST
EGR1,RBL2,0.8915,TRRUST
EGR1,SLC4A2,0.8419,TRRUST
EGR1,SLC9A3,0.8948,TRRUST
EGR1,SOD1,0.8279,TRRUST
EGR1,SOX18,0.5234,TRRUST
EGR1,SPRY1,0.5483,TRRUST
EGR1,STIM1,0.8709,TRRUST
EGR1,STMN1,0.6155,TRRUST
EGR1,SYN1,0.9,TRRUST
EGR1,SYN2,0.6017,TRRUST
EGR1,TBXA2R,0.5668,TRRUST
EGR1,TCF4,0.8581,TRRUST
EGR1,TFPI2,0.5608,TRRUST
EGR1,TGFBR2,0.6286,TRRUST
EGR1,TH,0.5244,TRRUST
EGR1,TMPO,0.9154,TRRUST
EGR1,TNF,0.8837,TRRUST
EGR1,TNFSF10,0.7182,TRRUST
EGR1,TOE1,0.5998,TRRUST
EGR1,TP53,0.8735,TRRUST
EGR1,TP73,0.6161,TRRUST
EGR1,UBE2S,0.9191,TRRUST
EGR1,VEGFA,0.8664,TRRUST
EGR1,WNT4,0.7005,TRRUST
EGR2,FASLG,0.7352,TRRUST
EGR2,GJB1,0.6204,TRRUST
EGR2,IDO1,0.5432,TRRUST
EGR2,IGF2,0.5885,TRRUST
EGR2,IL6,0.5895,TRRUST
EGR2,LIF,0.6006,TRRUST
EGR2,MPZ,0.5345,TRRUST
EGR2,PTGS2,0.5987,TRRUST
EGR2,SCD5,0.77,TRRUST
EGR3,CAT,0.8398,TRRUST
EGR3,NAB2,0.8461,TRRUST
EGR3,SPRY1,0.6269,TRRUST
EHF,DCDC2,0.6899,TRRUST
EHF,SPRR1B,0.914,TRRUST
EHMT2,BIRC5,0.5742,TRRUST
EHMT2,CDKN1A,0.5472,TRRUST
EHMT2,RUNX3,0.9158,TRRUST
EHMT2,SIAH1,0.719,TRRUST
EIF2AK2,CD4,0.5766,TRRUST
EIF2AK2,IRS2,0.5595,TRRUST
ELF1,BRCA2,0.5852,TRRUST
ELF1,CD68,0.838,TRRUST
ELF1,CYBB,0.563,TRRUST
ELF1,ERBB2,0.6266,TRRUST
ELF1,FCER1A,0.6984,TRRUST
ELF1,FLI1,0.8922,TRRUST
ELF1,MEIS1,0.8558,TRRUST
ELF1,TEK,0.9051,TRRUST
ELF1,TLR9,0.5344,TRRUST
ELF2,TEK,0.9267,TRRUST
ELF2,VCP,0.8699,TRRUST
ELF3,CLDN7,0.546,TRRUST
ELF3,KRT4,0.6781,TRRUST
ELF3,MMP9,0.6887,TRRUST
ELF3,PTGS2,0.5772,TRRUST
ELF3,SPRR1A,0.5571,TRRUST
ELF3,SPRR1B,0.9112,TRRUST
ELF3,SPRR2A,0.8674,TRRUST
ELF3,SPRR3,0.5474,TRRUST
ELF3,TIMP3,0.8879,TRRUST
ELF4,CXCL8,0.8977,TRRUST
ELF4,HBD,0.8384,TRRUST
ELF4,MDM2,0.5384,TRRUST
ELF4,MMP9,0.674,TRRUST
ELF4,TP53,0.751,TRRUST
ELK1,CITED2,0.593,TRRUST
ELK1,DAP3,0.5722,TRRUST
ELK1,EIF2AK1,0.9129,TRRUST
ELK1,ERBB2,0.6086,TRRUST
ELK1,EZH2,0.8844,TRRUST
ELK1,FOS,0.6155,TRRUST
ELK1,FOSL1,0.8426,TRRUST
ELK1,FUT4,0.5323,TRRUST
ELK1,MCL1,0.5497,TRRUST
ELK1,MECOM,0.8263,TRRUST
ELK1,MUC4,0.8784,TRRUST
ELK1,PDGFB,0.623,TRRUST
ELK1,PSEN1,0.8243,TRRUST
ELK1,PTPRZ1,0.5334,TRRUST
ELK1,SKP2,0.5697,TRRUST
ELK1,SRF,0.6227,TRRUST
ELK1,TLR9,0.5548,TRRUST
ELK1,TNFRSF10B,0.8758,TRRUST
ELK1,WISP2,0.5246,TRRUST
ELK1,ZFP36,0.5363,TRRUST
ELK3,MYH6,0.7785,TRRUST
ELK4,FOS,0.9262,TRRUST
ELK4,MCL1,0.5205,TRRUST
ELK4,NR2C2,0.6247,TRRUST
ELL,BAX,0.7403,TRRUST
ELL,CDKN1A,0.7655,TRRUST
ELL,E2F1,0.72,TRRUST
ELL,MDM2,0.7267,TRRUST
EN1,UTRN,0.7238,TRRUST
ENO1,HSD3B2,0.5934,TRRUST
ENO1,MYC,0.6854,TRRUST
ENO1,MYCN,0.5233,TRRUST
ENO1,PTGS2,0.5539,TRRUST
EOMES,IFNG,0.5975,TRRUST
EP300,ABCB1,0.5422,TRRUST
EP300,ALOX15,0.8941,TRRUST
EP300,BIRC5,0.9267,TRRUST
EP300,BRCA1,0.8303,TRRUST
EP300,CA9,0.894,TRRUST
EP300,CCNB2,0.5688,TRRUST
EP300,CCND1,0.6155,TRRUST
EP300,CCNE1,0.8395,TRRUST
EP300,CDKN1A,0.8962,TRRUST
EP300,CDKN2B,0.6122,TRRUST
EP300,COL1A2,0.6239,TRRUST
EP300,CRABP1,0.8952,TRRUST
EP300,CREBBP,0.5747,TRRUST
EP300,CXCL8,0.588,TRRUST
EP300,CYBB,0.7656,TRRUST
EP300,CYP1B1,0.5828,TRRUST
EP300,DNMT1,0.8233,TRRUST
EP300,EIF2AK1,0.9224,TRRUST
EP300,EPO,0.8958,TRRUST
EP300,ERBB2,0.5944,TRRUST
EP300,EZH2,0.5437,TRRUST
EP300,GFAP,0.8925,TRRUST
EP300,HINFP,0.8633,TRRUST
EP300,IFNG,0.8916,TRRUST
EP300,IGF1,0.5317,TRRUST
EP300,IGFBP3,0.8924,TRRUST
EP300,IL12B,0.9299,TRRUST
EP300,IL5,0.5253,TRRUST
EP300,IL6,0.6275,TRRUST
EP300,KLK3,0.5648,TRRUST
EP300,KRT16,0.9158,TRRUST
EP300,LAMA3,0.7561,TRRUST
EP300,MDM2,0.5824,TRRUST
EP300,MGMT,0.6012,TRRUST
EP300,MMP9,0.9166,TRRUST
EP300,MYC,0.7145,TRRUST
EP300,NFKB1,0.556,TRRUST
EP300,NR0B2,0.8934,TRRUST
EP300,NR1H4,0.7589,TRRUST
EP300,PARP1,0.6039,TRRUST
EP300,PCNA,0.7578,TRRUST
EP300,PTGS2,0.8679,TRRUST
EP300,RAD51,0.61,TRRUST
EP300,RELA,0.5332,TRRUST
EP300,RS1,0.5799,TRRUST
EP300,S100A4,0.5206,TRRUST
EP300,SLC9A2,0.5557,TRRUST
EP300,TBXAS1,0.8603,TRRUST
EP300,THBD,0.7136,TRRUST
EP300,TP73,0.8965,TRRUST
EP300,TRIM22,0.8627,TRRUST
EP300,VCAM1,0.8694,TRRUST
EP300,VEGFA,0.8461,TRRUST
EP300,WT1,0.8611,TRRUST
EP300,YY1,0.545,TRRUST
EP300,ZEB1,0.5281,TRRUST
EPAS1,CA9,0.8864,TRRUST
EPAS1,CCR7,0.8935,TRRUST
EPAS1,COL10A1,0.8881,TRRUST
EPAS1,FLT1,0.871,TRRUST
EPAS1,MMP14,0.8618,TRRUST
EPAS1,MSC,0.915,TRRUST
EPAS1,PTPRZ1,0.5771,TRRUST
EPAS1,SERPINE1,0.8727,TRRUST
EPAS1,USF2,0.5228,TRRUST
EPAS1,VEGFA,0.8575,TRRUST
ERCC2,BAX,0.8618,TRRUST
ERCC2,BCL2,0.7139,TRRUST
ERCC2,CDKN1A,0.8838,TRRUST
ERCC2,CPD,0.5787,TRRUST
ERCC2,E2F1,0.5869,TRRUST
ERCC2,LAMTOR5,0.7541,TRRUST
ERCC2,TP53,0.9094,TRRUST
ERCC2,XPA,0.599,TRRUST
ERF,ETS2,0.7751,TRRUST
ERF,PRL,0.672,TRRUST
ERF,UTRN,0.6915,TRRUST
ERG,ADAMTS1,0.8208,TRRUST
ERG,CDH5,0.5912,TRRUST
ERG,CRISP3,0.6188,TRRUST
ERG,CXCL8,0.6968,TRRUST
ERG,CXCR4,0.922,TRRUST
ERG,ENG,0.8266,TRRUST
ERG,EPB41L3,0.7728,TRRUST
ERG,EPB41L4B,0.8587,TRRUST
ERG,ERG,0.8312,TRRUST
ERG,FGF2,0.7234,TRRUST
ERG,HIST1H4L,0.5482,TRRUST
ERG,HMOX1,0.5513,TRRUST
ERG,HPGD,0.5538,TRRUST
ERG,ICAM1,0.7583,TRRUST
ERG,ICAM2,0.5793,TRRUST
ERG,ILK,0.7042,TRRUST
ERG,KCNN2,0.5871,TRRUST
ERG,PIM1,0.8988,TRRUST
ERG,SOX4,0.55,TRRUST
ERG,SPP1,0.8655,TRRUST
ERG,TDRD1,0.8334,TRRUST
ERG,TFF3,0.5399,TRRUST
ERG,TMPRSS2,0.5949,TRRUST
ERG,VIM,0.84,TRRUST
ERG,VWF,0.8778,TRRUST
ERG,WNT11,0.898,TRRUST
ERG,ZEB1,0.5318,TRRUST
ESR1,ABCG2,0.5824,TRRUST
ESR1,AHR,0.5482,TRRUST
ESR1,AMH,0.9259,TRRUST
ESR1,AR,0.8732,TRRUST
ESR1,AVP,0.6087,TRRUST
ESR1,BCL2,0.8805,TRRUST
ESR1,BLM,0.8248,TRRUST
ESR1,BRCA1,0.5896,TRRUST
ESR1,BTG2,0.7747,TRRUST
ESR1,CCNA2,0.8862,TRRUST
ESR1,CCND1,0.9101,TRRUST
ESR1,CD24,0.7673,TRRUST
ESR1,CDH1,0.5451,TRRUST
ESR1,CDK4,0.5433,TRRUST
ESR1,CDKN1A,0.8872,TRRUST
ESR1,CDKN1B,0.7152,TRRUST
ESR1,CEBPB,0.6124,TRRUST
ESR1,CHAT,0.619,TRRUST
ESR1,CRH,0.7089,TRRUST
ESR1,CRHBP,0.8461,TRRUST
ESR1,CTNNB1,0.7559,TRRUST
ESR1,CTSD,0.5502,TRRUST
ESR1,CXCL12,0.6105,TRRUST
ESR1,CYP19A1,0.8666,TRRUST
ESR1,CYP1A1,0.7434,TRRUST
ESR1,CYP1B1,0.5305,TRRUST
ESR1,CYP2C19,0.7386,TRRUST
ESR1,DCT,0.8697,TRRUST
ESR1,E2F1,0.5845,TRRUST
ESR1,EGFR,0.5385,TRRUST
ESR1,ESR1,0.6011,TRRUST
ESR1,ESRRA,0.6149,TRRUST
ESR1,F12,0.8438,TRRUST
ESR1,FLT1,0.5305,TRRUST
ESR1,FOS,0.5226,TRRUST
ESR1,FOXP1,0.8906,TRRUST
ESR1,GREB1,0.8868,TRRUST
ESR1,HSPB1,0.8801,TRRUST
ESR1,HTRA2,0.8455,TRRUST
ESR1,JAK2,0.563,TRRUST
ESR1,JUN,0.8854,TRRUST
ESR1,JUNB,0.8746,TRRUST
ESR1,KDR,0.9287,TRRUST
ESR1,KRT19,0.835,TRRUST
ESR1,MDM2,0.5965,TRRUST
ESR1,MICB,0.5645,TRRUST
ESR1,MMP13,0.5671,TRRUST
ESR1,MTA3,0.5989,TRRUST
ESR1,MYC,0.5962,TRRUST
ESR1,NQO1,0.779,TRRUST
ESR1,NR5A2,0.5341,TRRUST
ESR1,NRF1,0.8315,TRRUST
ESR1,OXT,0.5997,TRRUST
ESR1,PELP1,0.5836,TRRUST
ESR1,PGR,0.8502,TRRUST
ESR1,PLAC1,0.8287,TRRUST
ESR1,PMAIP1,0.8294,TRRUST
ESR1,PTMA,0.7684,TRRUST
ESR1,RARA,0.8411,TRRUST
ESR1,RET,0.5556,TRRUST
ESR1,RUNX2,0.5449,TRRUST
ESR1,SERPINB9,0.559,TRRUST
ESR1,SERPINE1,0.8276,TRRUST
ESR1,SP1,0.5771,TRRUST
ESR1,TAC3,0.8274,TRRUST
ESR1,TERT,0.908,TRRUST
ESR1,TFF1,0.8457,TRRUST
ESR1,TGFA,0.8794,TRRUST
ESR1,TP53,0.7668,TRRUST
ESR1,TYMS,0.5916,TRRUST
ESR1,UGT1A4,0.8786,TRRUST
ESR1,UGT2B15,0.8557,TRRUST
ESR1,VEGFA,0.8566,TRRUST
ESR1,YWHAQ,0.5936,TRRUST
ESR1,ZEB1,0.9294,TRRUST
ESR1,ZFHX3,0.8928,TRRUST
ESR2,AVP,0.5814,TRRUST
ESR2,BRCA2,0.7504,TRRUST
ESR2,CD68,0.5712,TRRUST
ESR2,CDKN1A,0.8266,TRRUST
ESR2,CHAT,0.5819,TRRUST
ESR2,CRH,0.7753,TRRUST
ESR2,CTSD,0.5393,TRRUST
ESR2,FOS,0.5959,TRRUST
ESR2,INSR,0.6921,TRRUST
ESR2,JUN,0.5789,TRRUST
ESR2,MKNK2,0.5306,TRRUST
ESR2,OXT,0.5695,TRRUST
ESR2,PELP1,0.6032,TRRUST
ESR2,PTPRC,0.5582,TRRUST
ESR2,SERPINE1,0.7431,TRRUST
ESR2,TERT,0.6075,TRRUST
ESR2,TFF1,0.922,TRRUST
ESR2,TGFA,0.8458,TRRUST
ESR2,VEGFA,0.5639,TRRUST
ESRRA,AHR,0.5368,TRRUST
ESRRA,CYP19A1,0.9292,TRRUST
ESRRA,DAP3,0.622,TRRUST
ESRRA,NR2F1,0.7294,TRRUST
ESRRA,NR2F6,0.7626,TRRUST
ESRRA,NRIP1,0.8773,TRRUST
ESRRA,PNRC1,0.5886,TRRUST
ESRRA,SNAI1,0.6798,TRRUST
ESRRA,SNAI2,0.7531,TRRUST
ESRRB,BCAS2,0.534,TRRUST
ESRRG,NR0B1,0.9109,TRRUST
ETS1,ABCB1,0.906,TRRUST
ETS1,ANGPT2,0.898,TRRUST
ETS1,ANPEP,0.824,TRRUST
ETS1,ATXN2,0.5533,TRRUST
ETS1,BAX,0.6989,TRRUST
ETS1,BMP4,0.8596,TRRUST
ETS1,EMSY,0.5296,TRRUST
ETS1,CA9,0.7731,TRRUST
ETS1,CASP1,0.8809,TRRUST
ETS1,CD6,0.5536,TRRUST
ETS1,CD8A,0.8637,TRRUST
ETS1,CDKN1A,0.5692,TRRUST
ETS1,CDKN2A,0.5861,TRRUST
ETS1,CHUK,0.8767,TRRUST
ETS1,COL1A1,0.6211,TRRUST
ETS1,CR1,0.5747,TRRUST
ETS1,CSF2,0.6291,TRRUST
ETS1,CSF3R,0.9137,TRRUST
ETS1,CSNK2A1,0.5429,TRRUST
ETS1,CSNK2B,0.6224,TRRUST
ETS1,CTGF,0.5328,TRRUST
ETS1,CTSB,0.6099,TRRUST
ETS1,CXCR4,0.5619,TRRUST
ETS1,DUSP6,0.6166,TRRUST
ETS1,ECE1,0.9155,TRRUST
ETS1,EGR1,0.9087,TRRUST
ETS1,ERG,0.9069,TRRUST
ETS1,F13A1,0.5535,TRRUST
ETS1,FGFBP1,0.5289,TRRUST
ETS1,FLI1,0.8643,TRRUST
ETS1,FLT1,0.5391,TRRUST
ETS1,FOXD1,0.5964,TRRUST
ETS1,GP6,0.8581,TRRUST
ETS1,GRPR,0.9273,TRRUST
ETS1,HMOX1,0.5905,TRRUST
ETS1,HPGD,0.6105,TRRUST
ETS1,IGFBP1,0.5346,TRRUST
ETS1,IL2,0.7648,TRRUST
ETS1,IL2RB,0.9215,TRRUST
ETS1,IL3,0.5736,TRRUST
ETS1,IL5,0.8867,TRRUST
ETS1,ITGB3,0.6041,TRRUST
ETS1,CIP2A,0.8392,TRRUST
ETS1,LCK,0.8753,TRRUST
ETS1,MDM2,0.7139,TRRUST
ETS1,MGAT5,0.5361,TRRUST
ETS1,MMP1,0.8604,TRRUST
ETS1,MMP10,0.5275,TRRUST
ETS1,MMP13,0.8228,TRRUST
ETS1,MMP3,0.5349,TRRUST
ETS1,MMP9,0.9259,TRRUST
ETS1,MUC4,0.8804,TRRUST
ETS1,MYB,0.9262,TRRUST
ETS1,NDRG1,0.7176,TRRUST
ETS1,NKX3-1,0.8543,TRRUST
ETS1,PARP1,0.8757,TRRUST
ETS1,PF4,0.8683,TRRUST
ETS1,PLAU,0.5316,TRRUST
ETS1,PRL,0.8905,TRRUST
ETS1,PTHLH,0.8438,TRRUST
ETS1,RHOC,0.8882,TRRUST
ETS1,SLC26A3,0.8915,TRRUST
ETS1,SPRY2,0.5367,TRRUST
ETS1,SQSTM1,0.5267,TRRUST
ETS1,TAF12,0.6059,TRRUST
ETS1,TBXA2R,0.8706,TRRUST
ETS1,TBXAS1,0.6764,TRRUST
ETS1,TERT,0.7794,TRRUST
ETS1,TFAP2A,0.8264,TRRUST
ETS1,TGFBR2,0.8965,TRRUST
ETS1,TMEM158,0.9282,TRRUST
ETS1,TNC,0.8463,TRRUST
ETS1,TNFSF14,0.8356,TRRUST
ETS1,TP53,0.5334,TRRUST
ETS1,TRA,0.8534,TRRUST
ETS1,TRB,0.6811,TRRUST
ETS1,VWF,0.5961,TRRUST
ETS1,WAS,0.5269,TRRUST
ETS1,WT1,0.876,TRRUST
ETS2,ANGPT2,0.9296,TRRUST
ETS2,ANPEP,0.9095,TRRUST
ETS2,APP,0.5877,TRRUST
ETS2,CD163,0.5537,TRRUST
ETS2,CDK1,0.5886,TRRUST
ETS2,CDKN1A,0.578,TRRUST
ETS2,CDKN2A,0.5669,TRRUST
ETS2,CGA,0.8344,TRRUST
ETS2,CHRNE,0.9175,TRRUST
ETS2,CSF2,0.8695,TRRUST
ETS2,CSF3R,0.8414,TRRUST
ETS2,CXCL8,0.8605,TRRUST
ETS2,EGR1,0.5656,TRRUST
ETS2,ERG,0.911,TRRUST
ETS2,FLI1,0.9007,TRRUST
ETS2,ICAM1,0.9046,TRRUST
ETS2,IL12B,0.5212,TRRUST
ETS2,IL5,0.8658,TRRUST
ETS2,LCK,0.8729,TRRUST
ETS2,MDM2,0.8221,TRRUST
ETS2,MMP1,0.5486,TRRUST
ETS2,MMP2,0.6036,TRRUST
ETS2,MMP3,0.5351,TRRUST
ETS2,MMP9,0.8789,TRRUST
ETS2,MSR1,0.8437,TRRUST
ETS2,MYC,0.5213,TRRUST
ETS2,PDE7A,0.5465,TRRUST
ETS2,TERT,0.6273,TRRUST
ETS2,TLR9,0.6082,TRRUST
ETS2,TNC,0.6256,TRRUST
ETS2,TP53,0.5737,TRRUST
ETS2,VWF,0.5321,TRRUST
ETV1,AR,0.5803,TRRUST
ETV1,CAT,0.57,TRRUST
ETV3,MMP1,0.6129,TRRUST
ETV3,NFKB1,0.6808,TRRUST
ETV3,RELA,0.7237,TRRUST
ETV4,AGTR1,0.8365,TRRUST
ETV4,BDKRB1,0.5557,TRRUST
ETV4,BTS1,0.6011,TRRUST
ETV4,CCND2,0.8724,TRRUST
ETV4,CCND3,0.8613,TRRUST
ETV4,EGLN1,0.5634,TRRUST
ETV4,ERBB2,0.7205,TRRUST
ETV4,ETS1,0.9064,TRRUST
ETV4,GBA,0.6181,TRRUST
ETV4,MMP1,0.6251,TRRUST
ETV4,MMP14,0.9066,TRRUST
ETV4,MMP2,0.5547,TRRUST
ETV4,MMP7,0.8957,TRRUST
ETV4,MUC4,0.8681,TRRUST
ETV4,PLAUR,0.548,TRRUST
ETV4,PTGS2,0.9125,TRRUST
ETV4,SYN2,0.5242,TRRUST
ETV4,TERT,0.9192,TRRUST
ETV4,TGFBR2,0.5708,TRRUST
ETV4,TIMP2,0.5901,TRRUST
ETV4,TNF,0.5925,TRRUST
ETV4,VIM,0.9185,TRRUST
ETV5,ICAM1,0.89,TRRUST
ETV5,MMP2,0.5875,TRRUST
ETV6,BBC3,0.8273,TRRUST
ETV6,CDKN1A,0.877,TRRUST
ETV6,GAS2,0.6865,TRRUST
ETV6,IGFBP5,0.9011,TRRUST
ETV6,MAD2L1,0.7263,TRRUST
ETV7,ETS1,0.5948,TRRUST
ETV7,ETS2,0.5246,TRRUST
ETV7,ETV6,0.5293,TRRUST
EVX1,GSC,0.7488,TRRUST
EWSR1,ATF1,0.5279,TRRUST
EWSR1,CCK,0.5278,TRRUST
EWSR1,EGR2,0.5213,TRRUST
EWSR1,MITF,0.9252,TRRUST
EWSR1,NR0B1,0.6011,TRRUST
EWSR1,PHLDA1,0.7089,TRRUST
EWSR1,POU4F1,0.5526,TRRUST
EWSR1,TERT,0.8585,TRRUST
EWSR1,TGFBR2,0.7552,TRRUST
EZH2,ADAMTS1,0.7428,TRRUST
EZH2,ADRB2,0.6904,TRRUST
EZH2,ALDH1A1,0.6892,TRRUST
EZH2,APC,0.6808,TRRUST
EZH2,AXL,0.8926,TRRUST
EZH2,BRCA1,0.6041,TRRUST
EZH2,CCND1,0.8492,TRRUST
EZH2,CCNE1,0.8223,TRRUST
EZH2,CDH1,0.679,TRRUST
EZH2,CDKN1A,0.7765,TRRUST
EZH2,CDKN2A,0.7025,TRRUST
EZH2,CDKN2B,0.7546,TRRUST
EZH2,CIITA,0.7387,TRRUST
EZH2,CPEB1,0.562,TRRUST
EZH2,DACT3,0.6926,TRRUST
EZH2,FBXO32,0.6834,TRRUST
EZH2,FOXC1,0.7377,TRRUST
EZH2,HDAC1,0.7552,TRRUST
EZH2,HOXB13,0.7408,TRRUST
EZH2,IGFBP1,0.5783,TRRUST
EZH2,KPNB1,0.8246,TRRUST
EZH2,MMP2,0.9265,TRRUST
EZH2,MST1,0.7579,TRRUST
EZH2,MYC,0.7022,TRRUST
EZH2,PAX8,0.6278,TRRUST
EZH2,PCNA,0.8862,TRRUST
EZH2,PEBP1,0.7341,TRRUST
EZH2,PIP5K1C,0.7523,TRRUST
EZH2,POLR3D,0.6093,TRRUST
EZH2,PRL,0.5922,TRRUST
EZH2,PTEN,0.5341,TRRUST
EZH2,RPLP0,0.8572,TRRUST
EZH2,RUNX3,0.7721,TRRUST
EZH2,SATB1,0.6947,TRRUST
EZH2,SFRP1,0.5609,TRRUST
EZH2,SNAI2,0.7175,TRRUST
EZH2,SSTR1,0.7183,TRRUST
EZH2,TP53,0.7374,TRRUST
EZH2,TWIST1,0.7737,TRRUST
EZH2,VDR,0.5465,TRRUST
FHL2,CCND1,0.6834,TRRUST
FHL2,CDKN1A,0.8417,TRRUST
FHL2,CDKN1B,0.9176,TRRUST
FHL2,NFKB1,0.591,TRRUST
FHL2,RELA,0.5514,TRRUST
FIGLA,TCF3,0.6098,TRRUST
FLI1,CCK,0.6148,TRRUST
FLI1,COL1A2,0.7631,TRRUST
FLI1,CTGF,0.6211,TRRUST
FLI1,EP300,0.5477,TRRUST
FLI1,ERG,0.9031,TRRUST
FLI1,EYA3,0.8707,TRRUST
FLI1,FLI1,0.9126,TRRUST
FLI1,FOXM1,0.9001,TRRUST
FLI1,GATA1,0.9054,TRRUST
FLI1,GP6,0.8922,TRRUST
FLI1,GP9,0.8395,TRRUST
FLI1,HDAC1,0.58,TRRUST
FLI1,HMOX1,0.6283,TRRUST
FLI1,ID2,0.9231,TRRUST
FLI1,IGFBP3,0.6747,TRRUST
FLI1,IL10,0.8381,TRRUST
FLI1,ITGA2B,0.5345,TRRUST
FLI1,MIR708,0.7499,TRRUST
FLI1,MMP1,0.76,TRRUST
FLI1,MPL,0.8435,TRRUST
FLI1,PF4,0.5756,TRRUST
FLI1,PHLDA1,0.7625,TRRUST
FLI1,TERT,0.9006,TRRUST
FLI1,TGFBR2,0.8796,TRRUST
FOS,ACTA1,0.5849,TRRUST
FOS,BATF3,0.5759,TRRUST
FOS,BCL2L1,0.5527,TRRUST
FOS,CASP9,0.8822,TRRUST
FOS,CCK,0.8958,TRRUST
FOS,CCND1,0.7661,TRRUST
FOS,CD40LG,0.59,TRRUST
FOS,CLU,0.7537,TRRUST
FOS,CREM,0.8376,TRRUST
FOS,CRP,0.5708,TRRUST
FOS,CSTA,0.521,TRRUST
FOS,CXCL8,0.5471,TRRUST
FOS,CYP1A2,0.5999,TRRUST
FOS,DDIT3,0.9291,TRRUST
FOS,ERCC4,0.8309,TRRUST
FOS,EZR,0.8642,TRRUST
FOS,FAS,0.908,TRRUST
FOS,FGFBP1,0.5424,TRRUST
FOS,VEGFD,0.5811,TRRUST
FOS,FMO4,0.9006,TRRUST
FOS,FOS,0.7378,TRRUST
FOS,FOXA1,0.5407,TRRUST
FOS,GSTP1,0.5591,TRRUST
FOS,HSPH1,0.9062,TRRUST
FOS,IL1A,0.581,TRRUST
FOS,LRIG2,0.5206,TRRUST
FOS,MELTF,0.6037,TRRUST
FOS,MMP1,0.8239,TRRUST
FOS,MMP3,0.602,TRRUST
FOS,MMP7,0.5423,TRRUST
FOS,MMP9,0.9254,TRRUST
FOS,MYC,0.7105,TRRUST
FOS,NEFL,0.856,TRRUST
FOS,NFKB1,0.6864,TRRUST
FOS,NGF,0.5536,TRRUST
FOS,NOS2,0.9164,TRRUST
FOS,NPPA,0.6296,TRRUST
FOS,NPY,0.5605,TRRUST
FOS,NQO1,0.5693,TRRUST
FOS,NTF3,0.5994,TRRUST
FOS,NTS,0.6175,TRRUST
FOS,OXTR,0.5852,TRRUST
FOS,PCK2,0.5631,TRRUST
FOS,PDHA1,0.5654,TRRUST
FOS,PGR,0.5965,TRRUST
FOS,PLAU,0.5204,TRRUST
FOS,PLAUR,0.5882,TRRUST
FOS,PTGS2,0.8591,TRRUST
FOS,SLC10A2,0.7574,TRRUST
FOS,SMAD4,0.5302,TRRUST
FOS,SMAD7,0.8847,TRRUST
FOS,SOX7,0.8729,TRRUST
FOS,SPI1,0.7407,TRRUST
FOS,SPRR3,0.5271,TRRUST
FOS,SRR,0.8838,TRRUST
FOS,STAR,0.5818,TRRUST
FOS,TP53,0.5817,TRRUST
FOSB,CXCL8,0.8864,TRRUST
FOSB,TGFB1,0.5944,TRRUST
FOSB,TIMP1,0.7585,TRRUST
FOSL1,CLU,0.5497,TRRUST
FOSL1,EZH2,0.6108,TRRUST
FOSL1,GCLC,0.5748,TRRUST
FOSL1,ITGAV,0.6785,TRRUST
FOSL1,ITGB3,0.6764,TRRUST
FOSL1,IVL,0.5568,TRRUST
FOSL1,MMP1,0.6063,TRRUST
FOSL1,PLAUR,0.5978,TRRUST
FOSL1,SFTPD,0.6067,TRRUST
FOSL2,BCL6,0.8769,TRRUST
FOSL2,BRCA1,0.8684,TRRUST
FOSL2,CCR4,0.8362,TRRUST
FOSL2,CLU,0.5561,TRRUST
FOSL2,FOSL1,0.8677,TRRUST
FOSL2,IBSP,0.5297,TRRUST
FOSL2,IL5,0.5443,TRRUST
FOSL2,IVL,0.5858,TRRUST
FOSL2,MDM2,0.9009,TRRUST
FOSL2,MYB,0.9298,TRRUST
FOSL2,NOS2,0.9226,TRRUST
FOSL2,PLAUR,0.5907,TRRUST
FOSL2,TGFB1,0.5663,TRRUST
FOSL2,TIMP1,0.74,TRRUST
FOSL2,UGT2B15,0.9064,TRRUST
FOXA1,ABCA1,0.683,TRRUST
FOXA1,AGR2,0.5651,TRRUST
FOXA1,APOB,0.9124,TRRUST
FOXA1,BCL2,0.7122,TRRUST
FOXA1,BRCA1,0.5829,TRRUST
FOXA1,CCNG2,0.5847,TRRUST
FOXA1,CFTR,0.6903,TRRUST
FOXA1,ESR1,0.5598,TRRUST
FOXA1,GCG,0.5568,TRRUST
FOXA1,HSPA1A,0.8229,TRRUST
FOXA1,KRT7,0.8227,TRRUST
FOXA1,MYC,0.6115,TRRUST
FOXA1,NF1,0.85,TRRUST
FOXA1,NKX2-1,0.577,TRRUST
FOXA1,RET,0.5529,TRRUST
FOXA1,RPRM,0.7735,TRRUST
FOXA1,SERPINC1,0.6985,TRRUST
FOXA1,SFTPB,0.8673,TRRUST
FOXA1,TFF1,0.616,TRRUST
FOXA1,UGT2B15,0.6126,TRRUST
FOXA1,UGT2B17,0.8405,TRRUST
FOXA2,ABCA1,0.7583,TRRUST
FOXA2,AGR2,0.5704,TRRUST
FOXA2,APOA1,0.5731,TRRUST
FOXA2,CDH1,0.8347,TRRUST
FOXA2,CFTR,0.6789,TRRUST
FOXA2,COL18A1,0.6001,TRRUST
FOXA2,GCG,0.5746,TRRUST
FOXA2,GFER,0.5681,TRRUST
FOXA2,MMP7,0.9002,TRRUST
FOXA2,NKX2-1,0.6042,TRRUST
FOXA2,NR5A2,0.8375,TRRUST
FOXA2,PAX6,0.7371,TRRUST
FOXA2,SERPINC1,0.6849,TRRUST
FOXA2,SLCO1B3,0.6027,TRRUST
FOXA2,SOX14,0.8923,TRRUST
FOXA2,TCF7L2,0.6252,TRRUST
FOXA2,TFF1,0.5276,TRRUST
FOXA2,TPO,0.8263,TRRUST
FOXA3,CYP3A4,0.551,TRRUST
FOXA3,CYP3A7,0.5488,TRRUST
FOXC1,FGF19,0.8472,TRRUST
FOXC1,FOXO1,0.6197,TRRUST
FOXC2,ANGPT2,0.5475,TRRUST
FOXD3,CAPN6,0.5499,TRRUST
FOXD3,CYFIP2,0.9035,TRRUST
FOXD3,MITF,0.7195,TRRUST
FOXD3,NDRG1,0.9054,TRRUST
FOXD3,RARB,0.8272,TRRUST
FOXD3,RND3,0.5736,TRRUST
FOXD3,SPP1,0.8237,TRRUST
FOXD3,ZNF175,0.5269,TRRUST
FOXE1,MSX1,0.9197,TRRUST
FOXE1,TPO,0.5353,TRRUST
FOXF1,CDH1,0.5786,TRRUST
FOXF1,GH2,0.8652,TRRUST
FOXF2,BAMBI,0.8582,TRRUST
FOXF2,CXCL12,0.919,TRRUST
FOXF2,ITGB1,0.6724,TRRUST
FOXF2,MT1E,0.743,TRRUST
FOXF2,MT1F,0.776,TRRUST
FOXF2,PDGFA,0.7316,TRRUST
FOXF2,PSG7,0.7731,TRRUST
FOXF2,WASF2,0.8257,TRRUST
FOXG1,CDKN1A,0.7161,TRRUST
FOXH1,AR,0.6986,TRRUST
FOXH1,CTCF,0.6004,TRRUST
FOXI1,CFTR,0.7779,TRRUST
FOXI1,SLC26A4,0.5482,TRRUST
FOXJ1,ASPM,0.592,TRRUST
FOXK2,IL2,0.5418,TRRUST
FOXK2,SIN3A,0.5822,TRRUST
FOXL1,BMP4,0.871,TRRUST
FOXL2,CCND2,0.7769,TRRUST
FOXL2,CYP11A1,0.7369,TRRUST
FOXL2,CYP19A1,0.7084,TRRUST
FOXL2,SIRT1,0.8326,TRRUST
FOXL2,STAR,0.6866,TRRUST
FOXM1,APOE,0.5448,TRRUST
FOXM1,AR,0.8476,TRRUST
FOXM1,BRIP1,0.6136,TRRUST
FOXM1,BTG2,0.8817,TRRUST
FOXM1,CCNB1,0.8776,TRRUST
FOXM1,CDC25A,0.5326,TRRUST
FOXM1,CDC25B,0.9146,TRRUST
FOXM1,CDC6,0.8995,TRRUST
FOXM1,CDH1,0.5274,TRRUST
FOXM1,CDKN2A,0.7479,TRRUST
FOXM1,CYP3A4,0.5798,TRRUST
FOXM1,FGB,0.679,TRRUST
FOXM1,KRT15,0.5704,TRRUST
FOXM1,MYC,0.8733,TRRUST
FOXM1,SFTPB,0.8382,TRRUST
FOXM1,VEGFA,0.624,TRRUST
FOXM1,VEGFB,0.6135,TRRUST
FOXN1,DSG4,0.7436,TRRUST
FOXN4,PANK2,0.5709,TRRUST
FOXO1,ADIPOR1,0.8653,TRRUST
FOXO1,ANGPT2,0.5916,TRRUST
FOXO1,AR,0.73,TRRUST
FOXO1,CDKN1B,0.8269,TRRUST
FOXO1,CXCR4,0.8764,TRRUST
FOXO1,EDN1,0.6087,TRRUST
FOXO1,EGR1,0.7205,TRRUST
FOXO1,FABP4,0.8257,TRRUST
FOXO1,FSHB,0.7565,TRRUST
FOXO1,HYOU1,0.5422,TRRUST
FOXO1,IGFBP1,0.8484,TRRUST
FOXO1,IL6,0.8381,TRRUST
FOXO1,IRS2,0.5563,TRRUST
FOXO1,KLF2,0.6032,TRRUST
FOXO1,LHB,0.5771,TRRUST
FOXO1,NEUROG3,0.5425,TRRUST
FOXO1,NKX6-1,0.6166,TRRUST
FOXO1,NLK,0.6168,TRRUST
FOXO1,PDGFA,0.6158,TRRUST
FOXO1,PDGFB,0.5463,TRRUST
FOXO1,PRL,0.5696,TRRUST
FOXO1,RAG1,0.6283,TRRUST
FOXO1,TNFSF10,0.9049,TRRUST
FOXO1,TXNIP,0.673,TRRUST
FOXO3,AR,0.8272,TRRUST
FOXO3,BBC3,0.571,TRRUST
FOXO3,BCL2L11,0.62,TRRUST
FOXO3,BCL6,0.8793,TRRUST
FOXO3,BIRC5,0.5748,TRRUST
FOXO3,CCND2,0.6816,TRRUST
FOXO3,CDKN2B,0.5922,TRRUST
FOXO3,FASLG,0.9104,TRRUST
FOXO3,FOXM1,0.7118,TRRUST
FOXO3,GALT,0.9053,TRRUST
FOXO3,MYOCD,0.7761,TRRUST
FOXO3,PIK3CA,0.5424,TRRUST
FOXO3,SIRT1,0.8776,TRRUST
FOXO3,SIRT6,0.8516,TRRUST
FOXO3,TNFSF10,0.9072,TRRUST
FOXO3,TXNIP,0.8835,TRRUST
FOXO3,VEGFA,0.5898,TRRUST
FOXO3,VEGFB,0.6078,TRRUST
FOXO4,BCL6,0.8636,TRRUST
FOXO4,CREB1,0.9207,TRRUST
FOXO4,HIF1A,0.7286,TRRUST
FOXO4,PSMD11,0.5374,TRRUST
FOXO4,SOD2,0.8965,TRRUST
FOXO4,TNFSF10,0.9073,TRRUST
FOXP1,HIP1R,0.5548,TRRUST
FOXP1,KLK3,0.7643,TRRUST
FOXP1,RAG1,0.6197,TRRUST
FOXP2,CNTNAP2,0.7005,TRRUST
FOXP2,MET,0.7782,TRRUST
FOXP2,NKX2-1,0.6855,TRRUST
FOXP2,PLAUR,0.8422,TRRUST
FOXP2,SRPX,0.8403,TRRUST
FOXP2,SRPX2,0.6183,TRRUST
FOXP3,BRCA1,0.742,TRRUST
FOXP3,CCR4,0.8367,TRRUST
FOXP3,CDKN1A,0.5684,TRRUST
FOXP3,ERBB2,0.5877,TRRUST
FOXP3,IL10,0.5292,TRRUST
FOXP3,IL2,0.7671,TRRUST
FOXP3,IL2RA,0.9084,TRRUST
FOXP3,SATB1,0.5756,TRRUST
FOXP3,TLR10,0.6264,TRRUST
FOXP3,USP21,0.866,TRRUST
FOXP3,ZNF205,0.6283,TRRUST
FOXQ1,BCL11A,0.8935,TRRUST
FOXQ1,CDH1,0.5898,TRRUST
FOXQ1,RSPO2,0.8383,TRRUST
FOXQ1,TWIST1,0.917,TRRUST
FOXQ1,VEGFA,0.867,TRRUST
FOXQ1,WNT3A,0.8378,TRRUST
FUBP1,CDKN1A,0.5214,TRRUST
FUBP1,MYC,0.5816,TRRUST
FUBP3,FGF9,0.578,TRRUST
FUS,AR,0.5991,TRRUST
FUS,DDIT3,0.9179,TRRUST
FUS,KLK3,0.5287,TRRUST
FUS,MDM2,0.7505,TRRUST
GABPA,ERBB2,0.5406,TRRUST
GABPA,OXTR,0.6144,TRRUST
GABPA,RPS3A,0.6101,TRRUST
GABPA,TOMM70,0.8795,TRRUST
GABPA,ZNF205,0.5981,TRRUST
GABPB1,OXTR,0.5546,TRRUST
GABPB2,RPS3A,0.5718,TRRUST
GATA1,AGGF1,0.9104,TRRUST
GATA1,ALAS2,0.5705,TRRUST
GATA1,BACE1,0.5594,TRRUST
GATA1,BACH1,0.8744,TRRUST
GATA1,BDKRB1,0.6111,TRRUST
GATA1,BST2,0.8569,TRRUST
GATA1,CBFB,0.6891,TRRUST
GATA1,CCR3,0.5983,TRRUST
GATA1,CDA,0.9109,TRRUST
GATA1,CDC6,0.8311,TRRUST
GATA1,CEBPA,0.6964,TRRUST
GATA1,COPS5,0.5356,TRRUST
GATA1,CYBB,0.8583,TRRUST
GATA1,DACH1,0.7195,TRRUST
GATA1,DICER1,0.9024,TRRUST
GATA1,DPYSL2,0.5916,TRRUST
GATA1,EPO,0.8883,TRRUST
GATA1,EPOR,0.8588,TRRUST
GATA1,F13A1,0.6126,TRRUST
GATA1,FCER1A,0.8718,TRRUST
GATA1,FLI1,0.6277,TRRUST
GATA1,FURIN,0.5898,TRRUST
GATA1,GATA1,0.8339,TRRUST
GATA1,GFI1B,0.5944,TRRUST
GATA1,GNAS,0.5558,TRRUST
GATA1,GP1BB,0.8955,TRRUST
GATA1,GP6,0.8277,TRRUST
GATA1,GP9,0.8392,TRRUST
GATA1,GYPB,0.9141,TRRUST
GATA1,HBA1,0.545,TRRUST
GATA1,HBA2,0.6121,TRRUST
GATA1,HBB,0.5507,TRRUST
GATA1,HBE1,0.5907,TRRUST
GATA1,HBG1,0.5964,TRRUST
GATA1,HEMGN,0.7264,TRRUST
GATA1,PBXIP1,0.5536,TRRUST
GATA1,IFNG,0.5434,TRRUST
GATA1,IL1RL1,0.5237,TRRUST
GATA1,ITGA2B,0.5534,TRRUST
GATA1,KLF1,0.5918,TRRUST
GATA1,LTBP4,0.6232,TRRUST
GATA1,MPL,0.9158,TRRUST
GATA1,MUC1,0.6043,TRRUST
GATA1,NFE2,0.6067,TRRUST
GATA1,PF4,0.8931,TRRUST
GATA1,PPOX,0.5486,TRRUST
GATA1,PRG2,0.9198,TRRUST
GATA1,PTGFR,0.7438,TRRUST
GATA1,RUNX1,0.5816,TRRUST
GATA1,SEMG1,0.5322,TRRUST
GATA1,SMAD1,0.5692,TRRUST
GATA1,SPI1,0.7206,TRRUST
GATA1,ST2,0.6151,TRRUST
GATA1,TAL1,0.5801,TRRUST
GATA1,TBXA2R,0.8618,TRRUST
GATA1,WT1,0.9274,TRRUST
GATA1,ZNF268,0.6822,TRRUST
GATA2,ADH1A,0.8665,TRRUST
GATA2,ANGPT2,0.5246,TRRUST
GATA2,AR,0.9014,TRRUST
GATA2,CYBB,0.771,TRRUST
GATA2,DPYSL2,0.5508,TRRUST
GATA2,EPO,0.7644,TRRUST
GATA2,ERVW-1,0.8521,TRRUST
GATA2,FCER1A,0.9202,TRRUST
GATA2,GATA1,0.9029,TRRUST
GATA2,IL1RL1,0.6085,TRRUST
GATA2,MS4A2,0.822,TRRUST
GATA2,NOS3,0.9259,TRRUST
GATA2,PECAM1,0.5999,TRRUST
GATA2,PPARG,0.7035,TRRUST
GATA2,PRG2,0.7612,TRRUST
GATA2,SPI1,0.701,TRRUST
GATA2,ST2,0.616,TRRUST
GATA2,TSHB,0.5324,TRRUST
GATA2,WT1,0.8974,TRRUST
GATA3,ALDH1A2,0.5795,TRRUST
GATA3,CD40LG,0.8306,TRRUST
GATA3,CD8A,0.8466,TRRUST
GATA3,CD8B,0.5214,TRRUST
GATA3,CDH1,0.8716,TRRUST
GATA3,CDH3,0.7031,TRRUST
GATA3,CDX2,0.8858,TRRUST
GATA3,CHST4,0.8527,TRRUST
GATA3,CXCL1,0.703,TRRUST
GATA3,EPO,0.7518,TRRUST
GATA3,EPOR,0.5253,TRRUST
GATA3,ERG,0.9193,TRRUST
GATA3,ERVW-1,0.9137,TRRUST
GATA3,ESR1,0.5935,TRRUST
GATA3,FOXC1,0.7353,TRRUST
GATA3,FOXC2,0.7682,TRRUST
GATA3,FUT7,0.5404,TRRUST
GATA3,GATA3,0.5287,TRRUST
GATA3,HSD17B1,0.6963,TRRUST
GATA3,IFNG,0.6074,TRRUST
GATA3,IL10,0.5238,TRRUST
GATA3,IL12RB2,0.7341,TRRUST
GATA3,IL4,0.6295,TRRUST
GATA3,IL5,0.9141,TRRUST
GATA3,KLK1,0.5774,TRRUST
GATA3,LOX,0.677,TRRUST
GATA3,MMP1,0.6115,TRRUST
GATA3,MUC1,0.8859,TRRUST
GATA3,NFKB1,0.5326,TRRUST
GATA3,PAEP,0.8303,TRRUST
GATA3,RELA,0.6201,TRRUST
GATA3,SLCO4C1,0.5936,TRRUST
GATA3,STAT4,0.7612,TRRUST
GATA3,TCF7L2,0.6167,TRRUST
GATA3,TEK,0.8829,TRRUST
GATA3,TGFBR3,0.5769,TRRUST
GATA3,TRA,0.5673,TRRUST
GATA3,ZEB1,0.8549,TRRUST
GATA4,AMH,0.8678,TRRUST
GATA4,CCND2,0.9051,TRRUST
GATA4,CYP17A1,0.5862,TRRUST
GATA4,ERBB2,0.7682,TRRUST
GATA4,FABP2,0.8688,TRRUST
GATA4,FCGR2B,0.5868,TRRUST
GATA4,FCGR3B,0.5894,TRRUST
GATA4,FGF10,0.5851,TRRUST
GATA4,HAMP,0.8973,TRRUST
GATA4,HDAC9,0.6961,TRRUST
GATA4,IAPP,0.8764,TRRUST
GATA4,IL5,0.8315,TRRUST
GATA4,NOS3,0.8623,TRRUST
GATA4,NPPA,0.8736,TRRUST
GATA4,NPPB,0.5917,TRRUST
GATA4,SGPL1,0.6246,TRRUST
GATA4,SI,0.8861,TRRUST
GATA4,STAR,0.6018,TRRUST
GATA4,SUMO1,0.5757,TRRUST
GATA5,SLC5A1,0.5898,TRRUST
GATA6,APOA1,0.5278,TRRUST
GATA6,CAV1,0.698,TRRUST
GATA6,CYP11A1,0.8598,TRRUST
GATA6,CYP17A1,0.872,TRRUST
GATA6,DAB2,0.825,TRRUST
GATA6,DKK1,0.5354,TRRUST
GATA6,PLAU,0.7004,TRRUST
GATA6,SULT2A1,0.9269,TRRUST
GATA6,VWF,0.5564,TRRUST
GBX2,IL6,0.873,TRRUST
GCM1,ERVFRD-1,0.5416,TRRUST
GCM1,ERVW-1,0.8872,TRRUST
GCM1,MFSD2A,0.5509,TRRUST
GCM1,PGF,0.8428,TRRUST
GCM2,CASR,0.8768,TRRUST
GCM2,PTH,0.8206,TRRUST
GFI1,BAX,0.6708,TRRUST
GFI1,CDKN1A,0.5441,TRRUST
GFI1,CYP27B1,0.674,TRRUST
GFI1,ELANE,0.5319,TRRUST
GFI1,GUCY1B1,0.5573,TRRUST
GFI1,NF1,0.6083,TRRUST
GFI1B,MEF2C,0.7329,TRRUST
GLI1,AKT1,0.5764,TRRUST
GLI1,BCL2,0.8523,TRRUST
GLI1,BHLHE41,0.9225,TRRUST
GLI1,CDK2,0.8637,TRRUST
GLI1,CYR61,0.8296,TRRUST
GLI1,EGR2,0.7379,TRRUST
GLI1,FAS,0.6825,TRRUST
GLI1,H2AFX,0.708,TRRUST
GLI1,IL1R2,0.5758,TRRUST
GLI1,JUN,0.6162,TRRUST
GLI1,MUC5AC,0.8743,TRRUST
GLI1,PDGFRA,0.8972,TRRUST
GLI1,S100A7,0.6292,TRRUST
GLI1,S100A9,0.5345,TRRUST
GLI1,SFRP1,0.8502,TRRUST
GLI1,SMAD4,0.5634,TRRUST
GLI1,SOCS1,0.8664,TRRUST
GLI1,SOX9,0.5652,TRRUST
GLI1,TNFRSF10B,0.7698,TRRUST
GLI2,BCL2,0.8985,TRRUST
GLI2,BHLHE41,0.5869,TRRUST
GLI2,CDH1,0.704,TRRUST
GLI2,FAS,0.7606,TRRUST
GLI2,FOXA2,0.6251,TRRUST
GLI2,FOXC2,0.6103,TRRUST
GLI2,FOXE1,0.5202,TRRUST
GLI2,FOXF1,0.89,TRRUST
GLI2,FOXL1,0.5256,TRRUST
GLI2,FST,0.8483,TRRUST
GLI2,H2AFX,0.6765,TRRUST
GLI2,IFITM5,0.8864,TRRUST
GLI2,JUN,0.5955,TRRUST
GLI2,MUC5AC,0.8326,TRRUST
GLI2,PDGFRA,0.8622,TRRUST
GLI2,SOCS1,0.8702,TRRUST
GLI2,TNFRSF10B,0.7106,TRRUST
GLI2,WNT2B,0.8333,TRRUST
GLI3,HLA-G,0.7161,TRRUST
GLI3,SMO,0.9026,TRRUST
GLI3,VMP1,0.8278,TRRUST
GLIS3,INS,0.5288,TRRUST
GRHL1,CYP11A1,0.559,TRRUST
GSC,GSC2,0.6236,TRRUST
GTF2A1,TBP,0.5935,TRRUST
GTF2B,BDKRB1,0.5947,TRRUST
GTF2F1,BGLAP,0.5598,TRRUST
GTF2I,DNAAF4,0.5853,TRRUST
GTF2I,HSPA5,0.8211,TRRUST
GTF2I,SIRT1,0.89,TRRUST
GTF3A,ADM,0.6205,TRRUST
GTF3A,BAG3,0.8874,TRRUST
GTF3A,FUS,0.6161,TRRUST
GTF3A,RAD51B,0.5996,TRRUST
GTF3A,STAT1,0.5333,TRRUST
GZF1,HOXA10,0.7693,TRRUST
HAND2,DBH,0.8273,TRRUST
HAND2,GATA4,0.5787,TRRUST
HAND2,NPPA,0.8356,TRRUST
HAND2,PHOX2A,0.8213,TRRUST
HAX1,ATP2A2,0.7164,TRRUST
HBP1,CDKN1A,0.7025,TRRUST
HBP1,DNMT1,0.7235,TRRUST
HBP1,MIF,0.7335,TRRUST
HBP1,NCF1,0.6748,TRRUST
HCFC1,E2F1,0.8335,TRRUST
HCFC1,E2F4,0.7315,TRRUST
HCFC1,MMACHC,0.5577,TRRUST
HDAC1,ABCB1,0.7502,TRRUST
HDAC1,ALOX15,0.5918,TRRUST
HDAC1,APOC3,0.613,TRRUST
HDAC1,AR,0.5962,TRRUST
HDAC1,BAMBI,0.7173,TRRUST
HDAC1,BCL2A1,0.894,TRRUST
HDAC1,BIRC3,0.8503,TRRUST
HDAC1,BIRC5,0.5537,TRRUST
HDAC1,BRCA2,0.7568,TRRUST
HDAC1,CCND1,0.8691,TRRUST
HDAC1,CCND2,0.7578,TRRUST
HDAC1,CD1D,0.7605,TRRUST
HDAC1,CD44,0.7643,TRRUST
HDAC1,CD82,0.7708,TRRUST
HDAC1,CDH1,0.7174,TRRUST
HDAC1,CDKN1A,0.7051,TRRUST
HDAC1,CDKN2A,0.584,TRRUST
HDAC1,CLDN7,0.8608,TRRUST
HDAC1,COL1A2,0.8861,TRRUST
HDAC1,CXCL8,0.5976,TRRUST
HDAC1,CYP3A4,0.5957,TRRUST
HDAC1,DEFB1,0.5612,TRRUST
HDAC1,DNMT1,0.5384,TRRUST
HDAC1,E2F1,0.7174,TRRUST
HDAC1,EGFR,0.6857,TRRUST
HDAC1,EGR1,0.7679,TRRUST
HDAC1,EIF2AK1,0.708,TRRUST
HDAC1,EPCAM,0.537,TRRUST
HDAC1,ESR1,0.6728,TRRUST
HDAC1,FOS,0.741,TRRUST
HDAC1,GAD1,0.7401,TRRUST
HDAC1,GRIN2B,0.8575,TRRUST
HDAC1,HLA-DRA,0.6779,TRRUST
HDAC1,HMGCS1,0.5651,TRRUST
HDAC1,HSPA5,0.7042,TRRUST
HDAC1,ICAM1,0.8945,TRRUST
HDAC1,IGFBP3,0.8866,TRRUST
HDAC1,IL2,0.7101,TRRUST
HDAC1,KLF4,0.694,TRRUST
HDAC1,MGMT,0.6287,TRRUST
HDAC1,MICA,0.5699,TRRUST
HDAC1,MICB,0.5957,TRRUST
HDAC1,MMP28,0.6855,TRRUST
HDAC1,MMP9,0.7234,TRRUST
HDAC1,NFKB1,0.523,TRRUST
HDAC1,NOS3,0.5756,TRRUST
HDAC1,PCNA,0.776,TRRUST
HDAC1,PHB,0.7123,TRRUST
HDAC1,POU5F1,0.5243,TRRUST
HDAC1,PSIP1,0.5234,TRRUST
HDAC1,PTGS2,0.8627,TRRUST
HDAC1,RARB,0.6876,TRRUST
HDAC1,RECK,0.8226,TRRUST
HDAC1,RECQL4,0.7532,TRRUST
HDAC1,RELN,0.7204,TRRUST
HDAC1,RGS10,0.5518,TRRUST
HDAC1,RHOB,0.769,TRRUST
HDAC1,RUNX3,0.8328,TRRUST
HDAC1,SERPINB5,0.6252,TRRUST
HDAC1,SFRP1,0.5545,TRRUST
HDAC1,SMAD7,0.6177,TRRUST
HDAC1,SNAI2,0.7363,TRRUST
HDAC1,SP1,0.7609,TRRUST
HDAC1,SPP1,0.7782,TRRUST
HDAC1,STAT3,0.5517,TRRUST
HDAC1,TERT,0.6257,TRRUST
HDAC1,TFF1,0.7128,TRRUST
HDAC1,TJP1,0.7124,TRRUST
HDAC1,TNFRSF10A,0.5574,TRRUST
HDAC1,TP53,0.7296,TRRUST
HDAC1,TXNIP,0.687,TRRUST
HDAC10,TXNIP,0.7309,TRRUST
HDAC11,IL10,0.7296,TRRUST
HDAC11,IL17A,0.7538,TRRUST
HDAC11,MYC,0.6117,TRRUST
HDAC11,TNF,0.7184,TRRUST
HDAC11,TNFSF4,0.8533,TRRUST
HDAC2,ALOX5,0.8485,TRRUST
HDAC2,APAF1,0.6914,TRRUST
HDAC2,BMP7,0.6763,TRRUST
HDAC2,CAD,0.5577,TRRUST
HDAC2,CCL2,0.5497,TRRUST
HDAC2,CCNE1,0.7763,TRRUST
HDAC2,CD1D,0.7313,TRRUST
HDAC2,CDH1,0.7082,TRRUST
HDAC2,CDKN1A,0.5839,TRRUST
HDAC2,COL1A2,0.6853,TRRUST
HDAC2,CXCL8,0.7188,TRRUST
HDAC2,DEC1,0.5889,TRRUST
HDAC2,DNMT1,0.7238,TRRUST
HDAC2,GRM2,0.5642,TRRUST
HDAC2,IGF1,0.6293,TRRUST
HDAC2,KLF4,0.7668,TRRUST
HDAC2,MUC5AC,0.7386,TRRUST
HDAC2,MYC,0.5826,TRRUST
HDAC2,MYCN,0.5883,TRRUST
HDAC2,PHB,0.6921,TRRUST
HDAC2,SNAI2,0.7135,TRRUST
HDAC2,SP1,0.6743,TRRUST
HDAC2,TGFBR2,0.7223,TRRUST
HDAC2,TNFSF10,0.7297,TRRUST
HDAC2,TP63,0.5451,TRRUST
HDAC2,TWIST1,0.776,TRRUST
HDAC2,VEGFA,0.62,TRRUST
HDAC3,ALOX5,0.8994,TRRUST
HDAC3,APOC3,0.5787,TRRUST
HDAC3,CDH1,0.7657,TRRUST
HDAC3,CDKN2A,0.6844,TRRUST
HDAC3,CXCR4,0.757,TRRUST
HDAC3,EGFR,0.5337,TRRUST
HDAC3,GAS2,0.7574,TRRUST
HDAC3,GATA2,0.7003,TRRUST
HDAC3,GCM1,0.6165,TRRUST
HDAC3,GRHL1,0.7738,TRRUST
HDAC3,GTF2I,0.5364,TRRUST
HDAC3,IFNA1,0.7209,TRRUST
HDAC3,JUN,0.7779,TRRUST
HDAC3,LGALS9,0.5732,TRRUST
HDAC3,LSS,0.615,TRRUST
HDAC3,MBD1,0.5848,TRRUST
HDAC3,MMP2,0.7113,TRRUST
HDAC3,MYC,0.7014,TRRUST
HDAC3,PCK2,0.5424,TRRUST
HDAC3,PRAM1,0.6038,TRRUST
HDAC3,TLR9,0.5625,TRRUST
HDAC3,TNF,0.5762,TRRUST
HDAC3,ULBP1,0.5742,TRRUST
HDAC3,VEGFA,0.5835,TRRUST
HDAC4,ATF4,0.6152,TRRUST
HDAC4,CA9,0.6279,TRRUST
HDAC4,CDKN1A,0.7148,TRRUST
HDAC4,CDKN2A,0.761,TRRUST
HDAC4,HDAC3,0.6041,TRRUST
HDAC4,HOXB13,0.7331,TRRUST
HDAC4,IL10,0.7752,TRRUST
HDAC4,IL5,0.5421,TRRUST
HDAC4,JUN,0.832,TRRUST
HDAC4,KLF4,0.6139,TRRUST
HDAC4,MEF2A,0.7183,TRRUST
HDAC4,MMP13,0.7632,TRRUST
HDAC4,PTPA,0.6182,TRRUST
HDAC4,PTGES,0.5269,TRRUST
HDAC4,PTGS2,0.9172,TRRUST
HDAC4,RECK,0.5693,TRRUST
HDAC4,RUNX2,0.7261,TRRUST
HDAC4,SLC2A4,0.5889,TRRUST
HDAC4,SMAD4,0.6219,TRRUST
HDAC4,TGIF1,0.8221,TRRUST
HDAC4,TGIF2,0.8725,TRRUST
HDAC4,VCAM1,0.8956,TRRUST
HDAC4,VEGFA,0.7495,TRRUST
HDAC4,WT1,0.7462,TRRUST
HDAC5,FGF2,0.6848,TRRUST
HDAC5,IGF2,0.5529,TRRUST
HDAC5,MEF2A,0.7095,TRRUST
HDAC5,SLC2A1,0.9085,TRRUST
HDAC5,SLC2A4,0.7007,TRRUST
HDAC5,SLIT2,0.6932,TRRUST
HDAC5,WT1,0.7753,TRRUST
HDAC5,YY1,0.821,TRRUST
HDAC7,ACTN4,0.7798,TRRUST
HDAC7,AKAP12,0.7445,TRRUST
HDAC7,CDKN1A,0.9111,TRRUST
HDAC7,CYP7A1,0.5524,TRRUST
HDAC7,ESR1,0.6716,TRRUST
HDAC7,HDC,0.7512,TRRUST
HDAC7,HIF1A,0.9118,TRRUST
HDAC7,MAML1,0.6015,TRRUST
HDAC7,MEF2A,0.6857,TRRUST
HDAC7,MEF2C,0.7529,TRRUST
HDAC7,MEF2D,0.7546,TRRUST
HDAC7,MMP10,0.7424,TRRUST
HDAC7,NR4A1,0.6043,TRRUST
HDAC9,APP,0.6131,TRRUST
HDAC9,CDKN2A,0.8875,TRRUST
HDAC9,CFLAR,0.8297,TRRUST
HDAC9,CITED2,0.7236,TRRUST
HDAC9,DIRAS3,0.6785,TRRUST
HDAC9,ESR1,0.7148,TRRUST
HDAC9,HSPA5,0.7148,TRRUST
HDAC9,IGFBP1,0.6773,TRRUST
HDAC9,IL18,0.5584,TRRUST
HDAC9,MEF2A,0.6822,TRRUST
HDAC9,MMP13,0.9089,TRRUST
HDAC9,MYEF2,0.7742,TRRUST
HDAC9,NFKB1,0.678,TRRUST
HDAC9,PRL,0.7751,TRRUST
HDAC9,RELA,0.7275,TRRUST
HDAC9,STAT6,0.703,TRRUST
HDAC9,TNFRSF10B,0.6785,TRRUST
HDAC9,TP53,0.7251,TRRUST
HDGF,CDH1,0.7574,TRRUST
HDGF,FAS,0.8978,TRRUST
HDGF,SMYD1,0.6755,TRRUST
HDGF,VEGFA,0.828,TRRUST
HDGF,VEGFB,0.8643,TRRUST
HDGF,VIM,0.8525,TRRUST
HES1,ASCL1,0.6956,TRRUST
HES1,CD4,0.7009,TRRUST
HES1,DBF4,0.9084,TRRUST
HES1,E2F1,0.7722,TRRUST
HES1,HTR1A,0.5646,TRRUST
HES1,MAP2,0.7697,TRRUST
HES1,PTEN,0.7054,TRRUST
HES1,PTGDS,0.7224,TRRUST
HES6,ASCL1,0.6949,TRRUST
HES6,HTR1A,0.5905,TRRUST
HEXIM1,CCND1,0.7777,TRRUST
HEXIM1,VEGFA,0.5864,TRRUST
HEY1,ACTA2,0.7094,TRRUST
HEY1,BMP2,0.7413,TRRUST
HEY1,GATA4,0.6835,TRRUST
HEY1,GATA6,0.7678,TRRUST
HEY1,KDR,0.7253,TRRUST
HEY1,OCLN,0.8694,TRRUST
HEY1,PROX1,0.7344,TRRUST
HEY2,ACTA2,0.7387,TRRUST
HEY2,GATA4,0.6779,TRRUST
HEY2,GATA6,0.7451,TRRUST
HEYL,AR,0.6966,TRRUST
HHEX,HNF4A,0.8985,TRRUST
HHEX,SLC5A5,0.9105,TRRUST
HHEX,TLE1,0.6084,TRRUST
HIC1,ACKR3,0.7308,TRRUST
HIC1,E2F1,0.7272,TRRUST
HIC1,EPHA2,0.6857,TRRUST
HIC1,LRP8,0.7553,TRRUST
HIC1,MYC,0.6999,TRRUST
HIC1,SIRT1,0.7246,TRRUST
HIC1,STAT3,0.8513,TRRUST
HIC1,VEGFA,0.6847,TRRUST
HIC1,VLDLR,0.7393,TRRUST
HIF1A,ABCB1,0.676,TRRUST
HIF1A,ACE,0.9024,TRRUST
HIF1A,ACE2,0.7049,TRRUST
HIF1A,AGTR1,0.82,TRRUST
HIF1A,ALAS2,0.8762,TRRUST
HIF1A,ALDOA,0.8252,TRRUST
HIF1A,ALOX5AP,0.5504,TRRUST
HIF1A,APEX1,0.7478,TRRUST
HIF1A,AR,0.8269,TRRUST
HIF1A,ARNT,0.6123,TRRUST
HIF1A,ARNT2,0.5204,TRRUST
HIF1A,ASS1,0.8472,TRRUST
HIF1A,BAX,0.9015,TRRUST
HIF1A,BID,0.7048,TRRUST
HIF1A,BNIP3,0.8312,TRRUST
HIF1A,CA9,0.8596,TRRUST
HIF1A,CCND1,0.6997,TRRUST
HIF1A,CCR7,0.9127,TRRUST
HIF1A,CDH1,0.7045,TRRUST
HIF1A,CTGF,0.9068,TRRUST
HIF1A,CXCL12,0.6181,TRRUST
HIF1A,CXCR4,0.8677,TRRUST
HIF1A,E2F3,0.9201,TRRUST
HIF1A,EDN1,0.8615,TRRUST
HIF1A,EDNRB,0.926,TRRUST
HIF1A,EGLN1,0.5298,TRRUST
HIF1A,EGLN3,0.5956,TRRUST
HIF1A,ENO1,0.8743,TRRUST
HIF1A,EPO,0.8626,TRRUST
HIF1A,ERCC2,0.5896,TRRUST
HIF1A,FAM162A,0.5974,TRRUST
HIF1A,FGF2,0.8205,TRRUST
HIF1A,GAPDH,0.5384,TRRUST
HIF1A,GCK,0.5984,TRRUST
HIF1A,HBEGF,0.8933,TRRUST
HIF1A,HIF1A,0.7763,TRRUST
HIF1A,ITGB2,0.9037,TRRUST
HIF1A,KLK3,0.6246,TRRUST
HIF1A,LDHA,0.8973,TRRUST
HIF1A,LEP,0.8528,TRRUST
HIF1A,LOX,0.5316,TRRUST
HIF1A,MET,0.906,TRRUST
HIF1A,MICA,0.8909,TRRUST
HIF1A,MIF,0.8253,TRRUST
HIF1A,MMP2,0.8596,TRRUST
HIF1A,MUC1,0.6252,TRRUST
HIF1A,MUC3A,0.575,TRRUST
HIF1A,NR3C1,0.5676,TRRUST
HIF1A,NR4A1,0.8703,TRRUST
HIF1A,NT5E,0.843,TRRUST
HIF1A,PFKFB3,0.5606,TRRUST
HIF1A,PFKFB4,0.5607,TRRUST
HIF1A,PGK1,0.8258,TRRUST
HIF1A,PIK3CA,0.6044,TRRUST
HIF1A,PLAU,0.5658,TRRUST
HIF1A,PPARA,0.6104,TRRUST
HIF1A,PPP1R3C,0.6135,TRRUST
HIF1A,PTGES,0.8433,TRRUST
HIF1A,RECK,0.7423,TRRUST
HIF1A,RORA,0.872,TRRUST
HIF1A,SDHB,0.7668,TRRUST
HIF1A,SERPINE1,0.5437,TRRUST
HIF1A,SETD2,0.8946,TRRUST
HIF1A,SLC29A1,0.7369,TRRUST
HIF1A,SLC2A1,0.8525,TRRUST
HIF1A,SOCS1,0.835,TRRUST
HIF1A,STAT3,0.5917,TRRUST
HIF1A,TERT,0.9012,TRRUST
HIF1A,TFRC,0.5547,TRRUST
HIF1A,TGFB3,0.8909,TRRUST
HIF1A,TIMP2,0.8635,TRRUST
HIF1A,TLR2,0.5985,TRRUST
HIF1A,TLR6,0.5419,TRRUST
HIF1A,TUBB3,0.6179,TRRUST
HIF1A,TWIST1,0.8516,TRRUST
HIF1A,TWIST2,0.5605,TRRUST
HIF1A,VEGFA,0.8264,TRRUST
HIF1A,VEGFB,0.5323,TRRUST
HIF1A,VHL,0.5767,TRRUST
HIF1A,VIM,0.8494,TRRUST
HIF1A,WASF3,0.9119,TRRUST
HIF1A,XPC,0.8216,TRRUST
HIF1A,ZNF217,0.8617,TRRUST
HIF3A,EPAS1,0.5571,TRRUST
HIF3A,HIF1A,0.5221,TRRUST
HINFP,MBD2,0.6837,TRRUST
HIPK2,ABCB1,0.5655,TRRUST
HIPK2,CDKN1A,0.8742,TRRUST
HIPK2,CTBP2,0.5645,TRRUST
HIPK2,HIF1A,0.7284,TRRUST
HIPK2,MEF2C,0.7355,TRRUST
HIPK2,NOX1,0.6711,TRRUST
HIPK2,TP53,0.5711,TRRUST
HIPK2,VEGFA,0.776,TRRUST
HIPK2,VIM,0.7271,TRRUST
HIRA,PLB1,0.7445,TRRUST
HIVEP2,HLA-A,0.5543,TRRUST
HIVEP2,HLA-B,0.6051,TRRUST
HIVEP2,HLA-C,0.605,TRRUST
HIVEP2,HLA-E,0.5773,TRRUST
HIVEP2,HLA-F,0.6274,TRRUST
HIVEP2,HLA-G,0.5338,TRRUST
HLF,DBP,0.8219,TRRUST
HLF,RUNX1,0.7547,TRRUST
HLTF,HERC2,0.6088,TRRUST
HLTF,OCA2,0.8332,TRRUST
HLX,BTG1,0.5492,TRRUST
HLX,PAK1,0.5219,TRRUST
HMG20B,BRCA2,0.5523,TRRUST
HMGA1,BRCA1,0.755,TRRUST
HMGA1,CD44,0.877,TRRUST
HMGA1,CDC25A,0.8583,TRRUST
HMGA1,CDH1,0.7109,TRRUST
HMGA1,CRYAB,0.5201,TRRUST
HMGA1,CXCL1,0.553,TRRUST
HMGA1,IL1B,0.5911,TRRUST
HMGA1,INSR,0.9272,TRRUST
HMGA1,KL,0.9132,TRRUST
HMGA1,POU1F1,0.8226,TRRUST
HMGA1,PTGS2,0.9188,TRRUST
HMGA1,RAG2,0.6062,TRRUST
HMGA1,SLC2A3,0.9058,TRRUST
HMGA1,SP1,0.5704,TRRUST
HMGA1,TP53,0.5638,TRRUST
HMGA1,TWIST1,0.8533,TRRUST
HMGA1,XPA,0.6772,TRRUST
HMGA2,CDH1,0.8451,TRRUST
HMGA2,COL11A2,0.8471,TRRUST
HMGA2,IGF2BP2,0.5732,TRRUST
HMGA2,POU1F1,0.9022,TRRUST
HMGA2,SNAI1,0.5721,TRRUST
HMGB2,GFI1B,0.8264,TRRUST
HMGB2,TNF,0.9254,TRRUST
HMGN1,FOS,0.6237,TRRUST
HMGN1,PCNA,0.6064,TRRUST
HMGN1,TFF1,0.629,TRRUST
HNF1A,ACAT2,0.8799,TRRUST
HNF1A,AKR1C4,0.6259,TRRUST
HNF1A,ALB,0.5283,TRRUST
HNF1A,APOM,0.5602,TRRUST
HNF1A,CDH17,0.8448,TRRUST
HNF1A,CRP,0.5415,TRRUST
HNF1A,CSRP1,0.5355,TRRUST
HNF1A,CYP1A2,0.5885,TRRUST
HNF1A,FABP1,0.6059,TRRUST
HNF1A,GPR39,0.5836,TRRUST
HNF1A,IGFBP1,0.8362,TRRUST
HNF1A,LCT,0.9092,TRRUST
HNF1A,MTTP,0.89,TRRUST
HNF1A,NT5E,0.5627,TRRUST
HNF1A,SLC22A10,0.8942,TRRUST
HNF1A,SLC22A9,0.8486,TRRUST
HNF1A,SLCO1B3,0.558,TRRUST
HNF1A,TM4SF1,0.7709,TRRUST
HNF1A,UGT1A1,0.852,TRRUST
HNF1A,UGT1A10,0.8717,TRRUST
HNF1A,UGT1A7,0.6179,TRRUST
HNF1A,UGT1A8,0.8978,TRRUST
HNF1A,UGT1A9,0.8268,TRRUST
HNF1A,UGT2B17,0.8362,TRRUST
HNF1A,UGT2B7,0.8209,TRRUST
HNF1A,VEGFA,0.5894,TRRUST
HNF1B,FXYD2,0.5692,TRRUST
HNF1B,UMOD,0.8348,TRRUST
HNF4A,ABCC6,0.6254,TRRUST
HNF4A,ABCG5,0.7283,TRRUST
HNF4A,ABCG8,0.6966,TRRUST
HNF4A,ACAT2,0.5751,TRRUST
HNF4A,AFP,0.8948,TRRUST
HNF4A,AKR1C4,0.5284,TRRUST
HNF4A,APOA1,0.5502,TRRUST
HNF4A,APOA2,0.6088,TRRUST
HNF4A,APOB,0.5706,TRRUST
HNF4A,APOC3,0.5801,TRRUST
HNF4A,C1QTNF5,0.8676,TRRUST
HNF4A,CDKN1A,0.5248,TRRUST
HNF4A,CEACAM1,0.8382,TRRUST
HNF4A,CYP27A1,0.569,TRRUST
HNF4A,CYP2B6,0.543,TRRUST
HNF4A,CYP2C8,0.8255,TRRUST
HNF4A,CYP2C9,0.9128,TRRUST
HNF4A,CYP2D6,0.9279,TRRUST
HNF4A,CYP3A4,0.6072,TRRUST
HNF4A,CYP7A1,0.7639,TRRUST
HNF4A,FABP2,0.8466,TRRUST
HNF4A,GCK,0.6257,TRRUST
HNF4A,GFER,0.6917,TRRUST
HNF4A,GH1,0.7747,TRRUST
HNF4A,GPR39,0.6294,TRRUST
HNF4A,HNF1A,0.5983,TRRUST
HNF4A,KCNJ11,0.6279,TRRUST
HNF4A,LDLR,0.8826,TRRUST
HNF4A,LIPC,0.5485,TRRUST
HNF4A,MMP7,0.8681,TRRUST
HNF4A,MTTP,0.8853,TRRUST
HNF4A,MYC,0.828,TRRUST
HNF4A,NPC1L1,0.8885,TRRUST
HNF4A,NR1I2,0.9279,TRRUST
HNF4A,PCSK9,0.8409,TRRUST
HNF4A,PPARA,0.6072,TRRUST
HNF4A,RNASE2,0.9199,TRRUST
HNF4A,SERPINC1,0.9238,TRRUST
HNF4A,SHBG,0.9256,TRRUST
HNF4A,SLC22A6,0.5774,TRRUST
HNF4A,SLC26A3,0.6275,TRRUST
HNF4A,TBP,0.6033,TRRUST
HNF4A,TCF7L2,0.5378,TRRUST
HNF4A,UGT1A7,0.5725,TRRUST
HNF4A,UGT2B7,0.599,TRRUST
HNF4G,AFP,0.8472,TRRUST
HNF4G,AKR1C4,0.5905,TRRUST
HNF4G,CYP2D6,0.8933,TRRUST
HNRNPD,KLF2,0.5379,TRRUST
HNRNPR,ASCL1,0.5822,TRRUST
HOPX,FLG,0.9049,TRRUST
HOPX,FOS,0.7249,TRRUST
HOPX,LOR,0.8213,TRRUST
HOXA1,BCL2,0.821,TRRUST
HOXA1,CCND1,0.8593,TRRUST
HOXA1,EPAS1,0.6219,TRRUST
HOXA1,IER3,0.5452,TRRUST
HOXA1,LYL1,0.5898,TRRUST
HOXA1,MYC,0.8444,TRRUST
HOXA1,PCNA,0.5554,TRRUST
HOXA10,BHLHE22,0.9133,TRRUST
HOXA10,CDKN1C,0.7502,TRRUST
HOXA10,EMX2,0.8305,TRRUST
HOXA10,ID2,0.8672,TRRUST
HOXA10,IGFBP1,0.8232,TRRUST
HOXA10,IL11,0.7229,TRRUST
HOXA10,IL15,0.8929,TRRUST
HOXA10,ITGB3,0.533,TRRUST
HOXA10,KLF9,0.7018,TRRUST
HOXA10,LYL1,0.5638,TRRUST
HOXA10,MYCN,0.7711,TRRUST
HOXA10,PHGDH,0.7793,TRRUST
HOXA10,SNAI1,0.6749,TRRUST
HOXA10,TP53,0.9037,TRRUST
HOXA10,WT1,0.5609,TRRUST
HOXA11,HOXA10,0.7132,TRRUST
HOXA4,TH,0.603,TRRUST
HOXA5,ARHGEF1,0.921,TRRUST
HOXA5,PGR,0.9246,TRRUST
HOXA5,PTN,0.8835,TRRUST
HOXA5,TH,0.5593,TRRUST
HOXA7,CDH1,0.9066,TRRUST
HOXA7,IVL,0.8476,TRRUST
HOXA7,KRT10,0.882,TRRUST
HOXA7,TERT,0.5594,TRRUST
HOXA7,VIM,0.8922,TRRUST
HOXA9,ARHGEF1,0.8464,TRRUST
HOXA9,CDH3,0.5411,TRRUST
HOXA9,ID2,0.921,TRRUST
HOXA9,MYCN,0.8312,TRRUST
HOXA9,NFKB1,0.7257,TRRUST
HOXA9,RELA,0.6943,TRRUST
HOXA9,SELE,0.5243,TRRUST
HOXA9,SHOX,0.524,TRRUST
HOXA9,VCAM1,0.5393,TRRUST
HOXB1,TCF4,0.7653,TRRUST
HOXB13,TCF4,0.7011,TRRUST
HOXB4,PROM1,0.6246,TRRUST
HOXB7,CCND1,0.884,TRRUST
HOXB7,CDKN1B,0.718,TRRUST
HOXB7,DAPK1,0.7338,TRRUST
HOXB7,EGFR,0.8768,TRRUST
HOXB7,FGF2,0.9035,TRRUST
HOXB7,MMP2,0.8511,TRRUST
HOXB7,PDGFA,0.8588,TRRUST
HOXB7,THBS2,0.7684,TRRUST
HOXB7,VEGFA,0.9241,TRRUST
HOXB7,WNT5A,0.9182,TRRUST
HOXC10,HOXB8,0.7161,TRRUST
HOXC11,LCT,0.6058,TRRUST
HOXC11,S100B,0.5724,TRRUST
HOXC13,DSG4,0.7247,TRRUST
HOXC13,SPI1,0.6925,TRRUST
HOXC6,IGFBP3,0.735,TRRUST
HOXC6,MME,0.6905,TRRUST
HOXC8,TNFRSF11B,0.5565,TRRUST
HOXC9,HOXB8,0.7641,TRRUST
HOXD1,ITGB1,0.5428,TRRUST
HOXD13,FHL1,0.5278,TRRUST
HOXD3,ITGA5,0.5276,TRRUST
HOXD3,ITGAV,0.6235,TRRUST
HOXD3,ITGB1,0.5758,TRRUST
HOXD3,ITGB3,0.565,TRRUST
HOXD3,PLAU,0.6092,TRRUST
HOXD9,HOXD9,0.9119,TRRUST
HR,OLR1,0.8565,TRRUST
HSF1,ABCB1,0.5963,TRRUST
HSF1,ATG7,0.9048,TRRUST
HSF1,BAG3,0.742,TRRUST
HSF1,CDKN1A,0.6867,TRRUST
HSF1,CRYGA,0.6163,TRRUST
HSF1,CRYGB,0.5793,TRRUST
HSF1,FKBP4,0.5511,TRRUST
HSF1,FUT4,0.5668,TRRUST
HSF1,GUCA2B,0.6741,TRRUST
HSF1,HLA-G,0.5341,TRRUST
HSF1,HOPX,0.6042,TRRUST
HSF1,HSD17B6,0.67,TRRUST
HSF1,HSP90B2P,0.5658,TRRUST
HSF1,HSPA1A,0.5775,TRRUST
HSF1,HSPA1B,0.526,TRRUST
HSF1,HSPA4,0.927,TRRUST
HSF1,IL1B,0.6949,TRRUST
HSF1,JUN,0.5535,TRRUST
HSF1,LDHA,0.8534,TRRUST
HSF1,MAP3K14,0.5453,TRRUST
HSF1,MICA,0.8202,TRRUST
HSF1,MICB,0.9002,TRRUST
HSF1,NAT1,0.9264,TRRUST
HSF1,NFKB1,0.5447,TRRUST
HSF1,POLK,0.8929,TRRUST
HSF1,RELA,0.6016,TRRUST
HSF1,SERPINE1,0.9133,TRRUST
HSF1,SESN3,0.5665,TRRUST
HSF1,STIP1,0.5533,TRRUST
HSF1,TNF,0.5558,TRRUST
HSF1,UBB,0.5984,TRRUST
HSF2,FOS,0.6098,TRRUST
HSF2,HIF1A,0.54,TRRUST
HSF2,HSPA4,0.8608,TRRUST
HSF2,MAP2K4,0.7692,TRRUST
HSF2,MAPK8,0.7587,TRRUST
HSF2,TNFSF11,0.9283,TRRUST
HSF2,TXN,0.603,TRRUST
HSF4,CRYGC,0.5633,TRRUST
HSF4,DNASE2B,0.885,TRRUST
HSF4,HIF1A,0.5927,TRRUST
HSF4,RAD51,0.5286,TRRUST
HTATIP2,MMP2,0.7299,TRRUST
HTATIP2,SPP1,0.748,TRRUST
HTATIP2,VEGFA,0.6884,TRRUST
ID1,ZNF148,0.7559,TRRUST
ID2,SNAI1,0.8842,TRRUST
ID2,TERT,0.6247,TRRUST
ID3,TCF3,0.6747,TRRUST
ID3,VEGFA,0.5492,TRRUST
ID4,BRCA1,0.7362,TRRUST
ID4,SOX2,0.5526,TRRUST
IFI16,BRCA1,0.5986,TRRUST
IFI16,ICAM1,0.7535,TRRUST
IFI16,MYC,0.6813,TRRUST
IFI16,TP53,0.5765,TRRUST
IFI16,WT1,0.876,TRRUST
IKBKB,CD44,0.7106,TRRUST
IKBKB,CXCL8,0.6226,TRRUST
IKBKB,MMP9,0.761,TRRUST
IKBKB,NOS2,0.7467,TRRUST
IKBKB,TP53,0.5986,TRRUST
IKBKB,VCAM1,0.7208,TRRUST
IKZF1,FGFR4,0.9213,TRRUST
ILF2,ACRV1,0.8964,TRRUST
ILF2,IL2,0.6002,TRRUST
ILF2,ILF3,0.6148,TRRUST
ILF3,ACRV1,0.8501,TRRUST
ILF3,BIRC5,0.9088,TRRUST
ILF3,HLA-DQA1,0.5415,TRRUST
ILF3,HLA-DRA,0.708,TRRUST
ILF3,HLA-DRB1,0.5569,TRRUST
ILF3,IL2,0.9276,TRRUST
ILF3,PLAU,0.9142,TRRUST
ING1,AFP,0.7471,TRRUST
ING1,BAX,0.9,TRRUST
ING1,CASP3,0.8818,TRRUST
ING1,CDKN1A,0.9242,TRRUST
ING1,FAT1,0.5746,TRRUST
ING1,PCNA,0.5619,TRRUST
ING1,TP53,0.8379,TRRUST
ING2,BCL2,0.7565,TRRUST
ING2,MMP13,0.9008,TRRUST
ING2,TMEM71,0.5623,TRRUST
ING4,ANGPT1,0.6728,TRRUST
ING4,ARL6IP5,0.9123,TRRUST
ING4,BAX,0.8213,TRRUST
ING4,BCL2,0.7474,TRRUST
ING4,CASP3,0.9267,TRRUST
ING4,CCND1,0.7181,TRRUST
ING4,CDKN1A,0.8458,TRRUST
ING4,CDKN1B,0.8975,TRRUST
ING4,CXCL8,0.7599,TRRUST
ING4,NGF,0.7301,TRRUST
ING4,NTRK1,0.7764,TRRUST
ING4,PTGS2,0.6757,TRRUST
ING4,SKP2,0.7255,TRRUST
ING4,SPP1,0.749,TRRUST
ING4,TP53,0.9149,TRRUST
IRF1,BCL2,0.6897,TRRUST
IRF1,CASP7,0.908,TRRUST
IRF1,CCL5,0.5808,TRRUST
IRF1,CCNB1,0.7136,TRRUST
IRF1,CCNE1,0.6845,TRRUST
IRF1,CD40,0.9152,TRRUST
IRF1,CDK1,0.6873,TRRUST
IRF1,CDK2,0.7041,TRRUST
IRF1,CDK4,0.7019,TRRUST
IRF1,CDKN1A,0.7659,TRRUST
IRF1,CEACAM1,0.894,TRRUST
IRF1,CIITA,0.9076,TRRUST
IRF1,CXCL10,0.8476,TRRUST
IRF1,CYBB,0.8887,TRRUST
IRF1,DDX58,0.8829,TRRUST
IRF1,DST,0.7616,TRRUST
IRF1,E2F1,0.7697,TRRUST
IRF1,EIF2AK2,0.8213,TRRUST
IRF1,ERAP2,0.5941,TRRUST
IRF1,FASLG,0.5257,TRRUST
IRF1,FOXP3,0.7304,TRRUST
IRF1,HLA-A,0.8516,TRRUST
IRF1,HLA-G,0.5537,TRRUST
IRF1,IFIT3,0.8588,TRRUST
IRF1,IFNA1,0.8883,TRRUST
IRF1,IFNA13,0.8567,TRRUST
IRF1,IFNB1,0.9006,TRRUST
IRF1,IFNG,0.8645,TRRUST
IRF1,IL10,0.8275,TRRUST
IRF1,IL12A,0.6062,TRRUST
IRF1,IL12B,0.5514,TRRUST
IRF1,IL27,0.8676,TRRUST
IRF1,IRF2,0.8954,TRRUST
IRF1,MMP9,0.5566,TRRUST
IRF1,MYB,0.6762,TRRUST
IRF1,NCF2,0.8611,TRRUST
IRF1,OGN,0.6239,TRRUST
IRF1,PIGR,0.5906,TRRUST
IRF1,POLH,0.5939,TRRUST
IRF1,PSMB10,0.5896,TRRUST
IRF1,PSMB9,0.8419,TRRUST
IRF1,SLPI,0.566,TRRUST
IRF1,SOCS1,0.9026,TRRUST
IRF1,SOCS2,0.8312,TRRUST
IRF1,TAP1,0.8506,TRRUST
IRF1,TAP2,0.5504,TRRUST
IRF1,TAPBP,0.5675,TRRUST
IRF1,TNFSF10,0.9278,TRRUST
IRF1,TP53,0.5274,TRRUST
IRF1,TRIM22,0.5771,TRRUST
IRF1,VCAM1,0.5397,TRRUST
IRF2,CIITA,0.9268,TRRUST
IRF2,CXCR4,0.6825,TRRUST
IRF2,DST,0.7144,TRRUST
IRF2,ERAP2,0.6012,TRRUST
IRF2,IFNB1,0.8975,TRRUST
IRF2,IFNGR1,0.7165,TRRUST
IRF2,IL4,0.5581,TRRUST
IRF2,TAP1,0.8637,TRRUST
IRF3,ABCC2,0.8491,TRRUST
IRF3,CCL2,0.5426,TRRUST
IRF3,CCL5,0.5731,TRRUST
IRF3,CXCL10,0.8495,TRRUST
IRF3,IFNA1,0.8516,TRRUST
IRF3,IFNB1,0.8922,TRRUST
IRF3,IFNL1,0.6265,TRRUST
IRF3,IRF5,0.5864,TRRUST
IRF3,IRF7,0.5285,TRRUST
IRF3,MAVS,0.8283,TRRUST
IRF3,PURA,0.7747,TRRUST
IRF3,SOCS2,0.8527,TRRUST
IRF3,TLR3,0.5301,TRRUST
IRF3,TLR4,0.5859,TRRUST
IRF3,TNPO1,0.5886,TRRUST
IRF4,BCL6,0.7413,TRRUST
IRF4,CD68,0.6994,TRRUST
IRF4,FCER2,0.8217,TRRUST
IRF4,IRF3,0.7762,TRRUST
IRF4,MS4A1,0.5476,TRRUST
IRF5,IFNA1,0.8944,TRRUST
IRF5,PDLIM7,0.7477,TRRUST
IRF5,TNF,0.5871,TRRUST
IRF6,NR1H4,0.5544,TRRUST
IRF7,ATF4,0.8498,TRRUST
IRF7,CCL5,0.5857,TRRUST
IRF7,CD80,0.9153,TRRUST
IRF7,CXCL10,0.9241,TRRUST
IRF7,IFNA1,0.8316,TRRUST
IRF7,IFNA13,0.837,TRRUST
IRF7,IFNA2,0.9239,TRRUST
IRF7,IFNB1,0.901,TRRUST
IRF7,IFNL1,0.6171,TRRUST
IRF7,IFNL2,0.5423,TRRUST
IRF7,IFNL3,0.5846,TRRUST
IRF7,NR1H4,0.5971,TRRUST
IRF8,CD68,0.7448,TRRUST
IRF8,CFLAR,0.5649,TRRUST
IRF8,CYBB,0.8217,TRRUST
IRF8,GAS2,0.7341,TRRUST
IRF8,IL10,0.5478,TRRUST
IRF8,IL12A,0.5695,TRRUST
IRF8,IL1B,0.9253,TRRUST
IRF8,NCF2,0.8639,TRRUST
IRF8,NF1,0.9124,TRRUST
IRF8,TLR3,0.6907,TRRUST
IRF8,TLR4,0.594,TRRUST
IRF9,CCND2,0.7775,TRRUST
IRF9,CDKN1A,0.8312,TRRUST
IRF9,CDKN1B,0.8209,TRRUST
IRF9,IFIT3,0.5677,TRRUST
IRF9,IL27,0.6802,TRRUST
IRF9,NCAM1,0.9023,TRRUST
IRF9,PML,0.9206,TRRUST
IRF9,SP100,0.8677,TRRUST
ISL1,FGF10,0.5485,TRRUST
ISL1,GCG,0.5678,TRRUST
ISL1,MEF2C,0.8996,TRRUST
JARID2,MYH6,0.521,TRRUST
JARID2,MYL7,0.5848,TRRUST
JARID2,NPPA,0.5875,TRRUST
JDP2,ATF3,0.7401,TRRUST
JDP2,DDIT3,0.6966,TRRUST
JUN,ABCB1,0.8985,TRRUST
JUN,ACTA1,0.5301,TRRUST
JUN,ALOX12,0.5419,TRRUST
JUN,APOC3,0.9165,TRRUST
JUN,APOM,0.6013,TRRUST
JUN,APP,0.5215,TRRUST
JUN,AR,0.6973,TRRUST
JUN,ATF3,0.8436,TRRUST
JUN,BATF3,0.5498,TRRUST
JUN,BCL2L1,0.5472,TRRUST
JUN,BECN1,0.8269,TRRUST
JUN,BEX2,0.8705,TRRUST
JUN,BRCA1,0.9006,TRRUST
JUN,CA2,0.5867,TRRUST
JUN,CCK,0.894,TRRUST
JUN,CCL2,0.8289,TRRUST
JUN,CCL5,0.6247,TRRUST
JUN,CCND1,0.9122,TRRUST
JUN,CD82,0.9086,TRRUST
JUN,CDK5R1,0.6105,TRRUST
JUN,CDKN1A,0.7726,TRRUST
JUN,CREM,0.8799,TRRUST
JUN,CSF1,0.842,TRRUST
JUN,CSF2,0.5878,TRRUST
JUN,CSTA,0.6017,TRRUST
JUN,CTGF,0.7512,TRRUST
JUN,CTSL,0.8774,TRRUST
JUN,CXCL8,0.8275,TRRUST
JUN,CYP11A1,0.5608,TRRUST
JUN,CYP19A1,0.7713,TRRUST
JUN,CYP1A2,0.5843,TRRUST
JUN,CYP2J2,0.5792,TRRUST
JUN,DCN,0.6996,TRRUST
JUN,DDIT3,0.8605,TRRUST
JUN,DDX21,0.6185,TRRUST
JUN,EDN1,0.5933,TRRUST
JUN,EGFR,0.9066,TRRUST
JUN,ELN,0.57,TRRUST
JUN,ETS1,0.8893,TRRUST
JUN,ETS2,0.5473,TRRUST
JUN,EZH2,0.5976,TRRUST
JUN,EZR,0.867,TRRUST
JUN,F3,0.5687,TRRUST
JUN,FAS,0.8914,TRRUST
JUN,FASLG,0.623,TRRUST
JUN,FGF7,0.527,TRRUST
JUN,VEGFD,0.6107,TRRUST
JUN,FOSL1,0.8522,TRRUST
JUN,GCLC,0.5688,TRRUST
JUN,GJA1,0.8224,TRRUST
JUN,GSTP1,0.5531,TRRUST
JUN,HEY1,0.8753,TRRUST
JUN,IBSP,0.5262,TRRUST
JUN,IFNB1,0.574,TRRUST
JUN,IFNG,0.922,TRRUST
JUN,IL12A,0.5316,TRRUST
JUN,IL12B,0.9041,TRRUST
JUN,IL1A,0.5651,TRRUST
JUN,IL1B,0.5921,TRRUST
JUN,IL2,0.6986,TRRUST
JUN,IL23A,0.5375,TRRUST
JUN,IL24,0.5377,TRRUST
JUN,IL3,0.8278,TRRUST
JUN,IL5RA,0.5404,TRRUST
JUN,IL6,0.8931,TRRUST
JUN,ITGAX,0.617,TRRUST
JUN,ITGB8,0.6096,TRRUST
JUN,JUN,0.8954,TRRUST
JUN,KRT16,0.8321,TRRUST
JUN,LBP,0.7018,TRRUST
JUN,LDHA,0.8541,TRRUST
JUN,LGALS3,0.8475,TRRUST
JUN,LOR,0.8767,TRRUST
JUN,MAP3K1,0.5789,TRRUST
JUN,MAPK8,0.8593,TRRUST
JUN,MAT2A,0.8589,TRRUST
JUN,MEF2D,0.9111,TRRUST
JUN,MELTF,0.6068,TRRUST
JUN,MGMT,0.5539,TRRUST
JUN,MGP,0.6205,TRRUST
JUN,MMP1,0.9248,TRRUST
JUN,MMP12,0.5559,TRRUST
JUN,MMP13,0.859,TRRUST
JUN,MMP2,0.8756,TRRUST
JUN,MMP20,0.6235,TRRUST
JUN,MMP3,0.9164,TRRUST
JUN,MMP7,0.8313,TRRUST
JUN,MMP9,0.8632,TRRUST
JUN,MSR1,0.8809,TRRUST
JUN,MYB,0.5753,TRRUST
JUN,MYC,0.6913,TRRUST
JUN,NAMPT,0.9145,TRRUST
JUN,NEFL,0.8945,TRRUST
JUN,NEIL1,0.9122,TRRUST
JUN,NFKB2,0.6145,TRRUST
JUN,NGF,0.6023,TRRUST
JUN,NOS2,0.8683,TRRUST
JUN,NOS3,0.5872,TRRUST
JUN,NOX5,0.8376,TRRUST
JUN,NPY,0.5941,TRRUST
JUN,NQO1,0.5397,TRRUST
JUN,NTS,0.5963,TRRUST
JUN,OPRM1,0.5453,TRRUST
JUN,OXTR,0.5329,TRRUST
JUN,PCK2,0.5382,TRRUST
JUN,PDHA1,0.5202,TRRUST
JUN,PDK1,0.5991,TRRUST
JUN,PENK,0.6006,TRRUST
JUN,PGR,0.7266,TRRUST
JUN,PLAT,0.8377,TRRUST
JUN,PLAU,0.5292,TRRUST
JUN,PLAUR,0.8221,TRRUST
JUN,POLD2,0.5382,TRRUST
JUN,PPARA,0.618,TRRUST
JUN,PPARD,0.8466,TRRUST
JUN,PTGS2,0.859,TRRUST
JUN,PTN,0.8316,TRRUST
JUN,RARA,0.6945,TRRUST
JUN,RARB,0.8771,TRRUST
JUN,RARG,0.7369,TRRUST
JUN,RELB,0.547,TRRUST
JUN,REN,0.5264,TRRUST
JUN,RHOB,0.863,TRRUST
JUN,RUNX2,0.5458,TRRUST
JUN,SLC19A1,0.5442,TRRUST
JUN,SMAD7,0.9256,TRRUST
JUN,SMN1,0.7378,TRRUST
JUN,SOD2,0.5813,TRRUST
JUN,SOX7,0.8657,TRRUST
JUN,SPI1,0.8672,TRRUST
JUN,SPRR1B,0.8795,TRRUST
JUN,SPRR3,0.5966,TRRUST
JUN,STAR,0.5972,TRRUST
JUN,STMN1,0.8389,TRRUST
JUN,SYK,0.575,TRRUST
JUN,TERT,0.7153,TRRUST
JUN,TFF1,0.6158,TRRUST
JUN,TIMP2,0.5895,TRRUST
JUN,TNC,0.8786,TRRUST
JUN,TNF,0.8327,TRRUST
JUN,TNFRSF10A,0.5866,TRRUST
JUN,TNFRSF1B,0.8329,TRRUST
JUN,TP53,0.7071,TRRUST
JUN,TP73,0.5357,TRRUST
JUN,TXN,0.5961,TRRUST
JUN,UGT2B15,0.8427,TRRUST
JUN,VCAM1,0.8631,TRRUST
JUN,VDR,0.9185,TRRUST
JUN,VEGFA,0.6925,TRRUST
JUNB,APOM,0.5759,TRRUST
JUNB,CD82,0.8661,TRRUST
JUNB,CDKN1A,0.522,TRRUST
JUNB,CDKN2A,0.6072,TRRUST
JUNB,CLU,0.5276,TRRUST
JUNB,EGFR,0.8722,TRRUST
JUNB,IL1B,0.5817,TRRUST
JUNB,IL3,0.5891,TRRUST
JUNB,IL4,0.8957,TRRUST
JUNB,IVL,0.5479,TRRUST
JUNB,LOR,0.6711,TRRUST
JUNB,NQO1,0.5996,TRRUST
JUNB,PTGS2,0.8789,TRRUST
JUNB,SFTPD,0.612,TRRUST
JUNB,SMAD4,0.6104,TRRUST
JUND,BCL6,0.9128,TRRUST
JUND,CCL5,0.5734,TRRUST
JUND,CCND1,0.8567,TRRUST
JUND,CCR4,0.9071,TRRUST
JUND,CD40LG,0.5696,TRRUST
JUND,CDKN1A,0.5402,TRRUST
JUND,CLU,0.614,TRRUST
JUND,CSTA,0.6171,TRRUST
JUND,ERBB2,0.5713,TRRUST
JUND,F3,0.5283,TRRUST
JUND,FGFBP1,0.5627,TRRUST
JUND,FOSL1,0.9084,TRRUST
JUND,GADD45A,0.9192,TRRUST
JUND,GAST,0.8424,TRRUST
JUND,GCLC,0.5274,TRRUST
JUND,IL3,0.6165,TRRUST
JUND,IL5,0.5628,TRRUST
JUND,IL6,0.8796,TRRUST
JUND,ITGAV,0.7765,TRRUST
JUND,ITGB3,0.6773,TRRUST
JUND,IVL,0.5913,TRRUST
JUND,MDM2,0.8282,TRRUST
JUND,MYB,0.8613,TRRUST
JUND,NOS2,0.9084,TRRUST
JUND,NQO1,0.5677,TRRUST
JUND,NQO2,0.6297,TRRUST
JUND,NTS,0.5815,TRRUST
JUND,PLAT,0.5553,TRRUST
JUND,PLAUR,0.5442,TRRUST
JUND,PTGS2,0.8586,TRRUST
JUND,SFTPD,0.561,TRRUST
JUND,SOX4,0.8276,TRRUST
JUND,TGFB1,0.5607,TRRUST
JUND,TIMP1,0.5711,TRRUST
KAT2B,CDK2,0.7495,TRRUST
KAT2B,CDKN1A,0.8922,TRRUST
KAT2B,CDKN1B,0.898,TRRUST
KAT2B,CLOCK,0.5209,TRRUST
KAT2B,CYP1B1,0.5439,TRRUST
KAT2B,IRF7,0.7428,TRRUST
KAT2B,LIN28A,0.5732,TRRUST
KAT2B,NPAS2,0.5206,TRRUST
KAT2B,RB1,0.9085,TRRUST
KAT2B,SMAD4,0.905,TRRUST
KAT2B,TP73,0.5803,TRRUST
KAT2B,YY1,0.5273,TRRUST
KAT2B,ZEB1,0.7543,TRRUST
KAT5,ERCC1,0.8842,TRRUST
KAT5,GMPS,0.756,TRRUST
KAT5,HDC,0.7527,TRRUST
KAT5,IL2,0.6083,TRRUST
KAT5,STAT3,0.727,TRRUST
KAT6A,HOXA9,0.8354,TRRUST
KCNIP3,GCM1,0.7438,TRRUST
KCNIP3,SLC8A3,0.7383,TRRUST
KCNIP3,TG,0.6016,TRRUST
KDM2A,EREG,0.6887,TRRUST
KDM2A,NANOG,0.5414,TRRUST
KDM2A,SOX2,0.6179,TRRUST
KDM4B,AR,0.9025,TRRUST
KDM4B,CCNA1,0.6199,TRRUST
KDM4B,CCND1,0.6035,TRRUST
KDM4B,ESR1,0.5857,TRRUST
KDM4B,WEE1,0.592,TRRUST
KDM4C,JAG1,0.9178,TRRUST
KHDRBS1,AR,0.5837,TRRUST
KHDRBS1,IGF2,0.8896,TRRUST
KHDRBS1,LEP,0.8372,TRRUST
KHSRP,RPL3,0.5721,TRRUST
KLF1,HBB,0.5988,TRRUST
KLF1,IL12B,0.5498,TRRUST
KLF10,CDKN1A,0.8422,TRRUST
KLF10,EGFR,0.7045,TRRUST
KLF10,FGFR1,0.6966,TRRUST
KLF10,ITGAD,0.8436,TRRUST
KLF10,PTGS1,0.8667,TRRUST
KLF10,SERPINE1,0.9199,TRRUST
KLF10,STMN1,0.7258,TRRUST
KLF11,COL1A2,0.5407,TRRUST
KLF11,INS,0.8285,TRRUST
KLF11,PDX1,0.5966,TRRUST
KLF12,PRL,0.7121,TRRUST
KLF12,TFAP2A,0.7604,TRRUST
KLF13,CCL5,0.5925,TRRUST
KLF13,LDLR,0.7576,TRRUST
KLF14,TGFBR2,0.6999,TRRUST
KLF15,CLCNKA,0.5962,TRRUST
KLF15,LRP5,0.849,TRRUST
KLF15,RBP3,0.7733,TRRUST
KLF15,RHO,0.74,TRRUST
KLF16,CDKN1A,0.7057,TRRUST
KLF2,CCR5,0.8496,TRRUST
KLF2,CCR7,0.541,TRRUST
KLF2,CDKN1A,0.8964,TRRUST
KLF2,CXCR4,0.6941,TRRUST
KLF2,FABP5,0.7355,TRRUST
KLF2,IL2,0.5491,TRRUST
KLF2,NOS3,0.8928,TRRUST
KLF2,PPARG,0.7596,TRRUST
KLF2,SELL,0.6056,TRRUST
KLF2,THBD,0.9037,TRRUST
KLF2,WEE1,0.6906,TRRUST
KLF3,HBE1,0.5297,TRRUST
KLF3,HBG1,0.5969,TRRUST
KLF3,CKM,0.8605,TRRUST
KLF4,ALPI,0.8676,TRRUST
KLF4,ATF3,0.8234,TRRUST
KLF4,BDKRB2,0.8486,TRRUST
KLF4,BIRC5,0.6737,TRRUST
KLF4,CCNB1,0.7667,TRRUST
KLF4,CCND1,0.8468,TRRUST
KLF4,CD14,0.8813,TRRUST
KLF4,CDH1,0.8243,TRRUST
KLF4,CDH5,0.8934,TRRUST
KLF4,CDKN1A,0.8555,TRRUST
KLF4,CDKN1B,0.9188,TRRUST
KLF4,CDKN1C,0.9177,TRRUST
KLF4,CDX2,0.5558,TRRUST
KLF4,CYP1A1,0.6191,TRRUST
KLF4,GDF15,0.7796,TRRUST
KLF4,GPA33,0.9108,TRRUST
KLF4,HBA1,0.9129,TRRUST
KLF4,HBA2,0.8474,TRRUST
KLF4,HDC,0.7334,TRRUST
KLF4,HSPA8,0.8274,TRRUST
KLF4,IFITM3,0.6804,TRRUST
KLF4,IL1B,0.7799,TRRUST
KLF4,IL6,0.8559,TRRUST
KLF4,IVL,0.6023,TRRUST
KLF4,KRT19,0.9087,TRRUST
KLF4,LAMA1,0.9144,TRRUST
KLF4,LAMA3,0.9297,TRRUST
KLF4,LXN,0.6966,TRRUST
KLF4,MMP2,0.8244,TRRUST
KLF4,NANOG,0.8652,TRRUST
KLF4,ODC1,0.6843,TRRUST
KLF4,PFKP,0.8225,TRRUST
KLF4,RARA,0.7096,TRRUST
KLF4,SOD1,0.7562,TRRUST
KLF4,TAGLN,0.5823,TRRUST
KLF4,THBD,0.8544,TRRUST
KLF4,TP53,0.892,TRRUST
KLF4,VDR,0.6955,TRRUST
KLF4,VEGFA,0.5216,TRRUST
KLF4,ZNF750,0.6041,TRRUST
KLF5,BIRC5,0.8886,TRRUST
KLF5,CCNB1,0.9039,TRRUST
KLF5,CCND1,0.8243,TRRUST
KLF5,CDKN2B,0.6121,TRRUST
KLF5,CXCR4,0.8881,TRRUST
KLF5,FASN,0.882,TRRUST
KLF5,FGFBP1,0.8887,TRRUST
KLF5,FOXO1,0.6151,TRRUST
KLF5,HIF1A,0.8846,TRRUST
KLF5,ITGB2,0.8839,TRRUST
KLF5,MMP9,0.929,TRRUST
KLF5,MYH11,0.6032,TRRUST
KLF5,NOTCH1,0.8687,TRRUST
KLF6,ASAH1,0.5978,TRRUST
KLF6,ATF3,0.8628,TRRUST
KLF6,CCND1,0.6952,TRRUST
KLF6,CDH1,0.5857,TRRUST
KLF6,CDKN1A,0.9221,TRRUST
KLF6,CERS2,0.9222,TRRUST
KLF6,CGB5,0.8576,TRRUST
KLF6,DAPK2,0.878,TRRUST
KLF6,IGF1R,0.5433,TRRUST
KLF6,KRT12,0.6295,TRRUST
KLF6,LAMA1,0.9279,TRRUST
KLF6,LTC4S,0.5914,TRRUST
KLF6,MMP9,0.7585,TRRUST
KLF6,NOS2,0.8987,TRRUST
KLF6,PMAIP1,0.8852,TRRUST
KLF6,PSG3,0.8259,TRRUST
KLF6,PSG5,0.87,TRRUST
KLF6,PTTG1,0.7442,TRRUST
KLF6,TFPI2,0.5945,TRRUST
KLF6,TXNIP,0.561,TRRUST
KLF7,SLC13A4,0.6236,TRRUST
KLF8,CDH1,0.8384,TRRUST
KLF8,CDH2,0.725,TRRUST
KLF8,EPSTI1,0.896,TRRUST
KLF8,FN1,0.7467,TRRUST
KLF8,MMP14,0.8914,TRRUST
KLF8,MMP9,0.8503,TRRUST
KLF8,SLC22A3,0.5372,TRRUST
KLF8,VIM,0.74,TRRUST
KLF9,PDCD5,0.8859,TRRUST
KLF9,PGR,0.5397,TRRUST
KLF9,PMAIP1,0.7476,TRRUST
L3MBTL1,MYC,0.5701,TRRUST
L3MBTL1,RUNX1,0.7435,TRRUST
LCOR,CDH1,0.6121,TRRUST
LCOR,CDKN1A,0.5387,TRRUST
LDB1,BMP7,0.5221,TRRUST
LDB1,TCF3,0.7557,TRRUST
LEF1,AR,0.5871,TRRUST
LEF1,BIRC5,0.597,TRRUST
LEF1,CCL7,0.6122,TRRUST
LEF1,CCND1,0.6083,TRRUST
LEF1,CD1D,0.7757,TRRUST
LEF1,CEBPA,0.579,TRRUST
LEF1,CHGA,0.5737,TRRUST
LEF1,CLDN2,0.8642,TRRUST
LEF1,CTLA4,0.5369,TRRUST
LEF1,CTNNB1,0.583,TRRUST
LEF1,CYLD,0.7005,TRRUST
LEF1,DSG4,0.7713,TRRUST
LEF1,EDA,0.5842,TRRUST
LEF1,ELANE,0.8852,TRRUST
LEF1,ESR1,0.559,TRRUST
LEF1,HERC2,0.5257,TRRUST
LEF1,MITF,0.8235,TRRUST
LEF1,MMP7,0.8666,TRRUST
LEF1,MYC,0.5293,TRRUST
LEF1,MYCBP,0.8868,TRRUST
LEF1,NRCAM,0.9169,TRRUST
LEF1,NT5E,0.6171,TRRUST
LEF1,OCA2,0.8925,TRRUST
LEF1,PRL,0.5432,TRRUST
LEF1,RAG2,0.6149,TRRUST
LEF1,SKP2,0.6175,TRRUST
LEF1,SNAI2,0.5416,TRRUST
LEF1,TCF3,0.6011,TRRUST
LEF1,TCF4,0.5515,TRRUST
LHX2,POU1F1,0.9083,TRRUST
LHX2,PRL,0.9297,TRRUST
LHX2,TSHB,0.8233,TRRUST
LHX3,FSHB,0.9187,TRRUST
LHX4,POU1F1,0.8885,TRRUST
LIMD1,HIF1A,0.7771,TRRUST
LIN28A,CCND1,0.5712,TRRUST
LIN28A,CDC25A,0.6132,TRRUST
LMO2,ANGPT2,0.5269,TRRUST
LMO2,CDH1,0.7069,TRRUST
LMO2,ELK1,0.5274,TRRUST
LMO2,ERG,0.9273,TRRUST
LMO2,FGF2,0.9099,TRRUST
LMO2,GYPA,0.7638,TRRUST
LMO2,LEF1,0.7732,TRRUST
LMO2,LYL1,0.5294,TRRUST
LMO2,NFATC1,0.8624,TRRUST
LMO2,ZEB1,0.6778,TRRUST
LMO3,ASCL1,0.8432,TRRUST
LMO3,HES1,0.6952,TRRUST
LMO4,BMP7,0.8716,TRRUST
LMO4,BRCA1,0.6995,TRRUST
LMO4,DLG4,0.6811,TRRUST
LMO4,ESR1,0.5384,TRRUST
LMO4,MTA1,0.5362,TRRUST
LMX1B,CD2AP,0.627,TRRUST
LMX1B,COL4A1,0.6035,TRRUST
LMX1B,COL4A4,0.9265,TRRUST
LMX1B,NLRP2,0.8684,TRRUST
LMX1B,NPHS2,0.5506,TRRUST
LMX1B,TCF3,0.9078,TRRUST
LRF,COMP,0.5559,TRRUST
LRRFIP1,EGFR,0.7029,TRRUST
LRRFIP1,TNF,0.6956,TRRUST
LYL1,ANGPT2,0.5343,TRRUST
LYL1,ERG,0.8482,TRRUST
LYL1,NFKB1,0.7091,TRRUST
LYL1,STMN1,0.5941,TRRUST
MAF,CCND2,0.5269,TRRUST
MAF,GCLC,0.5432,TRRUST
MAF,IL4,0.909,TRRUST
MAF,IL5,0.5362,TRRUST
MAF,ITGB7,0.8577,TRRUST
MAF,MMP13,0.9151,TRRUST
MAFA,INS,0.537,TRRUST
MAFA,PC,0.8291,TRRUST
MAFB,CCND2,0.5733,TRRUST
MAFF,OXTR,0.5533,TRRUST
MAFG,MLH1,0.582,TRRUST
MAFG,NQO1,0.6084,TRRUST
MAFK,NQO1,0.5351,TRRUST
MAL,MMP9,0.5839,TRRUST
MAL,MYL9,0.5756,TRRUST
MAML1,EGR1,0.8358,TRRUST
MAML1,HEY1,0.7386,TRRUST
MAML1,TNFRSF12A,0.7001,TRRUST
MAX,BRD7,0.5737,TRRUST
MAX,FASLG,0.529,TRRUST
MAX,MYC,0.5706,TRRUST
MAX,ODC1,0.8537,TRRUST
MAX,TERT,0.6105,TRRUST
MAZ,CD4,0.5263,TRRUST
MAZ,CLCNKA,0.566,TRRUST
MAZ,HRAS,0.8704,TRRUST
MAZ,HTR1A,0.5998,TRRUST
MAZ,MMP1,0.8832,TRRUST
MAZ,MMP14,0.8934,TRRUST
MAZ,MMP9,0.6055,TRRUST
MAZ,TSG101,0.9148,TRRUST
MBD1,ABCB1,0.5545,TRRUST
MBD1,ALOX5,0.7292,TRRUST
MBD1,IGF2,0.6124,TRRUST
MBD1,IRF8,0.7788,TRRUST
MBD1,MGMT,0.7678,TRRUST
MBD1,SETDB1,0.7109,TRRUST
MBD2,ALOX5,0.5415,TRRUST
MBD2,ADGRB1,0.5738,TRRUST
MBD2,CHD4,0.6016,TRRUST
MBD2,DAPK1,0.5742,TRRUST
MBD2,GSTP1,0.7231,TRRUST
MBD2,KLK10,0.6122,TRRUST
MBD2,MSH2,0.5598,TRRUST
MBD2,MYOG,0.6146,TRRUST
MBD2,NANOG,0.7147,TRRUST
MBD2,POU5F1,0.5561,TRRUST
MCM2,SNF8,0.5699,TRRUST
MCM5,STAT1,0.6039,TRRUST
MDM2,DNMT3A,0.8339,TRRUST
MDM4,TP53,0.5416,TRRUST
MECP2,ABCB1,0.6247,TRRUST
MECP2,ALOX5,0.5393,TRRUST
MECP2,CCND1,0.7325,TRRUST
MECP2,CDKL5,0.5837,TRRUST
MECP2,DLX5,0.5739,TRRUST
MECP2,ESR1,0.7409,TRRUST
MECP2,GAD1,0.6953,TRRUST
MECP2,IGFBP3,0.7308,TRRUST
MECP2,MGMT,0.5609,TRRUST
MECP2,RELN,0.7428,TRRUST
MECP2,TFF1,0.6855,TRRUST
MED1,AR,0.5828,TRRUST
MED1,AURKA,0.8404,TRRUST
MED1,SULT2A1,0.8507,TRRUST
MED1,UBE2C,0.5441,TRRUST
MED1,VDR,0.5401,TRRUST
MED15,NCF2,0.6108,TRRUST
MED23,KISS1,0.8514,TRRUST
MED23,TXNIP,0.622,TRRUST
MEF2A,COX6A1,0.6267,TRRUST
MEF2A,JUN,0.8828,TRRUST
MEF2A,MAPK14,0.8357,TRRUST
MEF2A,MAPK7,0.8612,TRRUST
MEF2A,MEF2A,0.6078,TRRUST
MEF2A,MMP10,0.8604,TRRUST
MEF2A,NRF1,0.8296,TRRUST
MEF2A,PPARGC1A,0.5812,TRRUST
MEF2A,SLC2A4,0.913,TRRUST
MEF2A,SOST,0.7576,TRRUST
MEF2A,TNNI3,0.5393,TRRUST
MEF2B,BCL6,0.594,TRRUST
MEF2C,CDKL5,0.5443,TRRUST
MEF2C,CPT1B,0.844,TRRUST
MEF2C,JUN,0.9161,TRRUST
MEF2C,MAPK7,0.8475,TRRUST
MEF2C,MECP2,0.549,TRRUST
MEF2C,NR4A1,0.6701,TRRUST
MEF2C,SOST,0.7658,TRRUST
MEF2C,VEGFA,0.6072,TRRUST
MEF2D,ATF3,0.889,TRRUST
MEF2D,ATM,0.6025,TRRUST
MEF2D,CD14,0.8367,TRRUST
MEF2D,HDAC7,0.5704,TRRUST
MEF2D,JUN,0.8586,TRRUST
MEF2D,SOST,0.6803,TRRUST
MEIS1,AR,0.5735,TRRUST
MEIS1,ITGA9,0.6213,TRRUST
MEIS1,PF4,0.8244,TRRUST
MEIS1,SOX3,0.5521,TRRUST
MEIS2,IL17RB,0.5428,TRRUST
MEN1,BRCA1,0.5462,TRRUST
MEN1,CASP8,0.9199,TRRUST
MEN1,CDKN1B,0.8715,TRRUST
MEN1,CDKN2C,0.7213,TRRUST
MEN1,GAST,0.7537,TRRUST
MEN1,GATA3,0.537,TRRUST
MEN1,JUND,0.7236,TRRUST
MEN1,PRL,0.5673,TRRUST
MEN1,RAD51,0.5857,TRRUST
MEN1,RAD51AP1,0.63,TRRUST
MEN1,TERT,0.7546,TRRUST
MITF,ACP5,0.8638,TRRUST
MITF,BCL2A1,0.761,TRRUST
MITF,BEST1,0.8388,TRRUST
MITF,BIRC7,0.5234,TRRUST
MITF,CDK2,0.5425,TRRUST
MITF,CTSK,0.8574,TRRUST
MITF,DCT,0.8762,TRRUST
MITF,FOS,0.8877,TRRUST
MITF,GPNMB,0.9202,TRRUST
MITF,HERC2,0.5761,TRRUST
MITF,HIF1A,0.8751,TRRUST
MITF,HOXB4,0.5255,TRRUST
MITF,KCNMA1,0.5238,TRRUST
MITF,KIT,0.8806,TRRUST
MITF,MC1R,0.5682,TRRUST
MITF,MET,0.6123,TRRUST
MITF,MLANA,0.5377,TRRUST
MITF,OCA2,0.8227,TRRUST
MITF,PMEL,0.5694,TRRUST
MITF,PPARGC1A,0.8461,TRRUST
MITF,PRKCB,0.5255,TRRUST
MITF,SERPINF1,0.8997,TRRUST
MITF,TRAP,0.8323,TRRUST
MITF,TRPM1,0.8869,TRRUST
MITF,TYR,0.8509,TRRUST
MITF,TYRP1,0.8391,TRRUST
MKL1,COL1A1,0.8618,TRRUST
MKL1,SCAI,0.6082,TRRUST
MKL1,SRF,0.5631,TRRUST
MKL1,TAGLN,0.9026,TRRUST
MLL2,HOXC6,0.5338,TRRUST
MLL3,HOXC6,0.605,TRRUST
MLL4,COX1,0.5461,TRRUST
MLLT10,BAX,0.7445,TRRUST
MLLT10,CDKN1A,0.7322,TRRUST
MLLT10,MDM2,0.7722,TRRUST
MLLT3,BAX,0.7126,TRRUST
MLLT3,CDKN1A,0.6773,TRRUST
MLLT3,MDM2,0.6721,TRRUST
MLLT3,SCNN1A,0.911,TRRUST
MLX,ODC1,0.5777,TRRUST
MLXIPL,TXNIP,0.9053,TRRUST
MSC,CDC25A,0.6958,TRRUST
MSC,CDC6,0.708,TRRUST
MSC,CTLA4,0.8233,TRRUST
MSC,DKK1,0.6258,TRRUST
MSC,FOXP3,0.8935,TRRUST
MSC,IFNG,0.9227,TRRUST
MSC,IL10,0.8492,TRRUST
MSC,IL2RA,0.8873,TRRUST
MSC,LTA,0.7446,TRRUST
MSC,MCM7,0.7049,TRRUST
MSC,MMP2,0.9133,TRRUST
MSX1,CGA,0.6242,TRRUST
MSX1,DKK1,0.7673,TRRUST
MSX1,DLK1,0.9013,TRRUST
MSX1,HEY1,0.8505,TRRUST
MSX1,NOTCH3,0.851,TRRUST
MSX1,ZHX2,0.626,TRRUST
MSX2,ABCG2,0.5211,TRRUST
MSX2,BCL2,0.7488,TRRUST
MSX2,BGLAP,0.7477,TRRUST
MSX2,CDH2,0.7385,TRRUST
MSX2,IBSP,0.6289,TRRUST
MSX2,NKX3-1,0.8543,TRRUST
MSX2,SOD1,0.8574,TRRUST
MTA1,ALOX15,0.5287,TRRUST
MTA1,ARNTL,0.8687,TRRUST
MTA1,BCAS3,0.8487,TRRUST
MTA1,BCL2L1,0.8578,TRRUST
MTA1,BRCA1,0.6118,TRRUST
MTA1,CDH1,0.7729,TRRUST
MTA1,CDKN2A,0.8404,TRRUST
MTA1,EGFR,0.861,TRRUST
MTA1,EPHA2,0.7721,TRRUST
MTA1,ESR1,0.6768,TRRUST
MTA1,HDAC1,0.5302,TRRUST
MTA1,ITGB3BP,0.5379,TRRUST
MTA1,MMP9,0.5855,TRRUST
MTA1,MNAT1,0.5366,TRRUST
MTA1,MTA3,0.7765,TRRUST
MTA1,MYC,0.5691,TRRUST
MTA1,NOS2,0.8752,TRRUST
MTA1,PTEN,0.6971,TRRUST
MTA1,RNF144A,0.7218,TRRUST
MTA1,SMAD7,0.7428,TRRUST
MTA1,SNAI1,0.9026,TRRUST
MTA1,SNAI2,0.9029,TRRUST
MTA1,SUMO2,0.8836,TRRUST
MTA1,TFF1,0.6195,TRRUST
MTA2,CDH1,0.7599,TRRUST
MTA2,FSHR,0.7533,TRRUST
MTA3,CGB5,0.6761,TRRUST
MTA3,SNAI1,0.6708,TRRUST
MTF1,ACO1,0.5434,TRRUST
MTF1,GCLC,0.893,TRRUST
MTF1,MCAT,0.8652,TRRUST
MTF1,PGF,0.5643,TRRUST
MTF1,PRNP,0.9173,TRRUST
MTF1,SNCB,0.6185,TRRUST
MTF1,SOD1,0.92,TRRUST
MXD1,ODC1,0.5545,TRRUST
MXD1,PTEN,0.746,TRRUST
MXD1,TERT,0.8499,TRRUST
MXD4,ODC1,0.541,TRRUST
MZF1,PADI1,0.8403,TRRUST
MXI1,MYC,0.7076,TRRUST
MXI1,MYCN,0.5673,TRRUST
MYB,ANPEP,0.6114,TRRUST
MYB,BCL2,0.8332,TRRUST
MYB,CCNA1,0.9008,TRRUST
MYB,CD34,0.5785,TRRUST
MYB,CD4,0.7017,TRRUST
MYB,CDO1,0.8742,TRRUST
MYB,CEBPA,0.553,TRRUST
MYB,CLEC4G,0.8856,TRRUST
MYB,COL1A1,0.8677,TRRUST
MYB,COL1A2,0.8381,TRRUST
MYB,CSF3R,0.6828,TRRUST
MYB,CTSG,0.5801,TRRUST
MYB,DHRS2,0.6193,TRRUST
MYB,ELANE,0.5578,TRRUST
MYB,ERBB2,0.6006,TRRUST
MYB,GATA3,0.5925,TRRUST
MYB,GSTM1,0.9225,TRRUST
MYB,HRH1,0.6103,TRRUST
MYB,ICAM1,0.7323,TRRUST
MYB,IL15,0.8923,TRRUST
MYB,IL7,0.9188,TRRUST
MYB,KLF1,0.8639,TRRUST
MYB,LCK,0.8559,TRRUST
MYB,LMO2,0.8212,TRRUST
MYB,MAT2A,0.9109,TRRUST
MYB,MYB,0.6081,TRRUST
MYB,MYC,0.8315,TRRUST
MYB,MZF1,0.5835,TRRUST
MYB,NMU,0.571,TRRUST
MYB,NR3C1,0.5331,TRRUST
MYB,PDCD4,0.6279,TRRUST
MYB,RAG2,0.5436,TRRUST
MYB,SIM2,0.5274,TRRUST
MYB,SP3,0.5854,TRRUST
MYB,TK1,0.9013,TRRUST
MYB,WAS,0.5236,TRRUST
MYB,WT1,0.8925,TRRUST
MYBBP1A,SFTPB,0.5786,TRRUST
MYBL1,DHRS2,0.5314,TRRUST
MYBL1,NCL,0.539,TRRUST
MYBL2,CCNA1,0.5825,TRRUST
MYBL2,CCND1,0.5526,TRRUST
MYBL2,COL1A1,0.6232,TRRUST
MYBL2,MYBL2,0.6101,TRRUST
MYBL2,MYC,0.9282,TRRUST
MYBL2,NCL,0.5486,TRRUST
MYBL2,PSG1,0.6267,TRRUST
MYBL2,SP1,0.5674,TRRUST
MYC,ASS1,0.8582,TRRUST
MYC,ATF3,0.5255,TRRUST
MYC,AXIN2,0.5258,TRRUST
MYC,BAG2,0.5961,TRRUST
MYC,BCL2,0.5704,TRRUST
MYC,BMI1,0.8449,TRRUST
MYC,BRD7,0.7375,TRRUST
MYC,CAD,0.5478,TRRUST
MYC,CBFB,0.5835,TRRUST
MYC,CCNA2,0.5595,TRRUST
MYC,CCNB1,0.6106,TRRUST
MYC,CCND1,0.7603,TRRUST
MYC,CCND2,0.8725,TRRUST
MYC,CCNE1,0.8586,TRRUST
MYC,PROM1,0.5599,TRRUST
MYC,CD33,0.7586,TRRUST
MYC,CD38,0.8561,TRRUST
MYC,CDC25C,0.843,TRRUST
MYC,CDC34,0.8293,TRRUST
MYC,CDCA7,0.5713,TRRUST
MYC,CDH3,0.573,TRRUST
MYC,CDK2,0.6125,TRRUST
MYC,CDK4,0.8443,TRRUST
MYC,CDK6,0.8619,TRRUST
MYC,CDKN1A,0.9089,TRRUST
MYC,CEBPA,0.7606,TRRUST
MYC,CFLAR,0.7123,TRRUST
MYC,CHEK1,0.8705,TRRUST
MYC,CHEK2,0.8534,TRRUST
MYC,CREBBP,0.6226,TRRUST
MYC,CXCR4,0.8331,TRRUST
MYC,CYP3A4,0.6227,TRRUST
MYC,DDX18,0.5952,TRRUST
MYC,DKK1,0.7285,TRRUST
MYC,EBNA1BP2,0.8236,TRRUST
MYC,EP300,0.5723,TRRUST
MYC,FASLG,0.8649,TRRUST
MYC,FMR1,0.5377,TRRUST
MYC,FOXM1,0.8922,TRRUST
MYC,FTH1P18,0.7768,TRRUST
MYC,FUT3,0.8818,TRRUST
MYC,GATA1,0.7486,TRRUST
MYC,GATA4,0.8275,TRRUST
MYC,HDAC2,0.8659,TRRUST
MYC,HLA-A,0.8328,TRRUST
MYC,HLA-B,0.8874,TRRUST
MYC,HLA-C,0.9232,TRRUST
MYC,HLA-E,0.8928,TRRUST
MYC,HLA-F,0.8284,TRRUST
MYC,HLA-G,0.859,TRRUST
MYC,HNRNPA1,0.8806,TRRUST
MYC,HNRNPA2B1,0.8644,TRRUST
MYC,HSPA4,0.6117,TRRUST
MYC,ID2,0.6096,TRRUST
MYC,IER3,0.5873,TRRUST
MYC,IFNA1,0.7111,TRRUST
MYC,IGF2BP1,0.8481,TRRUST
MYC,IGK,0.8316,TRRUST
MYC,IL6,0.559,TRRUST
MYC,IPO7,0.8654,TRRUST
MYC,JUNB,0.7443,TRRUST
MYC,KRAS,0.8924,TRRUST
MYC,LDHA,0.8277,TRRUST
MYC,MAPK1,0.5635,TRRUST
MYC,MME,0.84,TRRUST
MYC,MST1,0.6872,TRRUST
MYC,MTDH,0.611,TRRUST
MYC,NDRG1,0.6746,TRRUST
MYC,NFE2,0.7161,TRRUST
MYC,NOL7,0.8385,TRRUST
MYC,ODC1,0.9167,TRRUST
MYC,PCNA,0.5813,TRRUST
MYC,PGK1,0.5455,TRRUST
MYC,PMAIP1,0.8753,TRRUST
MYC,PRDX3,0.9005,TRRUST
MYC,PRODH,0.7754,TRRUST
MYC,PTBP1,0.8442,TRRUST
MYC,RCC1,0.6175,TRRUST
MYC,SART3,0.6228,TRRUST
MYC,SFRP1,0.7708,TRRUST
MYC,SHMT1,0.5899,TRRUST
MYC,SRSF1,0.8893,TRRUST
MYC,ST3GAL1,0.8644,TRRUST
MYC,ST3GAL3,0.9028,TRRUST
MYC,ST3GAL4,0.8784,TRRUST
MYC,SURF1,0.8945,TRRUST
MYC,SURF2,0.8671,TRRUST
MYC,TERT,0.9005,TRRUST
MYC,TFAM,0.6107,TRRUST
MYC,TFAP4,0.8361,TRRUST
MYC,TFRC,0.9116,TRRUST
MYC,TLX1,0.5794,TRRUST
MYC,TNFRSF10B,0.9129,TRRUST
MYC,TOP1MT,0.5674,TRRUST
MYC,TP53,0.8617,TRRUST
MYC,TP73,0.9207,TRRUST
MYC,UBE2C,0.8476,TRRUST
MYC,VEGFA,0.9129,TRRUST
MYC,WRN,0.8732,TRRUST
MYC,XPO1,0.8766,TRRUST
MYCN,ABCB1,0.7039,TRRUST
MYCN,ABCC1,0.883,TRRUST
MYCN,BAX,0.8558,TRRUST
MYCN,BIRC5,0.8243,TRRUST
MYCN,BMI1,0.8499,TRRUST
MYCN,CD44,0.8207,TRRUST
MYCN,CDKN1A,0.9276,TRRUST
MYCN,CDKN1B,0.6262,TRRUST
MYCN,CIITA,0.7135,TRRUST
MYCN,CLU,0.7501,TRRUST
MYCN,CTSD,0.858,TRRUST
MYCN,DDB1,0.5938,TRRUST
MYCN,DKK3,0.7586,TRRUST
MYCN,EFNB3,0.9241,TRRUST
MYCN,GRHL1,0.714,TRRUST
MYCN,HDAC2,0.9062,TRRUST
MYCN,HLA-A,0.5493,TRRUST
MYCN,HLA-B,0.6289,TRRUST
MYCN,HLA-C,0.5228,TRRUST
MYCN,HLA-E,0.5864,TRRUST
MYCN,HLA-F,0.5925,TRRUST
MYCN,HLA-G,0.5957,TRRUST
MYCN,HMGA1,0.5332,TRRUST
MYCN,ID2,0.6232,TRRUST
MYCN,IFNG,0.5399,TRRUST
MYCN,LRRN3,0.7385,TRRUST
MYCN,MCM10,0.8445,TRRUST
MYCN,MCM2,0.8538,TRRUST
MYCN,MCM3,0.8801,TRRUST
MYCN,MCM4,0.8659,TRRUST
MYCN,MCM5,0.8376,TRRUST
MYCN,MCM6,0.8388,TRRUST
MYCN,MCM7,0.866,TRRUST
MYCN,MCM8,0.9033,TRRUST
MYCN,MDM2,0.6188,TRRUST
MYCN,MIR202,0.5293,TRRUST
MYCN,MXI1,0.7132,TRRUST
MYCN,MYBL2,0.831,TRRUST
MYCN,NDRG1,0.8218,TRRUST
MYCN,NES,0.8928,TRRUST
MYCN,NGFR,0.7363,TRRUST
MYCN,NTRK1,0.6879,TRRUST
MYCN,SKP2,0.6957,TRRUST
MYCN,TP53,0.8226,TRRUST
MYCN,TP53INP1,0.7618,TRRUST
MYF6,ACACB,0.6272,TRRUST
MYOCD,ACTG2,0.8349,TRRUST
MYOD1,ACACB,0.5455,TRRUST
MYOD1,HBEGF,0.9155,TRRUST
MYOD1,SLC9A2,0.6219,TRRUST
MYOG,ACACB,0.5662,TRRUST
MYOG,MYEF2,0.8256,TRRUST
MZF1,BLMH,0.8243,TRRUST
MZF1,CD34,0.5831,TRRUST
MZF1,CDH2,0.5632,TRRUST
MZF1,MMP2,0.6732,TRRUST
MZF1,PIK3R3,0.5842,TRRUST
MZF1,TERT,0.6712,TRRUST
NAB1,MSLN,0.6066,TRRUST
NAB2,BCAR1,0.8537,TRRUST
NAB2,RBL2,0.8244,TRRUST
NANOG,AFP,0.7347,TRRUST
NANOG,CCND1,0.5637,TRRUST
NANOG,CDC25A,0.7771,TRRUST
NANOG,CDK6,0.7299,TRRUST
NANOG,CDX2,0.7003,TRRUST
NANOG,CGA,0.748,TRRUST
NANOG,DKK1,0.5499,TRRUST
NANOG,FGF4,0.9195,TRRUST
NANOG,KDR,0.8612,TRRUST
NANOG,GATA2,0.7305,TRRUST
NANOG,GATA4,0.6756,TRRUST
NANOG,GATA6,0.7169,TRRUST
NANOG,GDF3,0.6116,TRRUST
NANOG,KLF2,0.9086,TRRUST
NANOG,L1TD1,0.5447,TRRUST
NANOG,LAMB1,0.6949,TRRUST
NANOG,LXN,0.7599,TRRUST
NANOG,MTF2,0.9223,TRRUST
NANOG,NODAL,0.5305,TRRUST
NANOG,POU5F1,0.8695,TRRUST
NANOG,SEMA6A,0.5571,TRRUST
NANOG,SOX1,0.9158,TRRUST
NANOG,YES1,0.8292,TRRUST
NCOA1,CDKN1A,0.8432,TRRUST
NCOA1,EPO,0.9028,TRRUST
NCOA2,AR,0.6756,TRRUST
NCOA3,BCL2,0.8742,TRRUST
NCOA3,BRCA1,0.5686,TRRUST
NCOA3,EPO,0.8568,TRRUST
NCOA3,ERBB2,0.5634,TRRUST
NCOA3,MMP10,0.8783,TRRUST
NCOA3,MMP7,0.8378,TRRUST
NCOA3,PLAC1,0.5829,TRRUST
NCOA4,AR,0.9086,TRRUST
NCOA4,KLK3,0.9036,TRRUST
NCOA4,TFF1,0.5369,TRRUST
NCOA6,CYP2C9,0.5364,TRRUST
NCOA6,CYP3A4,0.5495,TRRUST
NCOA6,FOS,0.8597,TRRUST
NCOA6,HSF1,0.8649,TRRUST
NCOR1,AR,0.8948,TRRUST
NCOR1,ESR1,0.6762,TRRUST
NCOR1,G0S2,0.6738,TRRUST
NCOR1,IGF1,0.5631,TRRUST
NCOR1,IGFBP3,0.7467,TRRUST
NCOR1,PPARG,0.6913,TRRUST
NCOR1,SNAI2,0.7406,TRRUST
NCOR2,AR,0.8486,TRRUST
NCOR2,IGF1,0.6175,TRRUST
NCOR2,MYCN,0.6185,TRRUST
NCOR2,NR1I2,0.5527,TRRUST
NCOR2,PCK2,0.5453,TRRUST
NEAT1,CXCL8,0.7152,TRRUST
NELFB,TFF1,0.6965,TRRUST
NELFCD,CCND1,0.744,TRRUST
NELFCD,CDKN1A,0.9109,TRRUST
NELFCD,CTNNB1,0.744,TRRUST
NEUROD1,INS,0.6107,TRRUST
NEUROG3,NEUROD1,0.5637,TRRUST
NEUROG3,VSX2,0.8372,TRRUST
NF1,AFP,0.7512,TRRUST
NF1,DDB1,0.5597,TRRUST
NF1,DDB2,0.5938,TRRUST
NF1,FOS,0.8498,TRRUST
NF1,GNRH1,0.5289,TRRUST
NF1,HSD11B2,0.6292,TRRUST
NF1,MBP,0.5372,TRRUST
NF1,MSH2,0.6287,TRRUST
NF1,MYC,0.9275,TRRUST
NF1,PLAT,0.7573,TRRUST
NF1,PPP2R2D,0.5925,TRRUST
NF1,SFTPB,0.5836,TRRUST
NF1,SP3,0.6153,TRRUST
NF1,TP53,0.8518,TRRUST
NFAT5,CCL2,0.7214,TRRUST
NFAT5,CYP3A7,0.5881,TRRUST
NFAT5,LTB,0.5652,TRRUST
NFAT5,TNF,0.567,TRRUST
NFATC1,CD3G,0.8563,TRRUST
NFATC1,CYP2E1,0.8821,TRRUST
NFATC1,EGR3,0.6136,TRRUST
NFATC1,ICAM1,0.8422,TRRUST
NFATC1,IFNG,0.6228,TRRUST
NFATC1,IL2,0.5958,TRRUST
NFATC1,SP1,0.7606,TRRUST
NFATC2,CD3G,0.7312,TRRUST
NFATC2,EGR3,0.6057,TRRUST
NFATC2,ENPP2,0.5218,TRRUST
NFATC2,FOXP3,0.91,TRRUST
NFATC2,IFNG,0.5244,TRRUST
NFATC2,MDM2,0.9179,TRRUST
NFATC2,TERT,0.6291,TRRUST
NFATC3,CTSD,0.8523,TRRUST
NFATC3,TFF1,0.8431,TRRUST
NFE2,GCLC,0.6042,TRRUST
NFE2,GSS,0.5478,TRRUST
NFE2,HBE1,0.6152,TRRUST
NFE2,TBXA2R,0.5313,TRRUST
NFE2L1,CDK11B,0.5339,TRRUST
NFE2L1,NQO1,0.9277,TRRUST
NFE2L2,BRCA1,0.8941,TRRUST
NFE2L2,CAT,0.9132,TRRUST
NFE2L2,CFTR,0.8557,TRRUST
NFE2L2,CXCL8,0.8944,TRRUST
NFE2L2,GCLC,0.7354,TRRUST
NFE2L2,GSS,0.5863,TRRUST
NFE2L2,GSTA1,0.8951,TRRUST
NFE2L2,HBB,0.5833,TRRUST
NFE2L2,HMOX1,0.8672,TRRUST
NFE2L2,KRT16,0.8504,TRRUST
NFE2L2,MTHFR,0.9045,TRRUST
NFE2L2,NQO1,0.8449,TRRUST
NFE2L2,SDHB,0.5962,TRRUST
NFE2L2,SOD1,0.8457,TRRUST
NFE2L2,SOD2,0.8888,TRRUST
NFE2L2,UGT2B7,0.9022,TRRUST
NFIA,CDKN1A,0.6941,TRRUST
NFIA,PCK2,0.5266,TRRUST
NFIB,CDKN1A,0.8344,TRRUST
NFIB,MBP,0.8867,TRRUST
NFIB,WFDC2,0.6134,TRRUST
NFIC,FHL5,0.8249,TRRUST
NFIC,ALAS1,0.6008,TRRUST
NFIC,C4BPB,0.8575,TRRUST
NFIC,CCL2,0.8726,TRRUST
NFIC,COL18A1,0.6222,TRRUST
NFIC,COL1A1,0.5565,TRRUST
NFIC,CSH1,0.5712,TRRUST
NFIC,CYP17A1,0.8215,TRRUST
NFIC,CYP1A1,0.679,TRRUST
NFIC,FABP7,0.5484,TRRUST
NFIC,GFAP,0.5231,TRRUST
NFIC,GTF3C1,0.5895,TRRUST
NFIC,GTF3C2,0.5669,TRRUST
NFIC,GUCY1B1,0.5803,TRRUST
NFIC,HGF,0.5392,TRRUST
NFIC,HMGB1,0.8526,TRRUST
NFIC,HSD11B2,0.593,TRRUST
NFIC,IRS2,0.9262,TRRUST
NFIC,ITGA5,0.6755,TRRUST
NFIC,JUN,0.6179,TRRUST
NFIC,MATN1,0.7335,TRRUST
NFIC,POLD2,0.582,TRRUST
NFIC,POLE2,0.575,TRRUST
NFIC,SLC34A2,0.8276,TRRUST
NFIC,SMUG1,0.8299,TRRUST
NFIC,TFPI2,0.5861,TRRUST
NFIC,VWF,0.5575,TRRUST
NFIL3,APP,0.6209,TRRUST
NFIL3,AREG,0.5647,TRRUST
NFIL3,EREG,0.5358,TRRUST
NFIL3,HPGD,0.5986,TRRUST
NFIL3,IFNG,0.5523,TRRUST
NFIL3,IL1B,0.7278,TRRUST
NFIL3,PGR,0.5968,TRRUST
NFIL3,PTGS2,0.619,TRRUST
NFIL3,TNFSF10,0.7571,TRRUST
NFIL3,VWF,0.5944,TRRUST
NFIX,CDKN1A,0.7448,TRRUST
NFIX,CHI3L1,0.9241,TRRUST
NFKB1,A2M,0.5525,TRRUST
NFKB1,ABCA1,0.6701,TRRUST
NFKB1,ABCB1,0.8499,TRRUST
NFKB1,ABCG2,0.844,TRRUST
NFKB1,ADORA1,0.8928,TRRUST
NFKB1,ADORA2A,0.5897,TRRUST
NFKB1,ADORA3,0.5853,TRRUST
NFKB1,AGER,0.8218,TRRUST
NFKB1,AGT,0.6002,TRRUST
NFKB1,AKT1,0.7056,TRRUST
NFKB1,AKT2,0.7432,TRRUST
NFKB1,ALOX5,0.7312,TRRUST
NFKB1,ALOX5AP,0.5577,TRRUST
NFKB1,AMH,0.8348,TRRUST
NFKB1,AR,0.6804,TRRUST
NFKB1,ATF3,0.6115,TRRUST
NFKB1,B2M,0.921,TRRUST
NFKB1,BACE1,0.7415,TRRUST
NFKB1,BAX,0.6814,TRRUST
NFKB1,BCL2,0.8642,TRRUST
NFKB1,BCL2A1,0.9002,TRRUST
NFKB1,BCL2L1,0.9058,TRRUST
NFKB1,BCL2L11,0.683,TRRUST
NFKB1,BCL3,0.82,TRRUST
NFKB1,BDKRB1,0.5983,TRRUST
NFKB1,BGN,0.8592,TRRUST
NFKB1,BHMT,0.698,TRRUST
NFKB1,BIRC2,0.8214,TRRUST
NFKB1,BIRC3,0.8794,TRRUST
NFKB1,BIRC5,0.9136,TRRUST
NFKB1,BMP2,0.9253,TRRUST
NFKB1,BRCA2,0.8822,TRRUST
NFKB1,BST1,0.5766,TRRUST
NFKB1,BTG2,0.5294,TRRUST
NFKB1,CARD8,0.5804,TRRUST
NFKB1,CARM1,0.5618,TRRUST
NFKB1,CASP3,0.5868,TRRUST
NFKB1,CASP9,0.5628,TRRUST
NFKB1,CCK,0.5464,TRRUST
NFKB1,CCL11,0.8304,TRRUST
NFKB1,CCL13,0.5546,TRRUST
NFKB1,CCL19,0.8306,TRRUST
NFKB1,CCL2,0.8395,TRRUST
NFKB1,CCL20,0.6286,TRRUST
NFKB1,CCL22,0.8689,TRRUST
NFKB1,CCL3,0.8785,TRRUST
NFKB1,CCL4,0.6161,TRRUST
NFKB1,CCL5,0.9295,TRRUST
NFKB1,CCNB1,0.8841,TRRUST
NFKB1,CCND1,0.9094,TRRUST
NFKB1,CCND2,0.856,TRRUST
NFKB1,CCR2,0.8536,TRRUST
NFKB1,CCR3,0.8643,TRRUST
NFKB1,CCR5,0.594,TRRUST
NFKB1,CCR7,0.895,TRRUST
NFKB1,CD28,0.5547,TRRUST
NFKB1,CD38,0.5347,TRRUST
NFKB1,CD3G,0.8896,TRRUST
NFKB1,CD40,0.8341,TRRUST
NFKB1,CD40LG,0.8836,TRRUST
NFKB1,CD58,0.8963,TRRUST
NFKB1,CD69,0.5971,TRRUST
NFKB1,CD74,0.6029,TRRUST
NFKB1,CD80,0.916,TRRUST
NFKB1,CD83,0.875,TRRUST
NFKB1,CD86,0.9003,TRRUST
NFKB1,CDH1,0.8881,TRRUST
NFKB1,CDK4,0.8405,TRRUST
NFKB1,CDKN1A,0.6728,TRRUST
NFKB1,CEACAM1,0.8513,TRRUST
NFKB1,CFI,0.8687,TRRUST
NFKB1,CFLAR,0.8879,TRRUST
NFKB1,CFTR,0.9135,TRRUST
NFKB1,COL1A1,0.5416,TRRUST
NFKB1,COL1A2,0.6838,TRRUST
NFKB1,COL2A1,0.776,TRRUST
NFKB1,COL7A1,0.5319,TRRUST
NFKB1,COX1,0.5726,TRRUST
NFKB1,CR2,0.5844,TRRUST
NFKB1,CREB3,0.5796,TRRUST
NFKB1,CRHR1,0.8295,TRRUST
NFKB1,CRMP1,0.5263,TRRUST
NFKB1,CRP,0.8316,TRRUST
NFKB1,CSF1,0.8844,TRRUST
NFKB1,CSF2,0.5799,TRRUST
NFKB1,CSNK2A1,0.5457,TRRUST
NFKB1,CTCF,0.7402,TRRUST
NFKB1,CTSB,0.9102,TRRUST
NFKB1,CXCL1,0.8246,TRRUST
NFKB1,CXCL10,0.8748,TRRUST
NFKB1,CXCL12,0.8958,TRRUST
NFKB1,CXCL2,0.5478,TRRUST
NFKB1,CXCL5,0.5539,TRRUST
NFKB1,CXCL8,0.8875,TRRUST
NFKB1,CXCR2,0.9188,TRRUST
NFKB1,CXCR4,0.9091,TRRUST
NFKB1,CYP19A1,0.7341,TRRUST
NFKB1,CYP1A1,0.6003,TRRUST
NFKB1,CYP27B1,0.5601,TRRUST
NFKB1,CYP2E1,0.5905,TRRUST
NFKB1,CYP3A7,0.5713,TRRUST
NFKB1,DEFB4A,0.5409,TRRUST
NFKB1,DRD2,0.5972,TRRUST
NFKB1,E2F1,0.5812,TRRUST
NFKB1,EBI3,0.8594,TRRUST
NFKB1,EDN1,0.6202,TRRUST
NFKB1,EGFR,0.8223,TRRUST
NFKB1,EGR1,0.7047,TRRUST
NFKB1,ELF3,0.5263,TRRUST
NFKB1,EPCAM,0.7543,TRRUST
NFKB1,ERAP1,0.5972,TRRUST
NFKB1,ERAP2,0.5564,TRRUST
NFKB1,F3,0.5943,TRRUST
NFKB1,F8,0.5636,TRRUST
NFKB1,FAF1,0.9032,TRRUST
NFKB1,FAS,0.87,TRRUST
NFKB1,FASLG,0.8654,TRRUST
NFKB1,FBP1,0.6228,TRRUST
NFKB1,FGF7,0.5476,TRRUST
NFKB1,FGF8,0.8332,TRRUST
NFKB1,VEGFD,0.8843,TRRUST
NFKB1,FLT4,0.9266,TRRUST
NFKB1,FN1,0.8616,TRRUST
NFKB1,FOXO3,0.5268,TRRUST
NFKB1,FOXP3,0.8573,TRRUST
NFKB1,GADD45G,0.5757,TRRUST
NFKB1,GATA3,0.8378,TRRUST
NFKB1,GCLC,0.5924,TRRUST
NFKB1,GDNF,0.6298,TRRUST
NFKB1,GFAP,0.8697,TRRUST
NFKB1,GKN2,0.709,TRRUST
NFKB1,GRIN1,0.5641,TRRUST
NFKB1,GSK3A,0.5327,TRRUST
NFKB1,GSK3B,0.6172,TRRUST
NFKB1,GSTP1,0.8656,TRRUST
NFKB1,HAX1,0.5626,TRRUST
NFKB1,HBEGF,0.8926,TRRUST
NFKB1,HDAC1,0.5686,TRRUST
NFKB1,HDAC7,0.5913,TRRUST
NFKB1,HES1,0.5268,TRRUST
NFKB1,HIF1A,0.6095,TRRUST
NFKB1,HLA-F,0.6235,TRRUST
NFKB1,HMOX1,0.5914,TRRUST
NFKB1,HOXA9,0.775,TRRUST
NFKB1,HPSE,0.8367,TRRUST
NFKB1,HSD11B2,0.8725,TRRUST
NFKB1,HYAL1,0.8862,TRRUST
NFKB1,ICAM1,0.884,TRRUST
NFKB1,IER3,0.5642,TRRUST
NFKB1,IFNA1,0.8572,TRRUST
NFKB1,IFNB1,0.834,TRRUST
NFKB1,IFNG,0.8631,TRRUST
NFKB1,IGF2BP2,0.5379,TRRUST
NFKB1,IL10,0.9008,TRRUST
NFKB1,IL12A,0.843,TRRUST
NFKB1,IL12B,0.8264,TRRUST
NFKB1,IL17A,0.5808,TRRUST
NFKB1,IL17C,0.8855,TRRUST
NFKB1,IL18,0.9159,TRRUST
NFKB1,IL1A,0.7335,TRRUST
NFKB1,IL1B,0.858,TRRUST
NFKB1,IL1RN,0.9083,TRRUST
NFKB1,IL2,0.8794,TRRUST
NFKB1,IL21,0.5287,TRRUST
NFKB1,IL23A,0.8822,TRRUST
NFKB1,IL2RA,0.6199,TRRUST
NFKB1,IL4,0.5636,TRRUST
NFKB1,IL6,0.8526,TRRUST
NFKB1,IRF1,0.8358,TRRUST
NFKB1,IRF4,0.8367,TRRUST
NFKB1,IRF7,0.8676,TRRUST
NFKB1,ITGAX,0.5855,TRRUST
NFKB1,JUNB,0.8289,TRRUST
NFKB1,KDM2A,0.6234,TRRUST
NFKB1,KLK3,0.9031,TRRUST
NFKB1,LCN2,0.8845,TRRUST
NFKB1,LIPE,0.9111,TRRUST
NFKB1,LPL,0.8288,TRRUST
NFKB1,LTC4S,0.7225,TRRUST
NFKB1,MADCAM1,0.5893,TRRUST
NFKB1,MAT2A,0.9112,TRRUST
NFKB1,MCL1,0.9062,TRRUST
NFKB1,MGMT,0.5505,TRRUST
NFKB1,MICA,0.6235,TRRUST
NFKB1,MIF,0.5337,TRRUST
NFKB1,MMP1,0.9163,TRRUST
NFKB1,MMP13,0.9268,TRRUST
NFKB1,MMP14,0.8395,TRRUST
NFKB1,MMP2,0.8994,TRRUST
NFKB1,MMP3,0.5244,TRRUST
NFKB1,MMP9,0.8646,TRRUST
NFKB1,MUC17,0.5768,TRRUST
NFKB1,MUC2,0.8839,TRRUST
NFKB1,MUC5AC,0.623,TRRUST
NFKB1,MUC5B,0.5939,TRRUST
NFKB1,MUC6,0.5729,TRRUST
NFKB1,MYC,0.9091,TRRUST
NFKB1,NAMPT,0.9246,TRRUST
NFKB1,NCAM1,0.8224,TRRUST
NFKB1,NCOR1,0.6281,TRRUST
NFKB1,NCOR2,0.5295,TRRUST
NFKB1,NFKB1,0.6096,TRRUST
NFKB1,NFKBIA,0.8508,TRRUST
NFKB1,NFKBIZ,0.5345,TRRUST
NFKB1,NLRP2,0.8684,TRRUST
NFKB1,NOD2,0.8908,TRRUST
NFKB1,NOLC1,0.8619,TRRUST
NFKB1,NOS1,0.826,TRRUST
NFKB1,NOS2,0.8859,TRRUST
NFKB1,NOS3,0.9193,TRRUST
NFKB1,NOX4,0.8622,TRRUST
NFKB1,NOX5,0.8438,TRRUST
NFKB1,NPPB,0.5687,TRRUST
NFKB1,NRF1,0.5253,TRRUST
NFKB1,OLFM4,0.6103,TRRUST
NFKB1,OLR1,0.6109,TRRUST
NFKB1,OPRM1,0.5847,TRRUST
NFKB1,OPTN,0.8588,TRRUST
NFKB1,PCYT2,0.608,TRRUST
NFKB1,PDE7A,0.581,TRRUST
NFKB1,PDK4,0.7609,TRRUST
NFKB1,PGLYRP2,0.5895,TRRUST
NFKB1,PIGR,0.6063,TRRUST
NFKB1,PLA2G2A,0.5858,TRRUST
NFKB1,PLAU,0.8656,TRRUST
NFKB1,PLAUR,0.9254,TRRUST
NFKB1,PLIN1,0.8795,TRRUST
NFKB1,POU2F2,0.5866,TRRUST
NFKB1,PPIG,0.5443,TRRUST
NFKB1,PROX1,0.8888,TRRUST
NFKB1,PSMB10,0.5829,TRRUST
NFKB1,PSMB9,0.5403,TRRUST
NFKB1,PTAFR,0.8266,TRRUST
NFKB1,PTEN,0.8865,TRRUST
NFKB1,PTGDS,0.904,TRRUST
NFKB1,PTGER4,0.5776,TRRUST
NFKB1,PTGES,0.8449,TRRUST
NFKB1,PTGFR,0.5933,TRRUST
NFKB1,PTGS2,0.8288,TRRUST
NFKB1,PTHLH,0.8686,TRRUST
NFKB1,PTPN13,0.538,TRRUST
NFKB1,PTPN6,0.5403,TRRUST
NFKB1,REPS2,0.6923,TRRUST
NFKB1,RGS4,0.8625,TRRUST
NFKB1,RIPK2,0.8256,TRRUST
NFKB1,RRM2B,0.5638,TRRUST
NFKB1,S100A6,0.8763,TRRUST
NFKB1,SAA1,0.5732,TRRUST
NFKB1,SDC1,0.8621,TRRUST
NFKB1,SELE,0.9123,TRRUST
NFKB1,SERPINA3,0.686,TRRUST
NFKB1,SERPINB1,0.8756,TRRUST
NFKB1,SERPINE1,0.8268,TRRUST
NFKB1,SFTPA1,0.5278,TRRUST
NFKB1,SLC25A27,0.8831,TRRUST
NFKB1,SLC9A2,0.5823,TRRUST
NFKB1,SNAI1,0.9166,TRRUST
NFKB1,SOCS3,0.5814,TRRUST
NFKB1,SOD2,0.9256,TRRUST
NFKB1,SQSTM1,0.5254,TRRUST
NFKB1,STAT4,0.5308,TRRUST
NFKB1,STK39,0.8248,TRRUST
NFKB1,TAP1,0.5404,TRRUST
NFKB1,TAP2,0.5795,TRRUST
NFKB1,TAPBP,0.591,TRRUST
NFKB1,TBP,0.525,TRRUST
NFKB1,TBX21,0.9241,TRRUST
NFKB1,TERT,0.6126,TRRUST
NFKB1,TF,0.8526,TRRUST
NFKB1,TFF1,0.8285,TRRUST
NFKB1,TFF3,0.8387,TRRUST
NFKB1,TFPI2,0.534,TRRUST
NFKB1,TGFB1,0.5336,TRRUST
NFKB1,THBD,0.727,TRRUST
NFKB1,TIMP1,0.697,TRRUST
NFKB1,TLR2,0.8594,TRRUST
NFKB1,TLR3,0.9288,TRRUST
NFKB1,TLR7,0.8953,TRRUST
NFKB1,TLR9,0.6244,TRRUST
NFKB1,TNC,0.5357,TRRUST
NFKB1,TNF,0.862,TRRUST
NFKB1,TNFAIP3,0.881,TRRUST
NFKB1,TNFRSF10A,0.5284,TRRUST
NFKB1,TNFRSF10B,0.8205,TRRUST
NFKB1,TNFRSF13C,0.8937,TRRUST
NFKB1,TNFRSF9,0.5906,TRRUST
NFKB1,TNFSF10,0.8652,TRRUST
NFKB1,TNFSF13B,0.5739,TRRUST
NFKB1,TNFSF14,0.5657,TRRUST
NFKB1,TNIP3,0.5226,TRRUST
NFKB1,TP53,0.5569,TRRUST
NFKB1,TRAF1,0.8395,TRRUST
NFKB1,TRAF2,0.8308,TRRUST
NFKB1,TRIM21,0.6252,TRRUST
NFKB1,TRPC1,0.5859,TRRUST
NFKB1,TSLP,0.6002,TRRUST
NFKB1,UPP1,0.8547,TRRUST
NFKB1,VCAM1,0.8632,TRRUST
NFKB1,VEGFA,0.8461,TRRUST
NFKB1,VWF,0.5307,TRRUST
NFKB1,WT1,0.5397,TRRUST
NFKB1,XIAP,0.9077,TRRUST
NFKB1,YY1,0.7445,TRRUST
NFKB2,CCL21,0.8802,TRRUST
NFKB2,CCND2,0.8723,TRRUST
NFKB2,CDK6,0.9215,TRRUST
NFKB2,HIF1A,0.678,TRRUST
NFKB2,SELP,0.8509,TRRUST
NFKB2,SND1,0.8585,TRRUST
NFKBIA,CCL5,0.7561,TRRUST
NFKBIA,CD40,0.7792,TRRUST
NFKBIA,CD58,0.6965,TRRUST
NFKBIA,CXCL8,0.6162,TRRUST
NFKBIA,EBI3,0.7614,TRRUST
NFKBIA,FAS,0.6947,TRRUST
NFKBIA,ICAM1,0.7139,TRRUST
NFKBIA,IFNB1,0.7151,TRRUST
NFKBIA,IL1B,0.7776,TRRUST
NFKBIA,MMP1,0.5399,TRRUST
NFKBIA,MMP3,0.6079,TRRUST
NFKBIA,MMP9,0.5568,TRRUST
NFKBIA,NFKB1,0.9004,TRRUST
NFKBIA,NOS2,0.7162,TRRUST
NFKBIA,PON2,0.8836,TRRUST
NFKBIA,RELA,0.9116,TRRUST
NFKBIA,S100A6,0.7585,TRRUST
NFKBIA,TNFSF10,0.7653,TRRUST
NFKBIA,TRAF1,0.6766,TRRUST
NFKBIB,IFNB1,0.7461,TRRUST
NFKBIZ,DEFB4A,0.5354,TRRUST
NFRKB,JUN,0.8657,TRRUST
NFYA,ABCB1,0.5803,TRRUST
NFYA,CBS,0.8643,TRRUST
NFYA,CCND2,0.8772,TRRUST
NFYA,CDKN1B,0.9296,TRRUST
NFYA,CYP2A6,0.8349,TRRUST
NFYA,DDIT3,0.5943,TRRUST
NFYA,FAS,0.5636,TRRUST
NFYA,FXR2,0.8346,TRRUST
NFYA,GADD45A,0.8375,TRRUST
NFYA,GFI1B,0.6244,TRRUST
NFYA,HBB,0.6168,TRRUST
NFYA,HOXB4,0.9198,TRRUST
NFYA,HOXB7,0.6291,TRRUST
NFYA,HSPA5,0.5429,TRRUST
NFYA,LPIN1,0.5591,TRRUST
NFYA,OGG1,0.8936,TRRUST
NFYA,SOX18,0.8732,TRRUST
NFYA,SOX3,0.566,TRRUST
NFYA,SP3,0.8594,TRRUST
NFYA,STK11,0.5853,TRRUST
NFYB,ABCB1,0.5833,TRRUST
NFYB,CCND2,0.8378,TRRUST
NFYB,CDKN1B,0.8719,TRRUST
NFYB,FAS,0.5809,TRRUST
NFYB,FOS,0.5827,TRRUST
NFYB,FXR2,0.8431,TRRUST
NFYB,GFI1B,0.6016,TRRUST
NFYB,HBB,0.5228,TRRUST
NFYB,HOXB7,0.559,TRRUST
NFYB,LPIN1,0.6058,TRRUST
NFYB,SOX18,0.882,TRRUST
NFYB,SOX3,0.5487,TRRUST
NFYB,STK11,0.5964,TRRUST
NFYB,TPH1,0.8824,TRRUST
NFYC,ABCB1,0.6076,TRRUST
NFYC,CCND2,0.9009,TRRUST
NFYC,CDKN1B,0.8871,TRRUST
NFYC,FAS,0.5737,TRRUST
NFYC,FDPS,0.5347,TRRUST
NFYC,FOS,0.5487,TRRUST
NFYC,FXR2,0.8661,TRRUST
NFYC,GFI1B,0.5859,TRRUST
NFYC,HBB,0.5765,TRRUST
NFYC,HOXB7,0.5517,TRRUST
NFYC,LPIN1,0.5207,TRRUST
NFYC,SOX18,0.8746,TRRUST
NFYC,SOX3,0.5514,TRRUST
NHLH2,ASCL1,0.9008,TRRUST
NHLH2,HES1,0.6726,TRRUST
NHLH2,MAOA,0.8843,TRRUST
NKX2-1,LMO3,0.6236,TRRUST
NKX2-1,RET,0.6892,TRRUST
NKX2-1,SFTPA1,0.5719,TRRUST
NKX2-1,SFTPB,0.8301,TRRUST
NKX2-1,SP1,0.5888,TRRUST
NKX2-1,STK11,0.7306,TRRUST
NKX2-2,NPPA,0.8648,TRRUST
NKX2-3,EGR1,0.5774,TRRUST
NKX2-5,CTNNB1,0.6186,TRRUST
NKX2-5,DACT1,0.6916,TRRUST
NKX2-5,DACT2,0.6725,TRRUST
NKX2-5,DACT3,0.7648,TRRUST
NKX2-5,GATA4,0.8835,TRRUST
NKX2-5,LYL1,0.618,TRRUST
NKX2-5,MEF2C,0.7357,TRRUST
NKX2-5,NPPB,0.6091,TRRUST
NKX2-5,TBX5,0.5673,TRRUST
NKX3-1,ACTG2,0.9025,TRRUST
NKX3-1,AR,0.7704,TRRUST
NKX3-1,CCND1,0.7329,TRRUST
NKX3-1,ESR1,0.5399,TRRUST
NKX3-1,FOS,0.6996,TRRUST
NKX3-1,IGF1R,0.6919,TRRUST
NKX3-1,KLK3,0.5472,TRRUST
NKX3-1,SIX6,0.5537,TRRUST
NKX3-1,TMPRSS2,0.5811,TRRUST
NKX3-1,VEGFA,0.5847,TRRUST
NONO,MIA,0.5669,TRRUST
NOTCH3,APOD,0.7377,TRRUST
NOTCH3,ASPH,0.529,TRRUST
NOTCH3,HES1,0.6797,TRRUST
NPAS2,CRY1,0.5389,TRRUST
NPAS2,CRY2,0.577,TRRUST
NPAS2,PER1,0.5435,TRRUST
NPAS2,PER2,0.5512,TRRUST
NPAS3,VGF,0.564,TRRUST
NPM1,ATF5,0.7593,TRRUST
NPM1,BRD4,0.5215,TRRUST
NPM1,CCND1,0.5914,TRRUST
NPM1,CDKN1A,0.8936,TRRUST
NPM1,DNMT1,0.6079,TRRUST
NPM1,ELF4,0.6226,TRRUST
NPM1,MDM2,0.6722,TRRUST
NPM1,PTPN6,0.8369,TRRUST
NPM1,RPL3,0.6175,TRRUST
NPM1,TAF1A,0.8704,TRRUST
NPM1,USP7,0.5821,TRRUST
NR0B1,AMH,0.7429,TRRUST
NR0B1,CAMP,0.7447,TRRUST
NR0B1,CYP17A1,0.7725,TRRUST
NR0B1,CYP19A1,0.7797,TRRUST
NR0B1,ESRRG,0.7492,TRRUST
NR0B1,NOS1,0.8516,TRRUST
NR0B1,NR1H4,0.7668,TRRUST
NR0B1,NR5A1,0.6754,TRRUST
NR0B1,PBX1,0.8454,TRRUST
NR0B1,STAR,0.7687,TRRUST
NR0B2,APOC3,0.5482,TRRUST
NR0B2,CYP27A1,0.5443,TRRUST
NR0B2,CYP7A1,0.5352,TRRUST
NR0B2,CYP8B1,0.6145,TRRUST
NR0B2,E2F1,0.725,TRRUST
NR0B2,G6PC,0.5942,TRRUST
NR0B2,PCK2,0.6963,TRRUST
NR0B2,PTGS2,0.9034,TRRUST
NR1D1,ARNTL,0.7536,TRRUST
NR1H2,ABCA1,0.8544,TRRUST
NR1H2,ABCG1,0.8652,TRRUST
NR1H2,ABCG4,0.8431,TRRUST
NR1H3,ABCA1,0.9274,TRRUST
NR1H3,ABCG1,0.891,TRRUST
NR1H3,ABCG4,0.9228,TRRUST
NR1H3,BHLHE40,0.8534,TRRUST
NR1H3,CETP,0.606,TRRUST
NR1H4,ABCB11,0.6042,TRRUST
NR1H4,ABCB4,0.8961,TRRUST
NR1H4,ABCC4,0.7762,TRRUST
NR1H4,CYP7A1,0.7133,TRRUST
NR1H4,DCN,0.8344,TRRUST
NR1H4,EDN1,0.7439,TRRUST
NR1H4,FABP6,0.9002,TRRUST
NR1H4,HSD3B2,0.5833,TRRUST
NR1H4,INS,0.8427,TRRUST
NR1H4,KLF11,0.5755,TRRUST
NR1H4,KRT13,0.8543,TRRUST
NR1H4,NFKB1,0.867,TRRUST
NR1H4,NR1I2,0.891,TRRUST
NR1H4,PLTP,0.602,TRRUST
NR1H4,RELA,0.8455,TRRUST
NR1H4,SCARB1,0.8646,TRRUST
NR1H4,SLCO1B3,0.5496,TRRUST
NR1H4,STK11,0.8418,TRRUST
NR1H4,UGT2B4,0.7562,TRRUST
NR1H4,VEGFA,0.92,TRRUST
NR1I2,ABCB1,0.8607,TRRUST
NR1I2,BCL2,0.9026,TRRUST
NR1I2,BCL2L1,0.9187,TRRUST
NR1I2,CCL2,0.7631,TRRUST
NR1I2,CORO1C,0.8401,TRRUST
NR1I2,CYP2B6,0.6252,TRRUST
NR1I2,CYP2C8,0.5614,TRRUST
NR1I2,CYP2C9,0.5573,TRRUST
NR1I2,CYP3A4,0.8269,TRRUST
NR1I2,CYP4F12,0.5735,TRRUST
NR1I2,FGF19,0.832,TRRUST
NR1I2,FOSL1,0.8473,TRRUST
NR1I2,HP,0.5549,TRRUST
NR1I2,IL10,0.909,TRRUST
NR1I2,KLF6,0.9163,TRRUST
NR1I2,NFKB1,0.7033,TRRUST
NR1I2,NOD1,0.7645,TRRUST
NR1I2,NOD2,0.7643,TRRUST
NR1I2,PTAFR,0.9041,TRRUST
NR1I2,RAB3A,0.8361,TRRUST
NR1I2,RELA,0.7459,TRRUST
NR1I2,RXRA,0.624,TRRUST
NR1I2,THBS1,0.8951,TRRUST
NR1I2,THRSP,0.8565,TRRUST
NR1I2,TNFRSF12A,0.8751,TRRUST
NR1I2,UGT1A1,0.891,TRRUST
NR1I3,CYP2B6,0.8762,TRRUST
NR1I3,CYP2C9,0.5332,TRRUST
NR1I3,UGT1A1,0.8543,TRRUST
NR2C2,LHCGR,0.9083,TRRUST
NR2C2,OXT,0.6148,TRRUST
NR2E3,ESR1,0.5351,TRRUST
NR2E3,RHO,0.9248,TRRUST
NR2F1,APOA2,0.5562,TRRUST
NR2F1,APOB,0.5929,TRRUST
NR2F1,APOC3,0.6027,TRRUST
NR2F1,CYP17A1,0.7593,TRRUST
NR2F1,CYP19A1,0.624,TRRUST
NR2F1,DR1,0.7044,TRRUST
NR2F1,LHCGR,0.7644,TRRUST
NR2F1,MTTP,0.6845,TRRUST
NR2F1,SERPINC1,0.7476,TRRUST
NR2F2,E2F1,0.6016,TRRUST
NR2F2,HEY1,0.5945,TRRUST
NR2F2,HEY2,0.5478,TRRUST
NR2F2,NTS,0.616,TRRUST
NR2F2,POU5F1,0.6886,TRRUST
NR2F2,PPARA,0.5259,TRRUST
NR2F2,TFAP2A,0.8989,TRRUST
NR2F6,APOA2,0.5723,TRRUST
NR2F6,APOB,0.6134,TRRUST
NR2F6,APOC3,0.5622,TRRUST
NR2F6,CYP19A1,0.5385,TRRUST
NR2F6,LHCGR,0.762,TRRUST
NR3C1,ATF2,0.7304,TRRUST
NR3C1,ATP1B1,0.6908,TRRUST
NR3C1,BAD,0.8992,TRRUST
NR3C1,BAX,0.8762,TRRUST
NR3C1,BGLAP,0.7365,TRRUST
NR3C1,BRCA1,0.8707,TRRUST
NR3C1,CALD1,0.9112,TRRUST
NR3C1,CCND1,0.6113,TRRUST
NR3C1,CCND3,0.748,TRRUST
NR3C1,CDK4,0.6816,TRRUST
NR3C1,CDK6,0.7623,TRRUST
NR3C1,CDKN1A,0.8938,TRRUST
NR3C1,COX1,0.5967,TRRUST
NR3C1,CSF1R,0.5599,TRRUST
NR3C1,CYP19A1,0.9167,TRRUST
NR3C1,ELK1,0.7498,TRRUST
NR3C1,ETS1,0.6824,TRRUST
NR3C1,HRH1,0.5649,TRRUST
NR3C1,HSD11B2,0.6175,TRRUST
NR3C1,MAOA,0.5252,TRRUST
NR3C1,MUC4,0.6258,TRRUST
NR3C1,NFKB1,0.7447,TRRUST
NR3C1,NR1I2,0.5895,TRRUST
NR3C1,NR3C1,0.5498,TRRUST
NR3C1,PNRC1,0.5474,TRRUST
NR3C1,PPIG,0.6236,TRRUST
NR3C1,RLN1,0.5528,TRRUST
NR3C1,RLN2,0.6053,TRRUST
NR3C1,RPS6KA3,0.8632,TRRUST
NR3C1,S100P,0.5353,TRRUST
NR3C1,SCNN1A,0.5212,TRRUST
NR3C1,SLC10A2,0.5799,TRRUST
NR3C1,SPP1,0.6273,TRRUST
NR3C1,SRF,0.7106,TRRUST
NR3C1,STAT1,0.7093,TRRUST
NR3C1,TAT,0.5579,TRRUST
NR3C1,TP53,0.7273,TRRUST
NR3C1,UGT1A1,0.8685,TRRUST
NR3C2,ATP1B1,0.7668,TRRUST
NR3C2,CABIN1,0.7256,TRRUST
NR3C2,CCR5,0.8759,TRRUST
NR3C2,CCR6,0.8352,TRRUST
NR3C2,CD40,0.9281,TRRUST
NR3C2,EGFR,0.8475,TRRUST
NR3C2,LCN2,0.5281,TRRUST
NR4A1,BABAM2,0.7429,TRRUST
NR4A1,CCNA2,0.7355,TRRUST
NR4A1,CDKN1B,0.8657,TRRUST
NR4A1,CYP11A1,0.5664,TRRUST
NR4A1,CYP17A1,0.6064,TRRUST
NR4A1,E2F1,0.8415,TRRUST
NR4A1,FASLG,0.6102,TRRUST
NR4A1,HSD3B2,0.8914,TRRUST
NR4A1,MDM2,0.7161,TRRUST
NR4A1,MMP2,0.8704,TRRUST
NR4A1,RNF7,0.6982,TRRUST
NR4A1,SERPINE1,0.6027,TRRUST
NR4A1,STAR,0.5764,TRRUST
NR4A1,TIMP2,0.8553,TRRUST
NR4A1,TNF,0.7356,TRRUST
NR4A2,APOM,0.6295,TRRUST
NR4A2,CRH,0.5679,TRRUST
NR4A2,CXCL8,0.6213,TRRUST
NR4A2,MMP1,0.708,TRRUST
NR4A2,SLC6A3,0.526,TRRUST
NR4A3,PPARG,0.6925,TRRUST
NR5A1,AMH,0.8661,TRRUST
NR5A1,CITED2,0.8442,TRRUST
NR5A1,CYP11A1,0.52,TRRUST
NR5A1,CYP11B1,0.6207,TRRUST
NR5A1,CYP11B2,0.7628,TRRUST
NR5A1,CYP17A1,0.9017,TRRUST
NR5A1,CYP19A1,0.8385,TRRUST
NR5A1,CYP2B6,0.5332,TRRUST
NR5A1,FSHR,0.5274,TRRUST
NR5A1,HSD3B1,0.5996,TRRUST
NR5A1,HSD3B2,0.9222,TRRUST
NR5A1,INSL3,0.5674,TRRUST
NR5A1,LHB,0.8331,TRRUST
NR5A1,MC2R,0.8764,TRRUST
NR5A1,NOV,0.7084,TRRUST
NR5A1,NR0B1,0.8612,TRRUST
NR5A1,PBX1,0.8883,TRRUST
NR5A1,PNRC1,0.5991,TRRUST
NR5A1,POU5F1,0.5322,TRRUST
NR5A1,SRY,0.8239,TRRUST
NR5A1,STAR,0.9294,TRRUST
NR5A1,STARD7,0.8456,TRRUST
NR5A2,ABCB11,0.5259,TRRUST
NR5A2,ABCG5,0.8409,TRRUST
NR5A2,ABCG8,0.8243,TRRUST
NR5A2,CCNE1,0.5631,TRRUST
NR5A2,CETP,0.9083,TRRUST
NR5A2,CYP11A1,0.5575,TRRUST
NR5A2,CYP11B1,0.8689,TRRUST
NR5A2,CYP19A1,0.5943,TRRUST
NR5A2,HSD3B2,0.876,TRRUST
NR5A2,NR5A2,0.9148,TRRUST
NR5A2,SLC10A2,0.6153,TRRUST
NR5A2,STAR,0.8211,TRRUST
NRF1,CAPNS1,0.9056,TRRUST
NRF1,COX6A1,0.5707,TRRUST
NRF1,CXCR4,0.9288,TRRUST
NRF1,FMR1,0.8732,TRRUST
NRF1,FXR2,0.9286,TRRUST
NRF1,GALNT3,0.603,TRRUST
NRF1,IDE,0.8473,TRRUST
NRF1,NQO1,0.5792,TRRUST
NRF1,PRDX3,0.9291,TRRUST
NRF1,PRDX5,0.9143,TRRUST
NRF1,SDHB,0.5307,TRRUST
NRF1,SLC46A1,0.8977,TRRUST
NRF1,SNRPN,0.558,TRRUST
NRF1,SPAST,0.8208,TRRUST
NRF1,TOMM34,0.5644,TRRUST
NRIP1,SLC7A1,0.8458,TRRUST
NRL,NR2E3,0.9101,TRRUST
NRL,PDE6B,0.5571,TRRUST
NRL,RBP3,0.761,TRRUST
NRL,RHO,0.6701,TRRUST
NUPR1,BCL2L1,0.8539,TRRUST
NUPR1,CDKN1A,0.8465,TRRUST
NUPR1,EP300,0.5457,TRRUST
NUPR1,MSL1,0.6775,TRRUST
NUPR1,TP53,0.5406,TRRUST
OLIG2,LGR5,0.5811,TRRUST
ONECUT1,MITF,0.552,TRRUST
ONECUT1,PROC,0.8659,TRRUST
ONECUT2,MITF,0.8615,TRRUST
ONECUT2,SYTL4,0.7663,TRRUST
OTX1,BEST1,0.9196,TRRUST
OTX2,AURKA,0.8742,TRRUST
OTX2,BEST1,0.8563,TRRUST
OTX2,CCNG2,0.8317,TRRUST
OTX2,CDC25C,0.9249,TRRUST
OTX2,DCT,0.5266,TRRUST
OTX2,HESX1,0.5527,TRRUST
OTX2,IGF1,0.8528,TRRUST
OTX2,IL6,0.8552,TRRUST
OTX2,PAX6,0.8381,TRRUST
OTX2,POU1F1,0.6061,TRRUST
OTX2,RBP3,0.8335,TRRUST
OTX2,TYR,0.8898,TRRUST
PA2G4,AGR2,0.8336,TRRUST
PA2G4,AR,0.5278,TRRUST
PA2G4,E2F1,0.77,TRRUST
PA2G4,KLK3,0.6909,TRRUST
PARP1,BCL2,0.7603,TRRUST
PARP1,BRCA2,0.7299,TRRUST
PARP1,CDH1,0.8286,TRRUST
PARP1,CDKN1A,0.6251,TRRUST
PARP1,CXCL1,0.5472,TRRUST
PARP1,DNAAF4,0.6146,TRRUST
PARP1,E2F1,0.8386,TRRUST
PARP1,FBN1,0.6139,TRRUST
PARP1,FN1,0.5215,TRRUST
PARP1,FOXO1,0.7263,TRRUST
PARP1,HFE,0.6046,TRRUST
PARP1,HTR1A,0.7728,TRRUST
PARP1,IFNAR1,0.62,TRRUST
PARP1,IFNG,0.6102,TRRUST
PARP1,IL10,0.6177,TRRUST
PARP1,JUN,0.5419,TRRUST
PARP1,NFKB1,0.5513,TRRUST
PARP1,RELA,0.5518,TRRUST
PARP1,SERPINE1,0.8615,TRRUST
PARP1,SERPINF1,0.7133,TRRUST
PARP1,SH3BP2,0.5799,TRRUST
PARP1,SMARCB1,0.5376,TRRUST
PARP1,SNAI1,0.746,TRRUST
PARP1,THBD,0.8384,TRRUST
PARP1,VIM,0.8541,TRRUST
PAWR,BCL2,0.7254,TRRUST
PAWR,NOV,0.9076,TRRUST
PAX1,PDGFRA,0.6013,TRRUST
PAX2,ADAM10,0.591,TRRUST
PAX2,ERBB2,0.5371,TRRUST
PAX2,L1CAM,0.5802,TRRUST
PAX2,NCAM1,0.5296,TRRUST
PAX2,TP53,0.7115,TRRUST
PAX2,WT1,0.5655,TRRUST
PAX3,BCL2L1,0.8244,TRRUST
PAX3,CXCR4,0.8501,TRRUST
PAX3,DPYSL2,0.6251,TRRUST
PAX3,MET,0.6249,TRRUST
PAX3,MITF,0.8588,TRRUST
PAX3,SHH,0.5247,TRRUST
PAX4,GCG,0.6897,TRRUST
PAX4,INS,0.7131,TRRUST
PAX4,ISL1,0.6243,TRRUST
PAX5,BAX,0.8355,TRRUST
PAX5,BCL2,0.754,TRRUST
PAX5,BLK,0.682,TRRUST
PAX5,CCND1,0.7779,TRRUST
PAX5,CD19,0.862,TRRUST
PAX5,CD79A,0.9053,TRRUST
PAX5,CDKN1A,0.8577,TRRUST
PAX5,FCER2,0.589,TRRUST
PAX5,FHL2,0.8411,TRRUST
PAX5,LEF1,0.8361,TRRUST
PAX5,MET,0.9232,TRRUST
PAX5,MMP1,0.7709,TRRUST
PAX5,MYCN,0.9176,TRRUST
PAX5,PRDM1,0.7388,TRRUST
PAX5,PRKCE,0.6089,TRRUST
PAX5,RAG2,0.5276,TRRUST
PAX5,RB1,0.5568,TRRUST
PAX5,TERT,0.8545,TRRUST
PAX5,TIMP1,0.8899,TRRUST
PAX5,TP53,0.8592,TRRUST
PAX5,XBP1,0.6863,TRRUST
PAX6,FABP7,0.8856,TRRUST
PAX6,GCG,0.6096,TRRUST
PAX6,ITGA5,0.562,TRRUST
PAX6,ITGB1,0.5345,TRRUST
PAX6,KRT12,0.5416,TRRUST
PAX6,MET,0.8461,TRRUST
PAX6,MMP2,0.553,TRRUST
PAX6,PCSK1,0.8907,TRRUST
PAX6,PDHX,0.7361,TRRUST
PAX6,PROX1,0.8966,TRRUST
PAX6,SIX3,0.8599,TRRUST
PAX8,E2F1,0.9106,TRRUST
PAX8,NCAM1,0.8424,TRRUST
PAX8,SLC3A1,0.8716,TRRUST
PAX8,SLC5A5,0.9081,TRRUST
PAX8,TG,0.6898,TRRUST
PAX8,TP53,0.6821,TRRUST
PAX8,TSHR,0.7672,TRRUST
PAX8,WT1,0.8577,TRRUST
PBX1,HOXB1,0.8952,TRRUST
PBX1,NANOG,0.8228,TRRUST
PBX1,PF4,0.8959,TRRUST
PBX1,SOX3,0.5548,TRRUST
PBX1,VCP,0.8261,TRRUST
PBX2,EMX2,0.8871,TRRUST
PBX2,FMO3,0.5465,TRRUST
PBX2,MEIS1,0.5625,TRRUST
PBX2,PF4,0.8289,TRRUST
PBX2,UGT2B17,0.5362,TRRUST
PBX2,VCP,0.5528,TRRUST
PCBD1,FXYD2,0.6799,TRRUST
PCGF2,HOXA7,0.9202,TRRUST
PCGF2,ZEB1,0.6707,TRRUST
PCGF2,ZEB2,0.7232,TRRUST
PDCD11,FASLG,0.5336,TRRUST
PDX1,GCK,0.8538,TRRUST
PDX1,INS,0.9219,TRRUST
PER1,BAX,0.6878,TRRUST
PER1,BCL2,0.9262,TRRUST
PER1,SLC5A1,0.6926,TRRUST
PER2,SNAI2,0.7516,TRRUST
PER2,TWIST1,0.7301,TRRUST
PGR,ABCG2,0.6173,TRRUST
PGR,ATP1B1,0.5809,TRRUST
PGR,BCL2,0.8788,TRRUST
PGR,CCND1,0.5415,TRRUST
PGR,CYP19A1,0.6883,TRRUST
PGR,DUSP1,0.9208,TRRUST
PGR,E2F1,0.8561,TRRUST
PGR,EGFR,0.5609,TRRUST
PGR,ERBB2,0.7536,TRRUST
PGR,ESR1,0.8573,TRRUST
PGR,FOXP3,0.7747,TRRUST
PGR,HLTF,0.9012,TRRUST
PGR,IGFBP1,0.5857,TRRUST
PGR,IL10,0.7669,TRRUST
PGR,IRS2,0.5255,TRRUST
PGR,KLK3,0.5483,TRRUST
PGR,KLK4,0.8712,TRRUST
PGR,MYC,0.545,TRRUST
PGR,PLD1,0.6018,TRRUST
PGR,PTGS2,0.7711,TRRUST
PGR,RELA,0.7166,TRRUST
PGR,RLN1,0.5576,TRRUST
PGR,RLN2,0.6258,TRRUST
PGR,VEGFA,0.5689,TRRUST
PGR,YWHAQ,0.5738,TRRUST
PHB2,ARNT,0.7087,TRRUST
PHB2,BTG2,0.7701,TRRUST
PHF10,CASP3,0.5826,TRRUST
PHF8,CDC20,0.6038,TRRUST
PHOX2A,DBH,0.9093,TRRUST
PHOX2A,TLX2,0.8576,TRRUST
PHOX2B,ALK,0.8677,TRRUST
PHOX2B,DBH,0.9133,TRRUST
PHOX2B,MSX1,0.71,TRRUST
PHOX2B,PHOX2A,0.6073,TRRUST
PHOX2B,TLX2,0.9235,TRRUST
PIAS1,CYP17A1,0.5886,TRRUST
PIAS1,FABP2,0.9016,TRRUST
PIAS1,MUC1,0.7586,TRRUST
PIAS1,PRMT1,0.763,TRRUST
PIAS1,SI,0.8635,TRRUST
PIAS1,STAT1,0.5256,TRRUST
PIAS2,AR,0.8642,TRRUST
PIAS2,LRRN3,0.7441,TRRUST
PIAS2,MUC1,0.7195,TRRUST
PIAS2,MYCN,0.7524,TRRUST
PIAS3,ATF1,0.8593,TRRUST
PIAS3,ESR1,0.5898,TRRUST
PIAS3,MUC1,0.6905,TRRUST
PIAS3,STAT3,0.6024,TRRUST
PIAS4,MUC1,0.73,TRRUST
PIAS4,VDR,0.5424,TRRUST
PIR,NFKB1,0.5521,TRRUST
PITX1,DUX4,0.6023,TRRUST
PITX1,FSHB,0.5731,TRRUST
PITX1,GNRH1,0.6938,TRRUST
PITX1,HES1,0.7764,TRRUST
PITX1,IFNA1,0.7487,TRRUST
PITX1,IRF2,0.7753,TRRUST
PITX1,IRF7,0.717,TRRUST
PITX1,JUN,0.7223,TRRUST
PITX1,LHB,0.6188,TRRUST
PITX1,NKX3-1,0.7278,TRRUST
PITX1,PRL,0.8978,TRRUST
PITX1,RUNX1,0.6977,TRRUST
PITX1,RUNX2,0.7191,TRRUST
PITX1,TBX4,0.5336,TRRUST
PITX1,TERT,0.6927,TRRUST
PITX1,TRIB2,0.6701,TRRUST
PITX2,ABCB1,0.5243,TRRUST
PITX2,FGF16,0.6275,TRRUST
PITX2,FSHB,0.5467,TRRUST
PITX2,GNRH1,0.743,TRRUST
PITX2,LEF1,0.9123,TRRUST
PITX2,LHX6,0.8806,TRRUST
PITX2,PLOD1,0.5368,TRRUST
PITX2,PRL,0.9001,TRRUST
PITX2,SLC13A3,0.586,TRRUST
PITX2,WNT2,0.6004,TRRUST
PITX2,WNT5A,0.6047,TRRUST
PITX3,MIP,0.9273,TRRUST
PITX3,TH,0.8831,TRRUST
PKNOX1,MEIS1,0.5576,TRRUST
PKNOX1,PF4,0.5913,TRRUST
PKNOX1,PTPN6,0.8275,TRRUST
PKNOX1,SYP,0.9187,TRRUST
PLAG1,ABCC6,0.8331,TRRUST
PLAG1,CRLF1,0.8561,TRRUST
PLAG1,IGF2,0.9097,TRRUST
PLAG1,XRCC1,0.5857,TRRUST
PLAGL1,ABCC6,0.8633,TRRUST
PLAGL1,SDHB,0.7221,TRRUST
PLAGL2,IGF2,0.914,TRRUST
PLAGL2,METAP2,0.8574,TRRUST
PLAGL2,NCF2,0.9157,TRRUST
PLAGL2,SFTPC,0.8297,TRRUST
PML,BAX,0.9054,TRRUST
PML,CASP3,0.9132,TRRUST
PML,CCND1,0.69,TRRUST
PML,CCNT1,0.5673,TRRUST
PML,CDKN1A,0.8382,TRRUST
PML,EAF2,0.7477,TRRUST
PML,EGFR,0.7289,TRRUST
PML,EP300,0.8899,TRRUST
PML,FLT3,0.8416,TRRUST
PML,GRIP1,0.8433,TRRUST
PML,HCK,0.5246,TRRUST
PML,HIPK2,0.8554,TRRUST
PML,IFNB1,0.8816,TRRUST
PML,NR4A1,0.7644,TRRUST
PML,PML,0.8934,TRRUST
PML,TNFAIP3,0.7179,TRRUST
PML,TNFSF10,0.9248,TRRUST
PML,TP53,0.5991,TRRUST
PML,UBA7,0.7723,TRRUST
POLR1A,E2F1,0.728,TRRUST
POU1F1,BDKRB1,0.5485,TRRUST
POU1F1,CGA,0.5258,TRRUST
POU1F1,GH1,0.8999,TRRUST
POU1F1,GH2,0.8333,TRRUST
POU1F1,GHR,0.8533,TRRUST
POU1F1,INSM1,0.5786,TRRUST
POU1F1,POU1F1,0.8821,TRRUST
POU1F1,PRL,0.8861,TRRUST
POU1F1,REN,0.5383,TRRUST
POU1F1,TSHB,0.8618,TRRUST
POU1F1,VDR,0.8879,TRRUST
POU2AF1,ID2,0.6267,TRRUST
POU2AF1,IGH,0.9,TRRUST
POU2AF1,SPIB,0.6215,TRRUST
POU2AF1,TK1,0.9038,TRRUST
POU2AF1,TNFRSF17,0.8851,TRRUST
POU2F1,AR,0.5411,TRRUST
POU2F1,BDKRB1,0.5933,TRRUST
POU2F1,CAPN6,0.5886,TRRUST
POU2F1,CCND1,0.8863,TRRUST
POU2F1,CDX2,0.5739,TRRUST
POU2F1,GADD45A,0.8782,TRRUST
POU2F1,GATA1,0.5568,TRRUST
POU2F1,GCM1,0.5771,TRRUST
POU2F1,GFI1B,0.5417,TRRUST
POU2F1,GNRH1,0.6086,TRRUST
POU2F1,HBG1,0.6904,TRRUST
POU2F1,HIST2H2BE,0.5293,TRRUST
POU2F1,HPGDS,0.568,TRRUST
POU2F1,ID1,0.5924,TRRUST
POU2F1,IL2,0.8681,TRRUST
POU2F1,IL2RA,0.5504,TRRUST
POU2F1,IL4,0.7314,TRRUST
POU2F1,IL5,0.5582,TRRUST
POU2F1,LCT,0.9226,TRRUST
POU2F1,LGALS4,0.9215,TRRUST
POU2F1,MAD2L1,0.8753,TRRUST
POU2F1,PLAU,0.5561,TRRUST
POU2F1,POU2AF1,0.6011,TRRUST
POU2F1,PTGIR,0.824,TRRUST
POU2F1,RPTOR,0.5722,TRRUST
POU2F1,RRM2B,0.557,TRRUST
POU2F1,SDC4,0.6213,TRRUST
POU2F1,SNAI2,0.8213,TRRUST
POU2F1,SNAPC1,0.5808,TRRUST
POU2F1,SPP1,0.6015,TRRUST
POU2F1,ST6GAL1,0.5734,TRRUST
POU2F1,TK1,0.8294,TRRUST
POU2F1,TRA,0.627,TRRUST
POU2F1,TWIST1,0.877,TRRUST
POU2F1,TXNRD1,0.5876,TRRUST
POU2F1,UGT2B7,0.846,TRRUST
POU2F1,VCAM1,0.7232,TRRUST
POU2F1,VWF,0.8672,TRRUST
POU2F2,HBB,0.5282,TRRUST
POU2F2,HLA-DOB,0.5317,TRRUST
POU2F2,HLA-DRA,0.6121,TRRUST
POU2F2,ID2,0.5464,TRRUST
POU2F2,IL5,0.5414,TRRUST
POU2F2,SPI1,0.5755,TRRUST
POU2F2,SPIB,0.6046,TRRUST
POU2F2,SPP1,0.5268,TRRUST
POU2F2,TK1,0.8834,TRRUST
POU2F2,TRA,0.5331,TRRUST
POU2F3,SPRR2A,0.524,TRRUST
POU3F1,GNRH1,0.5258,TRRUST
POU3F2,CDH13,0.6118,TRRUST
POU3F2,DDC,0.533,TRRUST
POU3F2,FABP7,0.525,TRRUST
POU3F2,FOXP2,0.5682,TRRUST
POU3F2,GNRH1,0.9128,TRRUST
POU3F2,MITF,0.5489,TRRUST
POU3F2,NKX2-1,0.5664,TRRUST
POU3F2,PAX3,0.5244,TRRUST
POU3F2,PDE5A,0.7194,TRRUST
POU3F4,GCG,0.5835,TRRUST
POU4F1,HPSE,0.5828,TRRUST
POU4F1,HSP90AA1,0.8566,TRRUST
POU4F2,CCND1,0.8547,TRRUST
POU4F2,HSP90AA1,0.8317,TRRUST
POU5F1,BMP4,0.7103,TRRUST
POU5F1,CDKN1A,0.6809,TRRUST
POU5F1,CDX2,0.7543,TRRUST
POU5F1,DDC,0.6263,TRRUST
POU5F1,DKK1,0.7767,TRRUST
POU5F1,DLX5,0.7652,TRRUST
POU5F1,EOMES,0.7361,TRRUST
POU5F1,FGF4,0.8971,TRRUST
POU5F1,GADD45A,0.5514,TRRUST
POU5F1,GATA6,0.7394,TRRUST
POU5F1,HLX,0.7201,TRRUST
POU5F1,ID2,0.723,TRRUST
POU5F1,ITGA6,0.9034,TRRUST
POU5F1,L1TD1,0.551,TRRUST
POU5F1,LEFTY1,0.855,TRRUST
POU5F1,NANOG,0.9217,TRRUST
POU5F1,SEMA6A,0.5262,TRRUST
POU5F1,SOX2,0.8734,TRRUST
POU5F1,SPP1,0.9204,TRRUST
POU5F1,TBXT,0.7371,TRRUST
POU5F1,TBX18,0.7301,TRRUST
POU5F1,TDGF1,0.8475,TRRUST
POU5F1,THY1,0.8578,TRRUST
POU5F1,ZFP42,0.9137,TRRUST
PPARA,ACADL,0.5815,TRRUST
PPARA,ACOX1,0.5766,TRRUST
PPARA,ACSL1,0.681,TRRUST
PPARA,ANGPTL4,0.8218,TRRUST
PPARA,APOA4,0.626,TRRUST
PPARA,APOA5,0.5615,TRRUST
PPARA,APOB,0.8864,TRRUST
PPARA,APOBR,0.6788,TRRUST
PPARA,APOC3,0.7451,TRRUST
PPARA,CD36,0.6226,TRRUST
PPARA,CETP,0.8833,TRRUST
PPARA,CGB5,0.5339,TRRUST
PPARA,CPT1A,0.734,TRRUST
PPARA,CYP1A1,0.9043,TRRUST
PPARA,CYP2C9,0.7147,TRRUST
PPARA,FABP4,0.6168,TRRUST
PPARA,G0S2,0.5914,TRRUST
PPARA,HMOX1,0.6189,TRRUST
PPARA,IGFBP1,0.5886,TRRUST
PPARA,IL6,0.5344,TRRUST
PPARA,IL6R,0.7041,TRRUST
PPARA,LPL,0.8422,TRRUST
PPARA,MLYCD,0.62,TRRUST
PPARA,MMP9,0.7536,TRRUST
PPARA,NFKBIA,0.8944,TRRUST
PPARA,PDK4,0.8531,TRRUST
PPARA,PLIN2,0.6902,TRRUST
PPARA,PTGS2,0.9032,TRRUST
PPARA,SERPINE1,0.8722,TRRUST
PPARA,SLC25A20,0.5448,TRRUST
PPARA,SLC9A1,0.5878,TRRUST
PPARA,SOD2,0.5244,TRRUST
PPARA,SREBF2,0.7059,TRRUST
PPARA,STAT5A,0.5715,TRRUST
PPARA,SULT2A1,0.5363,TRRUST
PPARA,TUBA1B,0.6283,TRRUST
PPARA,TXNIP,0.693,TRRUST
PPARA,UCP1,0.6843,TRRUST
PPARA,UGT1A9,0.8424,TRRUST
PPARD,ANG,0.7546,TRRUST
PPARD,ANGPTL4,0.7168,TRRUST
PPARD,CAT,0.8822,TRRUST
PPARD,HSD11B2,0.6723,TRRUST
PPARD,LPL,0.8238,TRRUST
PPARD,PDK4,0.869,TRRUST
PPARD,SAT1,0.9098,TRRUST
PPARD,SOD1,0.9174,TRRUST
PPARD,TIMP1,0.8295,TRRUST
PPARD,TXN,0.8792,TRRUST
PPARG,ABCG2,0.9205,TRRUST
PPARG,ACAT1,0.8627,TRRUST
PPARG,ADIPOQ,0.9113,TRRUST
PPARG,AGER,0.6847,TRRUST
PPARG,ANGPTL4,0.9229,TRRUST
PPARG,APOB,0.7527,TRRUST
PPARG,APOBR,0.7735,TRRUST
PPARG,ATP2A2,0.5944,TRRUST
PPARG,BAD,0.86,TRRUST
PPARG,BCL2,0.9232,TRRUST
PPARG,BCL2L1,0.7003,TRRUST
PPARG,BRS3,0.8565,TRRUST
PPARG,CAT,0.5971,TRRUST
PPARG,CAV1,0.6042,TRRUST
PPARG,CCND1,0.7722,TRRUST
PPARG,CCNE1,0.6925,TRRUST
PPARG,CD36,0.9078,TRRUST
PPARG,CD83,0.9012,TRRUST
PPARG,CDKN1A,0.827,TRRUST
PPARG,CEBPA,0.5626,TRRUST
PPARG,CFLAR,0.7011,TRRUST
PPARG,CIITA,0.8535,TRRUST
PPARG,CLDN2,0.6281,TRRUST
PPARG,CPT1B,0.8907,TRRUST
PPARG,CSF1,0.7489,TRRUST
PPARG,DBI,0.6274,TRRUST
PPARG,DEFB103A,0.5615,TRRUST
PPARG,EGFR,0.7582,TRRUST
PPARG,ERO1A,0.8678,TRRUST
PPARG,ERP44,0.9156,TRRUST
PPARG,FABP4,0.8399,TRRUST
PPARG,FASLG,0.9242,TRRUST
PPARG,FGF1,0.5441,TRRUST
PPARG,GDF15,0.5559,TRRUST
PPARG,GK,0.9032,TRRUST
PPARG,HMOX1,0.5633,TRRUST
PPARG,ICAM1,0.7369,TRRUST
PPARG,JAG1,0.5689,TRRUST
PPARG,KLF4,0.6017,TRRUST
PPARG,LIPE,0.8451,TRRUST
PPARG,MMP1,0.5264,TRRUST
PPARG,MMP9,0.703,TRRUST
PPARG,MYC,0.7222,TRRUST
PPARG,NOTCH4,0.5385,TRRUST
PPARG,NR1H3,0.559,TRRUST
PPARG,PDK2,0.714,TRRUST
PPARG,PLIN2,0.8263,TRRUST
PPARG,POU2F1,0.8842,TRRUST
PPARG,PTEN,0.9173,TRRUST
PPARG,PTGS2,0.8367,TRRUST
PPARG,RARB,0.8858,TRRUST
PPARG,REN,0.7431,TRRUST
PPARG,RETN,0.8661,TRRUST
PPARG,SAT1,0.8971,TRRUST
PPARG,SERPINE1,0.5652,TRRUST
PPARG,SLC2A4,0.7255,TRRUST
PPARG,SLC5A5,0.8208,TRRUST
PPARG,SLC9A1,0.7461,TRRUST
PPARG,SOCS7,0.5927,TRRUST
PPARG,TG,0.6742,TRRUST
PPARG,TNFRSF11B,0.5605,TRRUST
PPARG,TP53,0.9277,TRRUST
PPARG,TSHR,0.7163,TRRUST
PPARG,TXNIP,0.5752,TRRUST
PPARG,UGT1A9,0.9201,TRRUST
PPARG,VLDLR,0.8989,TRRUST
PPARGC1A,ALDOB,0.884,TRRUST
PPARGC1A,APOA5,0.9078,TRRUST
PPARGC1A,APOC3,0.9151,TRRUST
PPARGC1A,CYP2C9,0.5703,TRRUST
PPARGC1A,CYP7A1,0.8723,TRRUST
PPARGC1A,MFN2,0.8625,TRRUST
PPARGC1A,MLYCD,0.6263,TRRUST
PPARGC1A,OTC,0.8967,TRRUST
PPARGC1A,PCK2,0.8292,TRRUST
PRDM1,CIITA,0.7649,TRRUST
PRDM1,GCSAM,0.7229,TRRUST
PRDM1,LMO2,0.6776,TRRUST
PRDM1,MKI67,0.5805,TRRUST
PRDM1,MYC,0.7159,TRRUST
PRDM1,PCNA,0.6166,TRRUST
PRDM14,POU5F1,0.8424,TRRUST
PRDM2,KMT5A,0.6109,TRRUST
PREB,CCL2,0.5813,TRRUST
PREB,PRL,0.526,TRRUST
PROX1,AKT2,0.7769,TRRUST
PROX1,CCNE1,0.8764,TRRUST
PROX1,CDKN1B,0.852,TRRUST
PROX1,CDKN1C,0.8716,TRRUST
PROX1,CYP7A1,0.7644,TRRUST
PROX1,IFNG,0.7035,TRRUST
PROX1,NR1I2,0.6912,TRRUST
PROX1,NR5A2,0.6842,TRRUST
PROX1,RGS4,0.7028,TRRUST
PROX1,SIX3,0.9058,TRRUST
PROX1,TWIST1,0.7219,TRRUST
PTF1A,CEL,0.545,TRRUST
PTMA,CDKN1A,0.5383,TRRUST
PTMA,IDO1,0.8566,TRRUST
PTMA,IDO2,0.9234,TRRUST
PTMA,TLR9,0.7077,TRRUST
PTTG1,CCNB1,0.9287,TRRUST
PTTG1,CDC42,0.8734,TRRUST
PTTG1,CDK1,0.8397,TRRUST
PTTG1,DOCK1,0.918,TRRUST
PTTG1,FGF2,0.5706,TRRUST
PTTG1,ID3,0.8981,TRRUST
PTTG1,KDR,0.9282,TRRUST
PTTG1,LGALS1,0.8255,TRRUST
PTTG1,MYC,0.8306,TRRUST
PTTG1,PTTG1IP,0.8993,TRRUST
PTTG1,RAC1,0.851,TRRUST
PTTG1,RHOA,0.8403,TRRUST
PTTG1,S100A4,0.8243,TRRUST
PTTG1,TIMP2,0.6724,TRRUST
PTTG1,VEGFA,0.9052,TRRUST
PURA,AR,0.6848,TRRUST
PURA,ERBB2,0.5714,TRRUST
PURA,FAS,0.7366,TRRUST
PURA,PCNA,0.7171,TRRUST
RAD51,SP1,0.823,TRRUST
RARA,ABCC3,0.7562,TRRUST
RARA,ANXA8,0.6712,TRRUST
RARA,CCNA1,0.7538,TRRUST
RARA,CDKN1A,0.9183,TRRUST
RARA,CRABP1,0.8676,TRRUST
RARA,CRH,0.8789,TRRUST
RARA,CXCR5,0.8725,TRRUST
RARA,CYP1A1,0.5628,TRRUST
RARA,ETS1,0.6176,TRRUST
RARA,FGFBP1,0.9183,TRRUST
RARA,GNRH2,0.5569,TRRUST
RARA,HCK,0.5877,TRRUST
RARA,HNF4A,0.622,TRRUST
RARA,HSD17B2,0.9258,TRRUST
RARA,ICAM1,0.876,TRRUST
RARA,MACROD1,0.7198,TRRUST
RARA,MAOB,0.5507,TRRUST
RARA,MUC5AC,0.7755,TRRUST
RARA,NR1I3,0.8357,TRRUST
RARA,PLAU,0.5838,TRRUST
RARA,PRKCA,0.8511,TRRUST
RARA,RARB,0.8507,TRRUST
RARA,RPTOR,0.5645,TRRUST
RARA,SCD,0.9299,TRRUST
RARA,SFTPB,0.526,TRRUST
RARA,THBD,0.8836,TRRUST
RARB,ADH5,0.5291,TRRUST
RARB,RARB,0.837,TRRUST
RARB,THBD,0.5684,TRRUST
RARG,BGLAP,0.8762,TRRUST
RARG,CYP19A1,0.5485,TRRUST
RARG,ICAM1,0.8548,TRRUST
RARG,RARB,0.5296,TRRUST
RARG,THBD,0.5534,TRRUST
RB1,ATF2,0.6263,TRRUST
RB1,BIRC5,0.6239,TRRUST
RB1,BRCA1,0.7068,TRRUST
RB1,CDH1,0.5828,TRRUST
RB1,CDK1,0.6201,TRRUST
RB1,CDKN1A,0.8207,TRRUST
RB1,DDIT3,0.6092,TRRUST
RB1,DHFR,0.7743,TRRUST
RB1,DNMT3A,0.68,TRRUST
RB1,E2F1,0.6878,TRRUST
RB1,E2F2,0.7757,TRRUST
RB1,E2F3,0.7291,TRRUST
RB1,EBNA1BP2,0.8216,TRRUST
RB1,ELF1,0.5483,TRRUST
RB1,FGFR1,0.7195,TRRUST
RB1,FOS,0.7462,TRRUST
RB1,HBP1,0.6006,TRRUST
RB1,IGF1,0.6295,TRRUST
RB1,MAP3K5,0.5516,TRRUST
RB1,MYC,0.7292,TRRUST
RB1,PCNA,0.7287,TRRUST
RB1,PPARG,0.5646,TRRUST
RB1,RB1,0.6886,TRRUST
RB1,RBL1,0.7775,TRRUST
RB1,SFTPD,0.9139,TRRUST
RB1,SP1,0.5748,TRRUST
RB1,TFDP1,0.7364,TRRUST
RB1,TGFBI,0.545,TRRUST
RB1,TP53BP2,0.5798,TRRUST
RB1,VEGFA,0.8964,TRRUST
RB1,WRN,0.5767,TRRUST
RB1CC1,CDKN2A,0.6289,TRRUST
RB1CC1,RB1,0.8872,TRRUST
RBBP7,CDH1,0.7108,TRRUST
RBL1,BRCA1,0.7549,TRRUST
RBL1,CCNA2,0.6888,TRRUST
RBL1,HIST1H2AE,0.7123,TRRUST
RBL1,MYC,0.5582,TRRUST
RBL1,TFDP1,0.7175,TRRUST
RBL2,BRCA1,0.756,TRRUST
RBL2,DNMT3B,0.7233,TRRUST
RBL2,E2F4,0.6073,TRRUST
RBL2,RAD51,0.7334,TRRUST
RBMX,EGR1,0.7076,TRRUST
RBMX,FOS,0.7591,TRRUST
RBMX,FOSL1,0.6962,TRRUST
RBMX,JUNB,0.6947,TRRUST
RBMX,JUND,0.7255,TRRUST
RBMX,KIT,0.6987,TRRUST
RBMX,ROS1,0.671,TRRUST
RBMX,TXNIP,0.8913,TRRUST
RBPJ,CR2,0.5762,TRRUST
RBPJ,IL6,0.869,TRRUST
RBPJ,NFKB1,0.6264,TRRUST
RBPJ,PTEN,0.7328,TRRUST
REL,BCL2A1,0.915,TRRUST
REL,BIRC3,0.8353,TRRUST
REL,CCL2,0.8826,TRRUST
REL,CCL5,0.6155,TRRUST
REL,CD40LG,0.5841,TRRUST
REL,CDKN1A,0.899,TRRUST
REL,CRP,0.5609,TRRUST
REL,CSRP1,0.8302,TRRUST
REL,EPHB2,0.7204,TRRUST
REL,F3,0.5634,TRRUST
REL,ICAM1,0.6154,TRRUST
REL,IER3,0.5468,TRRUST
REL,IL10,0.6263,TRRUST
REL,IL12B,0.6254,TRRUST
REL,IL1B,0.8472,TRRUST
REL,IL2,0.5583,TRRUST
REL,IL2RA,0.9185,TRRUST
REL,IL6,0.7763,TRRUST
REL,KLK3,0.5688,TRRUST
REL,SELE,0.8553,TRRUST
REL,SOD2,0.8779,TRRUST
REL,TNFAIP3,0.8957,TRRUST
RELA,ABCA1,0.7001,TRRUST
RELA,ABCB1,0.901,TRRUST
RELA,ABCG2,0.8257,TRRUST
RELA,ADORA1,0.8254,TRRUST
RELA,ADORA2A,0.5625,TRRUST
RELA,ADORA3,0.5589,TRRUST
RELA,AGER,0.8547,TRRUST
RELA,AGT,0.574,TRRUST
RELA,AKT1,0.7053,TRRUST
RELA,AKT2,0.6911,TRRUST
RELA,ALOX5,0.704,TRRUST
RELA,ALOX5AP,0.6272,TRRUST
RELA,AMH,0.8652,TRRUST
RELA,AR,0.7189,TRRUST
RELA,BACE1,0.7334,TRRUST
RELA,BAD,0.9282,TRRUST
RELA,BAX,0.6966,TRRUST
RELA,BCL2,0.8949,TRRUST
RELA,BCL2A1,0.8988,TRRUST
RELA,BCL2L1,0.8868,TRRUST
RELA,BCL2L11,0.6797,TRRUST
RELA,BCL3,0.8945,TRRUST
RELA,BDKRB1,0.5271,TRRUST
RELA,BGN,0.8856,TRRUST
RELA,BHMT,0.7514,TRRUST
RELA,BIRC2,0.8432,TRRUST
RELA,BIRC3,0.9126,TRRUST
RELA,BIRC5,0.8233,TRRUST
RELA,BMP2,0.9128,TRRUST
RELA,BRCA2,0.8706,TRRUST
RELA,BTG2,0.5439,TRRUST
RELA,BTS1,0.5347,TRRUST
RELA,CARD8,0.6249,TRRUST
RELA,CARM1,0.528,TRRUST
RELA,CASP3,0.5419,TRRUST
RELA,CASP9,0.5583,TRRUST
RELA,CCK,0.5882,TRRUST
RELA,CCL11,0.8799,TRRUST
RELA,CCL13,0.5338,TRRUST
RELA,CCL19,0.5519,TRRUST
RELA,CCL2,0.8463,TRRUST
RELA,CCL20,0.8435,TRRUST
RELA,CCL22,0.8652,TRRUST
RELA,CCL3,0.8974,TRRUST
RELA,CCL4,0.5439,TRRUST
RELA,CCL5,0.8603,TRRUST
RELA,CCNB1,0.863,TRRUST
RELA,CCND1,0.9274,TRRUST
RELA,CCND2,0.925,TRRUST
RELA,CCR2,0.908,TRRUST
RELA,CCR3,0.8466,TRRUST
RELA,CCR5,0.5275,TRRUST
RELA,CCR7,0.8549,TRRUST
RELA,CD28,0.5493,TRRUST
RELA,CD38,0.5757,TRRUST
RELA,CD40,0.9056,TRRUST
RELA,CD40LG,0.6144,TRRUST
RELA,CD58,0.9129,TRRUST
RELA,CD69,0.5596,TRRUST
RELA,CD74,0.5956,TRRUST
RELA,CD80,0.8544,TRRUST
RELA,CD83,0.8267,TRRUST
RELA,CD86,0.8972,TRRUST
RELA,CDH1,0.8211,TRRUST
RELA,CDK4,0.865,TRRUST
RELA,CDK6,0.8562,TRRUST
RELA,CDKN1A,0.8963,TRRUST
RELA,CEACAM1,0.9043,TRRUST
RELA,CFI,0.8535,TRRUST
RELA,CFLAR,0.9093,TRRUST
RELA,CFTR,0.8523,TRRUST
RELA,COL1A1,0.5691,TRRUST
RELA,COL1A2,0.75,TRRUST
RELA,COL2A1,0.7462,TRRUST
RELA,COL7A1,0.6286,TRRUST
RELA,COX1,0.5448,TRRUST
RELA,CR2,0.5929,TRRUST
RELA,CREB3,0.5871,TRRUST
RELA,CRHR1,0.9207,TRRUST
RELA,CRP,0.8372,TRRUST
RELA,CSF1,0.9027,TRRUST
RELA,CSF2,0.5825,TRRUST
RELA,CSNK2A1,0.5502,TRRUST
RELA,CTSB,0.8722,TRRUST
RELA,CXCL1,0.8567,TRRUST
RELA,CXCL10,0.8837,TRRUST
RELA,CXCL12,0.9178,TRRUST
RELA,CXCL2,0.5826,TRRUST
RELA,CXCL5,0.5895,TRRUST
RELA,CXCL8,0.8771,TRRUST
RELA,CXCR2,0.8256,TRRUST
RELA,CXCR4,0.8456,TRRUST
RELA,CYP19A1,0.7241,TRRUST
RELA,CYP1A1,0.5541,TRRUST
RELA,CYP27B1,0.54,TRRUST
RELA,CYP2E1,0.5755,TRRUST
RELA,CYP3A4,0.5555,TRRUST
RELA,CYP3A7,0.5484,TRRUST
RELA,DEFB4A,0.571,TRRUST
RELA,DRD2,0.5347,TRRUST
RELA,E2F1,0.6221,TRRUST
RELA,EBI3,0.9154,TRRUST
RELA,EDN1,0.5978,TRRUST
RELA,EGFR,0.8317,TRRUST
RELA,EGR1,0.7553,TRRUST
RELA,ELF3,0.6089,TRRUST
RELA,EPAS1,0.9045,TRRUST
RELA,EPCAM,0.6825,TRRUST
RELA,ERAP1,0.5908,TRRUST
RELA,ERAP2,0.6118,TRRUST
RELA,F3,0.5835,TRRUST
RELA,F8,0.5911,TRRUST
RELA,FAF1,0.8704,TRRUST
RELA,FAS,0.8782,TRRUST
RELA,FASLG,0.8238,TRRUST
RELA,FBP1,0.5903,TRRUST
RELA,FGF7,0.529,TRRUST
RELA,FGF8,0.8679,TRRUST
RELA,VEGFD,0.8522,TRRUST
RELA,FLT4,0.88,TRRUST
RELA,FN1,0.8347,TRRUST
RELA,FOXO3,0.5961,TRRUST
RELA,FOXP3,0.9075,TRRUST
RELA,GADD45G,0.538,TRRUST
RELA,GATA3,0.8315,TRRUST
RELA,GCLC,0.536,TRRUST
RELA,GFAP,0.9165,TRRUST
RELA,GKN2,0.7281,TRRUST
RELA,GNRH2,0.7214,TRRUST
RELA,GRIN1,0.5317,TRRUST
RELA,GSK3A,0.5915,TRRUST
RELA,GSTP1,0.9155,TRRUST
RELA,GTF2B,0.9111,TRRUST
RELA,HBEGF,0.8889,TRRUST
RELA,HDAC1,0.5283,TRRUST
RELA,HDAC7,0.5324,TRRUST
RELA,HES1,0.5254,TRRUST
RELA,HIF1A,0.5483,TRRUST
RELA,HLA-A,0.8349,TRRUST
RELA,HLA-F,0.5486,TRRUST
RELA,HMOX1,0.5624,TRRUST
RELA,HPSE,0.9237,TRRUST
RELA,HSD11B2,0.8871,TRRUST
RELA,HYAL1,0.9118,TRRUST
RELA,ICAM1,0.8981,TRRUST
RELA,IER3,0.5324,TRRUST
RELA,IFNA1,0.901,TRRUST
RELA,IFNB1,0.8503,TRRUST
RELA,IFNG,0.8903,TRRUST
RELA,IGF2BP2,0.5575,TRRUST
RELA,IL10,0.9297,TRRUST
RELA,IL12A,0.849,TRRUST
RELA,IL12B,0.8507,TRRUST
RELA,IL17A,0.6224,TRRUST
RELA,IL17C,0.8227,TRRUST
RELA,IL18,0.8966,TRRUST
RELA,IL1A,0.7498,TRRUST
RELA,IL1B,0.912,TRRUST
RELA,IL1RN,0.9272,TRRUST
RELA,IL2,0.9273,TRRUST
RELA,IL23A,0.8272,TRRUST
RELA,IL2RA,0.6104,TRRUST
RELA,IL4,0.5911,TRRUST
RELA,IL6,0.8912,TRRUST
RELA,IRF1,0.8341,TRRUST
RELA,IRF4,0.8915,TRRUST
RELA,IRF7,0.9281,TRRUST
RELA,ITGAX,0.6203,TRRUST
RELA,JUNB,0.8683,TRRUST
RELA,KDM2A,0.5244,TRRUST
RELA,KLK3,0.7099,TRRUST
RELA,LCN2,0.9109,TRRUST
RELA,LIPE,0.8972,TRRUST
RELA,LPL,0.8705,TRRUST
RELA,LTC4S,0.6761,TRRUST
RELA,MADCAM1,0.567,TRRUST
RELA,MAT2A,0.8716,TRRUST
RELA,MCL1,0.9221,TRRUST
RELA,MGMT,0.5905,TRRUST
RELA,MICA,0.5543,TRRUST
RELA,MIF,0.5778,TRRUST
RELA,MMP1,0.8273,TRRUST
RELA,MMP12,0.927,TRRUST
RELA,MMP13,0.8596,TRRUST
RELA,MMP14,0.8726,TRRUST
RELA,MMP2,0.8591,TRRUST
RELA,MMP3,0.5951,TRRUST
RELA,MMP9,0.8928,TRRUST
RELA,MUC17,0.5987,TRRUST
RELA,MUC2,0.8495,TRRUST
RELA,MUC5AC,0.5547,TRRUST
RELA,MUC5B,0.5338,TRRUST
RELA,MUC6,0.5921,TRRUST
RELA,MYC,0.8244,TRRUST
RELA,NAMPT,0.8857,TRRUST
RELA,NCAM1,0.9157,TRRUST
RELA,NCOR1,0.618,TRRUST
RELA,NCOR2,0.5694,TRRUST
RELA,NFKB1,0.8705,TRRUST
RELA,NFKBIA,0.8285,TRRUST
RELA,NFKBIZ,0.5938,TRRUST
RELA,NLRP2,0.9103,TRRUST
RELA,NOLC1,0.8469,TRRUST
RELA,NOS1,0.8663,TRRUST
RELA,NOS2,0.9123,TRRUST
RELA,NOS3,0.9165,TRRUST
RELA,NOX4,0.8467,TRRUST
RELA,NOX5,0.8806,TRRUST
RELA,NPPB,0.5412,TRRUST
RELA,NRF1,0.5312,TRRUST
RELA,OLFM4,0.6202,TRRUST
RELA,OLR1,0.6103,TRRUST
RELA,OPTN,0.9036,TRRUST
RELA,OXTR,0.8254,TRRUST
RELA,PCK2,0.7628,TRRUST
RELA,PCYT2,0.5682,TRRUST
RELA,PDK4,0.7077,TRRUST
RELA,PGR,0.7301,TRRUST
RELA,PIGR,0.53,TRRUST
RELA,PLA2G2A,0.6032,TRRUST
RELA,PLAU,0.8841,TRRUST
RELA,PLAUR,0.8405,TRRUST
RELA,PLIN1,0.8407,TRRUST
RELA,POU2F2,0.5403,TRRUST
RELA,PPARA,0.5263,TRRUST
RELA,PPARD,0.7347,TRRUST
RELA,PPIG,0.6124,TRRUST
RELA,PROX1,0.8219,TRRUST
RELA,PSMB10,0.5254,TRRUST
RELA,PSMB9,0.583,TRRUST
RELA,PTAFR,0.9101,TRRUST
RELA,PTEN,0.8559,TRRUST
RELA,PTGER4,0.5585,TRRUST
RELA,PTGES,0.8856,TRRUST
RELA,PTGFR,0.5502,TRRUST
RELA,PTGS2,0.8229,TRRUST
RELA,PTHLH,0.9009,TRRUST
RELA,PTPN13,0.5888,TRRUST
RELA,PTPN6,0.5839,TRRUST
RELA,REPS2,0.7516,TRRUST
RELA,RGS4,0.8943,TRRUST
RELA,RIPK2,0.8426,TRRUST
RELA,S100A6,0.8588,TRRUST
RELA,SAA1,0.5339,TRRUST
RELA,SAA2,0.8343,TRRUST
RELA,SDC1,0.8944,TRRUST
RELA,SELE,0.9144,TRRUST
RELA,SERPINA3,0.7759,TRRUST
RELA,SERPINB1,0.8891,TRRUST
RELA,SERPINE1,0.8403,TRRUST
RELA,SFTPA1,0.5316,TRRUST
RELA,SIRT1,0.9094,TRRUST
RELA,SLC25A27,0.8837,TRRUST
RELA,SLC9A2,0.588,TRRUST
RELA,SNAI1,0.906,TRRUST
RELA,SOCS3,0.5974,TRRUST
RELA,SOD2,0.9118,TRRUST
RELA,STAT1,0.5262,TRRUST
RELA,STAT3,0.6022,TRRUST
RELA,STAT4,0.6136,TRRUST
RELA,STK39,0.8515,TRRUST
RELA,TAP1,0.5904,TRRUST
RELA,TAP2,0.5546,TRRUST
RELA,TAPBP,0.6254,TRRUST
RELA,TBP,0.8237,TRRUST
RELA,TBX21,0.8838,TRRUST
RELA,TERT,0.5383,TRRUST
RELA,TF,0.8983,TRRUST
RELA,TFF1,0.8393,TRRUST
RELA,TFF3,0.8459,TRRUST
RELA,THBD,0.7244,TRRUST
RELA,TIMP1,0.7706,TRRUST
RELA,TLR2,0.8433,TRRUST
RELA,TLR3,0.8359,TRRUST
RELA,TLR7,0.9035,TRRUST
RELA,TLR9,0.5751,TRRUST
RELA,TNC,0.9203,TRRUST
RELA,TNF,0.8361,TRRUST
RELA,TNFAIP3,0.8911,TRRUST
RELA,TNFRSF10A,0.5456,TRRUST
RELA,TNFRSF10B,0.8372,TRRUST
RELA,TNFRSF13C,0.8952,TRRUST
RELA,TNFRSF9,0.5853,TRRUST
RELA,TNFSF10,0.903,TRRUST
RELA,TNFSF14,0.554,TRRUST
RELA,TNIP3,0.5693,TRRUST
RELA,TP53,0.5646,TRRUST
RELA,TRAF1,0.9282,TRRUST
RELA,TRAF2,0.8521,TRRUST
RELA,TRIB3,0.7024,TRRUST
RELA,TRIM21,0.559,TRRUST
RELA,TRPC1,0.5821,TRRUST
RELA,TSLP,0.5478,TRRUST
RELA,TWIST1,0.9207,TRRUST
RELA,UPP1,0.8492,TRRUST
RELA,VCAM1,0.9185,TRRUST
RELA,VEGFA,0.8314,TRRUST
RELA,VWF,0.5922,TRRUST
RELA,WT1,0.6198,TRRUST
RELA,XIAP,0.8386,TRRUST
RELA,YY1,0.7765,TRRUST
RELB,CCL19,0.8698,TRRUST
RELB,CCL21,0.924,TRRUST
RELB,CD40,0.5945,TRRUST
RELB,PIGR,0.8532,TRRUST
REST,AR,0.5407,TRRUST
REST,AVP,0.8534,TRRUST
REST,BDNF,0.6802,TRRUST
REST,CACNA1H,0.5358,TRRUST
REST,CARTPT,0.6815,TRRUST
REST,CD59,0.7165,TRRUST
REST,CHGA,0.6075,TRRUST
REST,CHGB,0.5356,TRRUST
REST,DGCR5,0.6843,TRRUST
REST,DYRK1A,0.5908,TRRUST
REST,GABRB3,0.5417,TRRUST
REST,GJD2,0.6807,TRRUST
REST,GLRA1,0.8384,TRRUST
REST,GRIN1,0.7716,TRRUST
REST,KCNN4,0.7604,TRRUST
REST,KCNQ2,0.7089,TRRUST
REST,KCNQ3,0.7421,TRRUST
REST,LIN28A,0.7291,TRRUST
REST,NRP1,0.7445,TRRUST
REST,OPRM1,0.7451,TRRUST
REST,PCSK1,0.5892,TRRUST
REST,PENK,0.6993,TRRUST
REST,SCG3,0.5243,TRRUST
REST,STAT1,0.7201,TRRUST
REST,SYN1,0.618,TRRUST
REST,TAC1,0.7326,TRRUST
REST,TAC3,0.6116,TRRUST
REST,TH,0.9291,TRRUST
REST,TPH2,0.838,TRRUST
REST,TUBB3,0.7461,TRRUST
REST,VGF,0.5942,TRRUST
REST,VIP,0.6278,TRRUST
RFWD2,MMP1,0.7784,TRRUST
RFWD2,PLAU,0.7455,TRRUST
RFWD2,COP1,0.6968,TRRUST
RFX1,CD70,0.6078,TRRUST
RFX1,CIITA,0.5318,TRRUST
RFX1,COL1A2,0.9059,TRRUST
RFX1,FGF1,0.6201,TRRUST
RFX1,HDAC1,0.5621,TRRUST
RFX1,HLA-DMB,0.5894,TRRUST
RFX1,HLA-DOB,0.5673,TRRUST
RFX1,HLA-DPB1,0.5682,TRRUST
RFX1,HLA-DRA,0.5541,TRRUST
RFX1,IL5RA,0.6038,TRRUST
RFX1,ITGAL,0.623,TRRUST
RFX1,MAP1A,0.7735,TRRUST
RFX1,MSLN,0.5392,TRRUST
RFX1,MYC,0.7662,TRRUST
RFX1,PCNA,0.7511,TRRUST
RFX2,FGF1,0.5478,TRRUST
RFX2,IL5RA,0.5274,TRRUST
RFX3,FGF1,0.5495,TRRUST
RFX3,IL5RA,0.6203,TRRUST
RFX3,MAP1A,0.7396,TRRUST
RFX5,COL1A2,0.7493,TRRUST
RFX5,HDAC2,0.5483,TRRUST
RFX5,HLA-DMA,0.5991,TRRUST
RFX5,HLA-DMB,0.5231,TRRUST
RFX5,HLA-DOA,0.5613,TRRUST
RFX5,HLA-DOB,0.5889,TRRUST
RFX5,HLA-DPA1,0.5361,TRRUST
RFX5,HLA-DPB1,0.6105,TRRUST
RFX5,HLA-DQA1,0.5459,TRRUST
RFX5,HLA-DQA2,0.5918,TRRUST
RFX5,HLA-DQB1,0.5646,TRRUST
RFX5,HLA-DQB2,0.5856,TRRUST
RFX5,HLA-DRA,0.5318,TRRUST
RFX5,HLA-DRB1,0.5219,TRRUST
RFX5,HLA-DRB3,0.6201,TRRUST
RFX5,HLA-DRB4,0.5497,TRRUST
RFX5,HLA-DRB5,0.6102,TRRUST
RFX5,IFNG,0.6299,TRRUST
RFXANK,HLA-DMA,0.5433,TRRUST
RFXANK,HLA-DMB,0.5492,TRRUST
RFXANK,HLA-DOA,0.5929,TRRUST
RFXANK,HLA-DOB,0.6262,TRRUST
RFXANK,HLA-DPA1,0.6207,TRRUST
RFXANK,HLA-DPB1,0.5753,TRRUST
RFXANK,HLA-DQA1,0.6075,TRRUST
RFXANK,HLA-DQA2,0.5349,TRRUST
RFXANK,HLA-DQB1,0.6275,TRRUST
RFXANK,HLA-DQB2,0.6261,TRRUST
RFXANK,HLA-DRA,0.538,TRRUST
RFXANK,HLA-DRB1,0.5529,TRRUST
RFXANK,HLA-DRB3,0.531,TRRUST
RFXANK,HLA-DRB4,0.5499,TRRUST
RFXANK,HLA-DRB5,0.6098,TRRUST
RFXAP,HLA-DMA,0.5616,TRRUST
RFXAP,HLA-DMB,0.5297,TRRUST
RFXAP,HLA-DOA,0.5576,TRRUST
RFXAP,HLA-DOB,0.628,TRRUST
RFXAP,HLA-DPA1,0.5893,TRRUST
RFXAP,HLA-DPB1,0.5658,TRRUST
RFXAP,HLA-DQA1,0.5383,TRRUST
RFXAP,HLA-DQA2,0.6285,TRRUST
RFXAP,HLA-DQB1,0.6103,TRRUST
RFXAP,HLA-DQB2,0.551,TRRUST
RFXAP,HLA-DRA,0.5277,TRRUST
RFXAP,HLA-DRB1,0.5262,TRRUST
RFXAP,HLA-DRB3,0.5332,TRRUST
RFXAP,HLA-DRB4,0.5839,TRRUST
RFXAP,HLA-DRB5,0.6222,TRRUST
RNF14,CCND1,0.8746,TRRUST
RORA,APOA5,0.6127,TRRUST
RORA,E2F1,0.569,TRRUST
RORA,NPSR1,0.7479,TRRUST
RORA,NR1D1,0.9005,TRRUST
RORA,TUBA1B,0.5391,TRRUST
RORC,IL17A,0.5597,TRRUST
RORC,IL22,0.5901,TRRUST
RREB1,KLK3,0.6778,TRRUST
RREB1,SLC39A3,0.5598,TRRUST
RUNX1,ALOX12,0.5788,TRRUST
RUNX1,BAALC,0.9296,TRRUST
RUNX1,BPI,0.5722,TRRUST
RUNX1,CCL3,0.9098,TRRUST
RUNX1,CCND2,0.5675,TRRUST
RUNX1,CD34,0.9076,TRRUST
RUNX1,CD6,0.5855,TRRUST
RUNX1,CSF1,0.6175,TRRUST
RUNX1,CSF1R,0.5652,TRRUST
RUNX1,CSF2,0.5865,TRRUST
RUNX1,ELANE,0.5893,TRRUST
RUNX1,FHL2,0.5659,TRRUST
RUNX1,GP1BA,0.8359,TRRUST
RUNX1,IL2,0.8303,TRRUST
RUNX1,IL3,0.6718,TRRUST
RUNX1,ITGA2B,0.9161,TRRUST
RUNX1,ITGB2,0.546,TRRUST
RUNX1,JUN,0.8433,TRRUST
RUNX1,KLF4,0.601,TRRUST
RUNX1,KLK3,0.5552,TRRUST
RUNX1,LGALS3,0.8757,TRRUST
RUNX1,MAD2L1,0.6879,TRRUST
RUNX1,MECOM,0.9256,TRRUST
RUNX1,MIR27A,0.6137,TRRUST
RUNX1,MPL,0.615,TRRUST
RUNX1,MPO,0.5647,TRRUST
RUNX1,MYH10,0.7539,TRRUST
RUNX1,MYL9,0.5358,TRRUST
RUNX1,NCAM1,0.8209,TRRUST
RUNX1,NF1,0.6722,TRRUST
RUNX1,NFKB1,0.5845,TRRUST
RUNX1,PF4,0.8701,TRRUST
RUNX1,PIK3CD,0.577,TRRUST
RUNX1,PRKCQ,0.5208,TRRUST
RUNX1,RELA,0.5665,TRRUST
RUNX1,SLC22A4,0.599,TRRUST
RUNX1,SPI1,0.8687,TRRUST
RUNX1,SYMPK,0.7505,TRRUST
RUNX1,TIMP1,0.5456,TRRUST
RUNX1,VEGFA,0.7594,TRRUST
RUNX1T1,IL3,0.5847,TRRUST
RUNX2,AR,0.5432,TRRUST
RUNX2,ELANE,0.846,TRRUST
RUNX2,ESR1,0.5891,TRRUST
RUNX2,IBSP,0.9113,TRRUST
RUNX2,IHH,0.5657,TRRUST
RUNX2,KLK3,0.5484,TRRUST
RUNX2,LGALS3,0.9154,TRRUST
RUNX2,LRP5,0.5936,TRRUST
RUNX2,MMP13,0.8693,TRRUST
RUNX2,MMP2,0.8737,TRRUST
RUNX2,PIP,0.5425,TRRUST
RUNX2,PLAU,0.5889,TRRUST
RUNX2,PTH,0.5595,TRRUST
RUNX2,SNAI2,0.9295,TRRUST
RUNX2,SNAI3,0.8728,TRRUST
RUNX2,SP7,0.5734,TRRUST
RUNX2,TWIST1,0.8822,TRRUST
RUNX2,VEGFA,0.9208,TRRUST
RUNX2,VEGFC,0.9081,TRRUST
RUNX3,CAPN10,0.8696,TRRUST
RUNX3,CASP2,0.8991,TRRUST
RUNX3,CASP3,0.8845,TRRUST
RUNX3,CASP7,0.8742,TRRUST
RUNX3,CASP8,0.8412,TRRUST
RUNX3,CCND1,0.721,TRRUST
RUNX3,CD36,0.697,TRRUST
RUNX3,CD6,0.6206,TRRUST
RUNX3,CDKN1A,0.8569,TRRUST
RUNX3,CFLAR,0.7747,TRRUST
RUNX3,CLDN7,0.8786,TRRUST
RUNX3,CLEC4G,0.8895,TRRUST
RUNX3,DNASE1,0.8797,TRRUST
RUNX3,FADD,0.8342,TRRUST
RUNX3,HES1,0.7113,TRRUST
RUNX3,HSPD1,0.6809,TRRUST
RUNX3,ICAM3,0.7385,TRRUST
RUNX3,ING1,0.8692,TRRUST
RUNX3,ING4,0.9056,TRRUST
RUNX3,JAG1,0.6943,TRRUST
RUNX3,MMP9,0.6881,TRRUST
RUNX3,MYC,0.7147,TRRUST
RUNX3,PEA15,0.7719,TRRUST
RUNX3,RUNX1,0.7481,TRRUST
RUNX3,TCF4,0.8661,TRRUST
RUNX3,TIAL1,0.7269,TRRUST
RUNX3,TIMP1,0.8293,TRRUST
RUNX3,TRAF6,0.9283,TRRUST
RUNX3,TXN2,0.7433,TRRUST
RUNX3,WNT4,0.7014,TRRUST
RUVBL1,TP53,0.7344,TRRUST
RXRA,ABCA1,0.832,TRRUST
RXRA,ABCB11,0.6262,TRRUST
RXRA,ABCC3,0.6892,TRRUST
RXRA,CGB5,0.5913,TRRUST
RXRA,CPT1B,0.847,TRRUST
RXRA,CXCR5,0.8989,TRRUST
RXRA,CYP3A4,0.6055,TRRUST
RXRA,CYP7A1,0.5941,TRRUST
RXRA,GNRH2,0.5876,TRRUST
RXRA,HNF1A,0.6182,TRRUST
RXRA,HNF4A,0.5286,TRRUST
RXRA,HSD17B2,0.8564,TRRUST
RXRA,IL2RA,0.8473,TRRUST
RXRA,IL2RB,0.9287,TRRUST
RXRA,IL2RG,0.8628,TRRUST
RXRA,NOL7,0.9006,TRRUST
RXRA,PLD1,0.5953,TRRUST
RXRA,SERPINC1,0.8433,TRRUST
RXRA,THBD,0.5463,TRRUST
RXRA,TLR10,0.5509,TRRUST
SALL3,DNMT3A,0.5652,TRRUST
SALL3,HDAC9,0.6958,TRRUST
SALL4,ABCA3,0.8222,TRRUST
SALL4,CDH1,0.7667,TRRUST
SALL4,HOXA9,0.9262,TRRUST
SALL4,POU5F1,0.5576,TRRUST
SALL4,PTEN,0.7072,TRRUST
SALL4,SALL4,0.5208,TRRUST
SALL4,ZEB1,0.8948,TRRUST
SALL4A,ABCA3,0.9108,TRRUST
SALL4A,ABCG2,0.5361,TRRUST
SATB1,BCL2,0.8376,TRRUST
SATB1,CD8B,0.6069,TRRUST
SATB1,CDK4,0.8878,TRRUST
SATB1,CR2,0.5249,TRRUST
SATB1,CYBB,0.7385,TRRUST
SATB1,GATA3,0.854,TRRUST
SATB1,HBE1,0.8606,TRRUST
SATB1,HDAC1,0.6047,TRRUST
SATB1,IL2,0.6092,TRRUST
SATB1,IL2RA,0.564,TRRUST
SATB1,IL4,0.9242,TRRUST
SATB1,IL5,0.7147,TRRUST
SATB1,MKI67,0.9049,TRRUST
SATB1,SPARC,0.8732,TRRUST
SATB1,SPI1,0.9187,TRRUST
SATB2,TP63,0.7699,TRRUST
SATB2,UPF3B,0.8296,TRRUST
SCAND1,ZNF202,0.623,TRRUST
SCD5,EGR2,0.6108,TRRUST
SEC14L2,PSMB9,0.607,TRRUST
SERTAD1,SET,0.8421,TRRUST
SETBP1,PTPA,0.7586,TRRUST
SETBP1,PTGER2,0.7635,TRRUST
SETBP1,PTGS2,0.7018,TRRUST
SF1,AMH,0.9247,TRRUST
SF1,CYP11A1,0.8255,TRRUST
SF1,HSD3B2,0.5365,TRRUST
SF1,LHB,0.5791,TRRUST
SF1,MC2R,0.8833,TRRUST
SF1,NR0B1,0.591,TRRUST
SF1,SF3B1,0.5219,TRRUST
SF1,SOX9,0.6256,TRRUST
SF1,STAR,0.5249,TRRUST
SF1,SULT2A1,0.8357,TRRUST
SF1,TCERG1,0.6715,TRRUST
SF1,U2AF2,0.5824,TRRUST
SFPQ,ADARB2,0.7725,TRRUST
SFPQ,CXCL8,0.7433,TRRUST
SFPQ,DNAAF4,0.6105,TRRUST
SFPQ,NEAT1,0.5215,TRRUST
SFPQ,STAT6,0.7296,TRRUST
SFPQ,TH,0.5706,TRRUST
SHOX,ACAN,0.5749,TRRUST
SHOX,FGFR3,0.8279,TRRUST
SHOX,NPPB,0.8953,TRRUST
SHOX2,ACAN,0.5754,TRRUST
SHOX2,NPPB,0.6042,TRRUST
SIM2,BCL2,0.7234,TRRUST
SIM2,CASP3,0.8364,TRRUST
SIM2,PRKN,0.5913,TRRUST
SIN3A,E2F1,0.689,TRRUST
SIN3A,KLK3,0.766,TRRUST
SIRT1,ABCB1,0.8874,TRRUST
SIRT1,ACAN,0.8373,TRRUST
SIRT1,ADAMTS5,0.7759,TRRUST
SIRT1,BCL11A,0.727,TRRUST
SIRT1,CCAR2,0.678,TRRUST
SIRT1,CCND1,0.739,TRRUST
SIRT1,CDH1,0.6979,TRRUST
SIRT1,CDKN1A,0.7584,TRRUST
SIRT1,CFH,0.76,TRRUST
SIRT1,CFLAR,0.9277,TRRUST
SIRT1,COL10A1,0.7252,TRRUST
SIRT1,COL1A2,0.72,TRRUST
SIRT1,CTNNB1,0.7529,TRRUST
SIRT1,DLL4,0.6846,TRRUST
SIRT1,EGLN1,0.7302,TRRUST
SIRT1,ESRRG,0.8801,TRRUST
SIRT1,EZH2,0.6798,TRRUST
SIRT1,FOXO3,0.716,TRRUST
SIRT1,FOXP3,0.6139,TRRUST
SIRT1,HBE1,0.7642,TRRUST
SIRT1,HIC1,0.5309,TRRUST
SIRT1,HIF1A,0.83,TRRUST
SIRT1,HSF1,0.8489,TRRUST
SIRT1,HSPA4,0.6162,TRRUST
SIRT1,HYOU1,0.8342,TRRUST
SIRT1,ICAM1,0.7492,TRRUST
SIRT1,IL1B,0.5311,TRRUST
SIRT1,LIN28A,0.5885,TRRUST
SIRT1,MCL1,0.8592,TRRUST
SIRT1,MMP9,0.7568,TRRUST
SIRT1,MYC,0.6957,TRRUST
SIRT1,NBN,0.8903,TRRUST
SIRT1,NDRG1,0.5459,TRRUST
SIRT1,NOTCH1,0.7485,TRRUST
SIRT1,NQO1,0.7661,TRRUST
SIRT1,PAX6,0.6839,TRRUST
SIRT1,PER1,0.9153,TRRUST
SIRT1,PPARG,0.7353,TRRUST
SIRT1,SELE,0.534,TRRUST
SIRT1,SHC1,0.567,TRRUST
SIRT1,TBX3,0.6877,TRRUST
SIRT1,TERT,0.597,TRRUST
SIRT1,TNF,0.6035,TRRUST
SIRT1,TNFRSF10B,0.6816,TRRUST
SIRT1,TP53,0.8757,TRRUST
SIRT1,TP73,0.6096,TRRUST
SIRT1,WRN,0.773,TRRUST
SIRT1,XPC,0.7265,TRRUST
SIRT2,AFP,0.9245,TRRUST
SIRT2,CDKN1A,0.7289,TRRUST
SIRT2,NEDD4,0.7134,TRRUST
SIRT3,FOXO3,0.6133,TRRUST
SIX1,CDH1,0.7242,TRRUST
SIX1,VEGFC,0.8719,TRRUST
SKI,FHL2,0.8739,TRRUST
SKI,MDM2,0.9131,TRRUST
SKIL,ADAM12,0.7615,TRRUST
SKIL,SMAD7,0.7144,TRRUST
SLA2,CD69,0.5567,TRRUST
SLC2A4RG,SLC2A4,0.8741,TRRUST
SMAD1,CXCL2,0.583,TRRUST
SMAD1,IBSP,0.5462,TRRUST
SMAD1,TNFRSF11B,0.6073,TRRUST
SMAD2,AHR,0.5735,TRRUST
SMAD2,BCL2,0.5567,TRRUST
SMAD2,CDKN1A,0.5318,TRRUST
SMAD2,GLI1,0.5463,TRRUST
SMAD2,NKX2-1,0.6244,TRRUST
SMAD3,AHR,0.5536,TRRUST
SMAD3,ANGPTL4,0.8386,TRRUST
SMAD3,APOC3,0.8707,TRRUST
SMAD3,BAMBI,0.8538,TRRUST
SMAD3,BGLAP,0.5239,TRRUST
SMAD3,CCND2,0.8555,TRRUST
SMAD3,CDKN1A,0.8799,TRRUST
SMAD3,COL7A1,0.5807,TRRUST
SMAD3,CYP17A1,0.7092,TRRUST
SMAD3,CYP7A1,0.7192,TRRUST
SMAD3,EPO,0.6262,TRRUST
SMAD3,FOXA2,0.5615,TRRUST
SMAD3,FOXP3,0.8484,TRRUST
SMAD3,FST,0.8468,TRRUST
SMAD3,FSTL3,0.5704,TRRUST
SMAD3,GLI2,0.6035,TRRUST
SMAD3,JUN,0.5427,TRRUST
SMAD3,LTBP4,0.598,TRRUST
SMAD3,MMP9,0.6723,TRRUST
SMAD3,MXD1,0.5661,TRRUST
SMAD3,MYC,0.6053,TRRUST
SMAD3,POR,0.5573,TRRUST
SMAD3,PTHLH,0.882,TRRUST
SMAD3,SERPINE1,0.8425,TRRUST
SMAD3,SMAD7,0.7516,TRRUST
SMAD3,TERT,0.6758,TRRUST
SMAD3,TGFB1,0.7638,TRRUST
SMAD3,TNC,0.8418,TRRUST
SMAD3,VDR,0.9162,TRRUST
SMAD3,VEGFA,0.5588,TRRUST
SMAD3,ZFP36,0.5995,TRRUST
SMAD4,AHR,0.5551,TRRUST
SMAD4,APOC3,0.9197,TRRUST
SMAD4,BAMBI,0.8339,TRRUST
SMAD4,BCL2,0.5396,TRRUST
SMAD4,BGLAP,0.5742,TRRUST
SMAD4,BTRC,0.679,TRRUST
SMAD4,CDKN1A,0.8416,TRRUST
SMAD4,CDKN2B,0.6238,TRRUST
SMAD4,COL7A1,0.6274,TRRUST
SMAD4,DACH1,0.7114,TRRUST
SMAD4,EPO,0.6216,TRRUST
SMAD4,FBXO32,0.5799,TRRUST
SMAD4,FSTL3,0.5497,TRRUST
SMAD4,GLI1,0.5973,TRRUST
SMAD4,HP,0.5925,TRRUST
SMAD4,JUN,0.6288,TRRUST
SMAD4,MYC,0.5492,TRRUST
SMAD4,POR,0.5939,TRRUST
SMAD4,RUNX1T1,0.8257,TRRUST
SMAD4,SERPINE1,0.8325,TRRUST
SMAD4,SKIL,0.5204,TRRUST
SMAD4,SMAD7,0.6299,TRRUST
SMAD4,TGFB1,0.6083,TRRUST
SMAD4,TNC,0.9065,TRRUST
SMAD4,UCP2,0.5761,TRRUST
SMAD4,ZFP36,0.553,TRRUST
SMAD7,CDK1,0.6866,TRRUST
SMAD7,CDKN1A,0.7013,TRRUST
SMAD7,CDKN2B,0.7114,TRRUST
SMAD7,HMOX1,0.6032,TRRUST
SMAD7,KRT14,0.7294,TRRUST
SMAD7,MET,0.8285,TRRUST
SMAD7,MYC,0.822,TRRUST
SMAD7,TGFB1,0.8313,TRRUST
SMAD7,TGFBR1,0.7152,TRRUST
SMARCA1,CD44,0.7727,TRRUST
SMARCA1,CDKN2A,0.8901,TRRUST
SMARCA4,ABCG2,0.9082,TRRUST
SMARCA4,CAD,0.5713,TRRUST
SMARCA4,CCND1,0.7098,TRRUST
SMARCA4,CD44,0.6819,TRRUST
SMARCA4,CDH1,0.9164,TRRUST
SMARCA4,CDKN1A,0.9061,TRRUST
SMARCA4,CDKN2A,0.8385,TRRUST
SMARCA4,FOS,0.7263,TRRUST
SMARCA4,MECOM,0.8736,TRRUST
SMARCB1,CD44,0.7388,TRRUST
SMARCB1,CDKN2A,0.9241,TRRUST
SMG6,UPF1,0.5838,TRRUST
SMURF2,KLF5,0.7294,TRRUST
SNAI1,CDH1,0.6755,TRRUST
SNAI1,CDH2,0.5269,TRRUST
SNAI1,CLDN3,0.6906,TRRUST
SNAI1,CXADR,0.6736,TRRUST
SNAI1,FN1,0.6018,TRRUST
SNAI1,HBEGF,0.8996,TRRUST
SNAI1,PEBP1,0.685,TRRUST
SNAI1,SNAI1,0.612,TRRUST
SNAI1,THBS1,0.687,TRRUST
SNAI1,VDR,0.7031,TRRUST
SNAI2,CD44,0.8474,TRRUST
SNAI2,CDH1,0.711,TRRUST
SNAI2,CDH2,0.548,TRRUST
SNAI2,CXADR,0.7238,TRRUST
SNAI2,CXCL12,0.8648,TRRUST
SNAI2,CXCR4,0.9285,TRRUST
SNAI2,HPGD,0.6762,TRRUST
SNAI2,JAG1,0.8356,TRRUST
SNAI2,LPAR2,0.6758,TRRUST
SNAI2,MMP17,0.5888,TRRUST
SNAI2,MMP9,0.826,TRRUST
SNAI2,POU5F1,0.912,TRRUST
SNAI2,UBE2D3,0.7263,TRRUST
SNAI2,VDR,0.728,TRRUST
SND1,AGTR1,0.8818,TRRUST
SNIP1,CCND1,0.5388,TRRUST
SNIP1,MYC,0.5417,TRRUST
SNW1,HES1,0.5551,TRRUST
SNW1,RARB,0.5853,TRRUST
SNW1,VDR,0.5431,TRRUST
SOX10,COL11A2,0.8328,TRRUST
SOX10,EDNRB,0.6267,TRRUST
SOX10,GJB1,0.8224,TRRUST
SOX10,GJC2,0.6083,TRRUST
SOX10,MBP,0.6067,TRRUST
SOX10,MIA,0.8527,TRRUST
SOX10,MITF,0.8349,TRRUST
SOX10,MPZ,0.536,TRRUST
SOX10,NES,0.5967,TRRUST
SOX10,PMP22,0.5907,TRRUST
SOX10,RET,0.9061,TRRUST
SOX11,SPAST,0.9231,TRRUST
SOX11,TUBB3,0.5961,TRRUST
SOX17,CSNK1A1,0.6871,TRRUST
SOX17,FN1,0.6968,TRRUST
SOX17,HNF4A,0.9126,TRRUST
SOX17,MACC1,0.693,TRRUST
SOX17,NFAT5,0.678,TRRUST
SOX17,SERBP1,0.7474,TRRUST
SOX2,ABCC3,0.8643,TRRUST
SOX2,ABCC6,0.9212,TRRUST
SOX2,ASXL1,0.8915,TRRUST
SOX2,BMP4,0.6799,TRRUST
SOX2,CCND1,0.6243,TRRUST
SOX2,DKK1,0.8484,TRRUST
SOX2,FGF4,0.8571,TRRUST
SOX2,ISL1,0.7142,TRRUST
SOX2,ITGA6,0.8256,TRRUST
SOX2,L1TD1,0.5746,TRRUST
SOX2,LHX3,0.8336,TRRUST
SOX2,MKI67,0.7141,TRRUST
SOX2,MMP3,0.8586,TRRUST
SOX2,NTRK3,0.905,TRRUST
SOX2,PAX6,0.9083,TRRUST
SOX2,PGA5,0.8369,TRRUST
SOX2,PLAC1,0.7103,TRRUST
SOX2,POU4F2,0.7111,TRRUST
SOX2,RHO,0.6867,TRRUST
SOX2,SEMA6A,0.6078,TRRUST
SOX2,TUBB3,0.7478,TRRUST
SOX2,VIM,0.8409,TRRUST
SOX4,AGO1,0.5603,TRRUST
SOX4,AXIN2,0.5316,TRRUST
SOX4,DHX9,0.5891,TRRUST
SOX4,DICER1,0.5334,TRRUST
SOX4,HDAC8,0.9285,TRRUST
SOX4,KMT2A,0.6059,TRRUST
SOX4,NCAM1,0.8629,TRRUST
SOX4,NKX3-1,0.5836,TRRUST
SOX5,SPAG6,0.6202,TRRUST
SOX6,CCNA2,0.731,TRRUST
SOX6,CCND1,0.6892,TRRUST
SOX6,CDK4,0.7117,TRRUST
SOX6,CDKN1A,0.9127,TRRUST
SOX6,CTNNB1,0.7409,TRRUST
SOX6,TP53,0.8916,TRRUST
SOX9,AMH,0.9154,TRRUST
SOX9,AR,0.9183,TRRUST
SOX9,BEST1,0.9212,TRRUST
SOX9,CDK4,0.8304,TRRUST
SOX9,CDKN1A,0.8799,TRRUST
SOX9,CEACAM1,0.6015,TRRUST
SOX9,COL11A2,0.9033,TRRUST
SOX9,COL2A1,0.8867,TRRUST
SOX9,DCC,0.8383,TRRUST
SOX9,DCT,0.6077,TRRUST
SOX9,HES1,0.8992,TRRUST
SOX9,KLF4,0.5295,TRRUST
SOX9,MIA,0.871,TRRUST
SOX9,MITF,0.5391,TRRUST
SOX9,NES,0.5571,TRRUST
SOX9,NR5A1,0.822,TRRUST
SOX9,POU3F2,0.714,TRRUST
SOX9,PRAME,0.7305,TRRUST
SOX9,RXFP2,0.8882,TRRUST
SOX9,SF1,0.593,TRRUST
SOX9,SHH,0.612,TRRUST
SOX9,SOX10,0.6937,TRRUST
SOX9,TYR,0.5333,TRRUST
SP1,ABCA1,0.9137,TRRUST
SP1,ABCB1,0.8372,TRRUST
SP1,ABCB8,0.9272,TRRUST
SP1,ABCC1,0.7627,TRRUST
SP1,ABCC3,0.8751,TRRUST
SP1,ABCG2,0.628,TRRUST
SP1,ACAN,0.5307,TRRUST
SP1,ACO1,0.5533,TRRUST
SP1,ACVRL1,0.5902,TRRUST
SP1,ADA,0.5585,TRRUST
SP1,ADAM10,0.9221,TRRUST
SP1,ADAM17,0.8272,TRRUST
SP1,ADAM23,0.8804,TRRUST
SP1,ADH6,0.585,TRRUST
SP1,ADIPOQ,0.8918,TRRUST
SP1,ADRA1A,0.5481,TRRUST
SP1,ADRA2B,0.8601,TRRUST
SP1,ADRB3,0.6128,TRRUST
SP1,GRK2,0.8414,TRRUST
SP1,AGT,0.611,TRRUST
SP1,AGTR1,0.8819,TRRUST
SP1,AHR,0.7538,TRRUST
SP1,ALOX12,0.8985,TRRUST
SP1,ALOX15B,0.5428,TRRUST
SP1,ALOX5,0.8826,TRRUST
SP1,AMACR,0.6154,TRRUST
SP1,APAF1,0.5675,TRRUST
SP1,APEX1,0.7763,TRRUST
SP1,APLNR,0.8697,TRRUST
SP1,APOA1,0.5357,TRRUST
SP1,APOC3,0.5628,TRRUST
SP1,APOE,0.6247,TRRUST
SP1,APP,0.8552,TRRUST
SP1,AR,0.9155,TRRUST
SP1,AREG,0.6169,TRRUST
SP1,ARF6,0.8585,TRRUST
SP1,ASPN,0.5292,TRRUST
SP1,ATF2,0.5997,TRRUST
SP1,ATM,0.5543,TRRUST
SP1,ATP2A2,0.9061,TRRUST
SP1,ATP2A3,0.8687,TRRUST
SP1,ATP2C1,0.8734,TRRUST
SP1,B4GALT1,0.9056,TRRUST
SP1,B4GALT5,0.8621,TRRUST
SP1,BACE1,0.8687,TRRUST
SP1,BACE2,0.5614,TRRUST
SP1,BAG2,0.5604,TRRUST
SP1,BAX,0.5779,TRRUST
SP1,BCL2,0.609,TRRUST
SP1,BDKRB1,0.5598,TRRUST
SP1,BIRC5,0.5777,TRRUST
SP1,BLMH,0.8938,TRRUST
SP1,BRCA1,0.5496,TRRUST
SP1,BRD7,0.8505,TRRUST
SP1,BSG,0.9227,TRRUST
SP1,BTK,0.5996,TRRUST
SP1,BTS1,0.5835,TRRUST
SP1,C1QBP,0.5912,TRRUST
SP1,C4A,0.5232,TRRUST
SP1,C4B,0.588,TRRUST
SP1,CA9,0.876,TRRUST
SP1,CASP3,0.58,TRRUST
SP1,CAT,0.5595,TRRUST
SP1,CAV1,0.529,TRRUST
SP1,CBFB,0.5413,TRRUST
SP1,CBS,0.6246,TRRUST
SP1,CCK,0.565,TRRUST
SP1,CCL2,0.8713,TRRUST
SP1,CCL5,0.5258,TRRUST
SP1,CCNA2,0.6741,TRRUST
SP1,CCND1,0.8989,TRRUST
SP1,CCND2,0.8792,TRRUST
SP1,PROM1,0.576,TRRUST
SP1,CD14,0.8467,TRRUST
SP1,CD151,0.9019,TRRUST
SP1,CD163,0.5385,TRRUST
SP1,CD1D,0.8409,TRRUST
SP1,CD28,0.5707,TRRUST
SP1,CD2AP,0.8515,TRRUST
SP1,CD44,0.8472,TRRUST
SP1,CD83,0.591,TRRUST
SP1,ADGRE5,0.8916,TRRUST
SP1,CD99,0.9107,TRRUST
SP1,CDC42BPG,0.5659,TRRUST
SP1,CDH2,0.528,TRRUST
SP1,CDH3,0.5501,TRRUST
SP1,CDK4,0.9278,TRRUST
SP1,CDK6,0.7356,TRRUST
SP1,CDKN1A,0.8981,TRRUST
SP1,CDKN1B,0.8208,TRRUST
SP1,CDKN2A,0.877,TRRUST
SP1,CDKN2B,0.5241,TRRUST
SP1,CENPH,0.8826,TRRUST
SP1,CENPW,0.6213,TRRUST
SP1,CERS2,0.9265,TRRUST
SP1,CES1,0.5795,TRRUST
SP1,CETP,0.7204,TRRUST
SP1,CFTR,0.624,TRRUST
SP1,CHGA,0.5941,TRRUST
SP1,CHI3L1,0.5271,TRRUST
SP1,CHRNB4,0.5712,TRRUST
SP1,CHST4,0.8464,TRRUST
SP1,CIC,0.5717,TRRUST
SP1,CLDN3,0.8701,TRRUST
SP1,COL11A2,0.884,TRRUST
SP1,COL18A1,0.5592,TRRUST
SP1,COL1A1,0.5381,TRRUST
SP1,COL2A1,0.8754,TRRUST
SP1,COL7A1,0.6113,TRRUST
SP1,COMP,0.593,TRRUST
SP1,CREB1,0.5572,TRRUST
SP1,CREM,0.9229,TRRUST
SP1,CRMP1,0.6203,TRRUST
SP1,CSNK2A1,0.543,TRRUST
SP1,CTGF,0.8243,TRRUST
SP1,CTSB,0.6015,TRRUST
SP1,CTSL,0.911,TRRUST
SP1,CXADR,0.6265,TRRUST
SP1,CXCL1,0.6179,TRRUST
SP1,CXCL14,0.8861,TRRUST
SP1,CXCL5,0.8783,TRRUST
SP1,CYP17A1,0.5231,TRRUST
SP1,CYP19A1,0.5471,TRRUST
SP1,CYP1B1,0.8706,TRRUST
SP1,CYP27A1,0.8891,TRRUST
SP1,CYP2F1,0.5813,TRRUST
SP1,CYP3A4,0.6017,TRRUST
SP1,CYP3A5,0.5508,TRRUST
SP1,CYP3A7,0.5821,TRRUST
SP1,CYP7A1,0.5297,TRRUST
SP1,CYP7B1,0.5655,TRRUST
SP1,DBF4,0.9025,TRRUST
SP1,DCK,0.5963,TRRUST
SP1,DDB1,0.629,TRRUST
SP1,DDB2,0.5506,TRRUST
SP1,DHCR24,0.8748,TRRUST
SP1,DMRT1,0.5562,TRRUST
SP1,DNASE2,0.8685,TRRUST
SP1,DNMT1,0.9143,TRRUST
SP1,DNMT3A,0.8953,TRRUST
SP1,DNMT3B,0.9171,TRRUST
SP1,DPYSL2,0.5424,TRRUST
SP1,DRG2,0.6161,TRRUST
SP1,E2F1,0.5266,TRRUST
SP1,EAPP,0.9177,TRRUST
SP1,EDNRB,0.8562,TRRUST
SP1,EGF,0.5546,TRRUST
SP1,EGFR,0.7263,TRRUST
SP1,EGR1,0.9235,TRRUST
SP1,ELF4,0.8253,TRRUST
SP1,ELMO3,0.8587,TRRUST
SP1,ENG,0.9142,TRRUST
SP1,EPO,0.8636,TRRUST
SP1,EPOR,0.6919,TRRUST
SP1,ERBB2,0.8667,TRRUST
SP1,ERVW-1,0.8624,TRRUST
SP1,ESR1,0.6207,TRRUST
SP1,EZR,0.9038,TRRUST
SP1,F10,0.5756,TRRUST
SP1,F2R,0.6287,TRRUST
SP1,F3,0.5712,TRRUST
SP1,F7,0.5264,TRRUST
SP1,FABP6,0.5489,TRRUST
SP1,FAS,0.868,TRRUST
SP1,FASLG,0.8373,TRRUST
SP1,FBLN1,0.6242,TRRUST
SP1,FBN1,0.6044,TRRUST
SP1,FBP1,0.5495,TRRUST
SP1,FES,0.585,TRRUST
SP1,FGFBP1,0.5994,TRRUST
SP1,FGFR1,0.6235,TRRUST
SP1,FGFR3,0.617,TRRUST
SP1,FGL2,0.5767,TRRUST
SP1,FMR1,0.9052,TRRUST
SP1,FOLR1,0.5818,TRRUST
SP1,FOS,0.5808,TRRUST
SP1,FOXM1,0.8326,TRRUST
SP1,FPGS,0.5339,TRRUST
SP1,FUT4,0.5782,TRRUST
SP1,FXR2,0.8496,TRRUST
SP1,GAST,0.8223,TRRUST
SP1,GATA3,0.5995,TRRUST
SP1,GCLC,0.8236,TRRUST
SP1,GDA,0.5855,TRRUST
SP1,GDF5,0.5793,TRRUST
SP1,GFER,0.9266,TRRUST
SP1,GH2,0.5733,TRRUST
SP1,GIPR,0.527,TRRUST
SP1,GJA1,0.8807,TRRUST
SP1,GM2A,0.6125,TRRUST
SP1,GPR39,0.6297,TRRUST
SP1,GRIN1,0.5673,TRRUST
SP1,GSPT1,0.5552,TRRUST
SP1,GSTP1,0.9197,TRRUST
SP1,HAS2,0.691,TRRUST
SP1,HBEGF,0.8877,TRRUST
SP1,HBZ,0.5646,TRRUST
SP1,HCN2,0.8245,TRRUST
SP1,HCN4,0.8582,TRRUST
SP1,HDAC4,0.8492,TRRUST
SP1,HGF,0.8955,TRRUST
SP1,HIST2H4A,0.9244,TRRUST
SP1,HLA-G,0.5495,TRRUST
SP1,HMGA1,0.9093,TRRUST
SP1,HMGA2,0.5261,TRRUST
SP1,HNF4A,0.5792,TRRUST
SP1,HOXB7,0.5278,TRRUST
SP1,HPR,0.9227,TRRUST
SP1,HRAS,0.9043,TRRUST
SP1,HSD11B2,0.5924,TRRUST
SP1,HSD17B1,0.9106,TRRUST
SP1,HSD17B11,0.8912,TRRUST
SP1,HSD17B2,0.9266,TRRUST
SP1,HSD3B1,0.8985,TRRUST
SP1,HTR1A,0.6217,TRRUST
SP1,HTT,0.8769,TRRUST
SP1,HYAL1,0.6829,TRRUST
SP1,ICAM1,0.5781,TRRUST
SP1,ID4,0.684,TRRUST
SP1,IFNGR1,0.5852,TRRUST
SP1,IGF1R,0.5731,TRRUST
SP1,IGF2,0.8885,TRRUST
SP1,IGFBP1,0.5211,TRRUST
SP1,IGFBP3,0.8414,TRRUST
SP1,IGFBP4,0.574,TRRUST
SP1,IL10,0.9246,TRRUST
SP1,IL2,0.5622,TRRUST
SP1,IL2RB,0.5667,TRRUST
SP1,IL3,0.5986,TRRUST
SP1,IL6,0.8864,TRRUST
SP1,IMPDH2,0.5529,TRRUST
SP1,INPP5J,0.5652,TRRUST
SP1,INSR,0.8439,TRRUST
SP1,IRF5,0.9263,TRRUST
SP1,IRS2,0.8344,TRRUST
SP1,ISG20,0.5609,TRRUST
SP1,ITGA2,0.5228,TRRUST
SP1,ITGA5,0.8444,TRRUST
SP1,ITGAD,0.9059,TRRUST
SP1,ITGAV,0.6921,TRRUST
SP1,ITGAX,0.5288,TRRUST
SP1,ITGB2,0.5722,TRRUST
SP1,ITGB3,0.6711,TRRUST
SP1,IVL,0.5293,TRRUST
SP1,KCNH2,0.6088,TRRUST
SP1,KCNQ2,0.9049,TRRUST
SP1,KCNQ3,0.9207,TRRUST
SP1,KCTD11,0.614,TRRUST
SP1,KDR,0.7451,TRRUST
SP1,KIF2C,0.8258,TRRUST
SP1,KISS1,0.9061,TRRUST
SP1,KIT,0.613,TRRUST
SP1,KLF8,0.6079,TRRUST
SP1,KLK3,0.8759,TRRUST
SP1,KRT14,0.6956,TRRUST
SP1,KRT16,0.913,TRRUST
SP1,KRT18,0.6,TRRUST
SP1,KRT19,0.9279,TRRUST
SP1,KRT5,0.8371,TRRUST
SP1,LAMA1,0.5448,TRRUST
SP1,LCAT,0.5433,TRRUST
SP1,LDHA,0.9072,TRRUST
SP1,LDHC,0.5406,TRRUST
SP1,LDLR,0.8273,TRRUST
SP1,LEP,0.9298,TRRUST
SP1,LMO4,0.5227,TRRUST
SP1,LOR,0.9119,TRRUST
SP1,LOXL4,0.8602,TRRUST
SP1,LPL,0.6126,TRRUST
SP1,LRP5,0.881,TRRUST
SP1,LSP1,0.6192,TRRUST
SP1,LTBP4,0.6219,TRRUST
SP1,LTC4S,0.521,TRRUST
SP1,LTF,0.5283,TRRUST
SP1,LYZ,0.5475,TRRUST
SP1,MACROD1,0.8936,TRRUST
SP1,MAOB,0.6177,TRRUST
SP1,MAT2A,0.8706,TRRUST
SP1,MAT2B,0.8868,TRRUST
SP1,MCTS1,0.5407,TRRUST
SP1,MDM2,0.9085,TRRUST
SP1,ME1,0.6264,TRRUST
SP1,MET,0.8495,TRRUST
SP1,MGMT,0.5744,TRRUST
SP1,MICA,0.8295,TRRUST
SP1,MICB,0.8815,TRRUST
SP1,MIF,0.8753,TRRUST
SP1,MME,0.5359,TRRUST
SP1,MMP11,0.8686,TRRUST
SP1,MMP14,0.8568,TRRUST
SP1,MMP2,0.8774,TRRUST
SP1,MMP28,0.5844,TRRUST
SP1,MMP9,0.8209,TRRUST
SP1,MMRN1,0.9037,TRRUST
SP1,MNDA,0.5984,TRRUST
SP1,MPG,0.5603,TRRUST
SP1,MPO,0.8258,TRRUST
SP1,MTA1,0.903,TRRUST
SP1,MUC2,0.9251,TRRUST
SP1,MUC4,0.5464,TRRUST
SP1,MUC5AC,0.8556,TRRUST
SP1,MUC6,0.8402,TRRUST
SP1,MYBL1,0.5835,TRRUST
SP1,MYBL2,0.537,TRRUST
SP1,MYC,0.5592,TRRUST
SP1,MYCN,0.8967,TRRUST
SP1,NDUFV1,0.8816,TRRUST
SP1,NDUFV2,0.8625,TRRUST
SP1,NF1,0.5662,TRRUST
SP1,NFKB1,0.8818,TRRUST
SP1,NFKB2,0.5206,TRRUST
SP1,NKX2-1,0.5286,TRRUST
SP1,NOL7,0.6169,TRRUST
SP1,NOS1,0.5286,TRRUST
SP1,NOS3,0.8977,TRRUST
SP1,NPY,0.6212,TRRUST
SP1,NQO2,0.5498,TRRUST
SP1,NR4A1,0.5608,TRRUST
SP1,NR5A1,0.5826,TRRUST
SP1,NT5E,0.617,TRRUST
SP1,OAT,0.6236,TRRUST
SP1,ODC1,0.6014,TRRUST
SP1,OPRM1,0.8295,TRRUST
SP1,OXTR,0.5936,TRRUST
SP1,P2RX4,0.7151,TRRUST
SP1,P4HA1,0.8718,TRRUST
SP1,PADI1,0.8254,TRRUST
SP1,PADI3,0.541,TRRUST
SP1,PAX6,0.607,TRRUST
SP1,PCK1,0.8699,TRRUST
SP1,PDE6A,0.5532,TRRUST
SP1,PDE6B,0.5622,TRRUST
SP1,PDGFB,0.614,TRRUST
SP1,PDGFC,0.6024,TRRUST
SP1,PDHA1,0.55,TRRUST
SP1,PDIA2,0.8329,TRRUST
SP1,PELO,0.5477,TRRUST
SP1,PGLYRP2,0.6213,TRRUST
SP1,PGR,0.884,TRRUST
SP1,PHGDH,0.8787,TRRUST
SP1,PLAA,0.5856,TRRUST
SP1,PLAC1,0.5603,TRRUST
SP1,PLAT,0.6088,TRRUST
SP1,PLAU,0.5776,TRRUST
SP1,PLAUR,0.8328,TRRUST
SP1,PNOC,0.5342,TRRUST
SP1,POLD1,0.5791,TRRUST
SP1,POLD2,0.623,TRRUST
SP1,POLE2,0.5539,TRRUST
SP1,PON1,0.9156,TRRUST
SP1,POR,0.9041,TRRUST
SP1,PPL,0.8473,TRRUST
SP1,PPP2R2B,0.824,TRRUST
SP1,PRKCE,0.6812,TRRUST
SP1,PRM1,0.9001,TRRUST
SP1,PRNP,0.842,TRRUST
SP1,PRSS50,0.8608,TRRUST
SP1,PSEN1,0.5752,TRRUST
SP1,PSIP1,0.5998,TRRUST
SP1,PTEN,0.5325,TRRUST
SP1,PTGES,0.5647,TRRUST
SP1,PTGIR,0.8734,TRRUST
SP1,PTGS2,0.8795,TRRUST
SP1,PTHLH,0.91,TRRUST
SP1,PTK6,0.5389,TRRUST
SP1,PTN,0.6089,TRRUST
SP1,PTTG1,0.8962,TRRUST
SP1,RARA,0.8811,TRRUST
SP1,RASSF1,0.8969,TRRUST
SP1,RECK,0.8653,TRRUST
SP1,RECQL4,0.8352,TRRUST
SP1,RELA,0.8932,TRRUST
SP1,RETN,0.8777,TRRUST
SP1,RGN,0.7403,TRRUST
SP1,RORA,0.8572,TRRUST
SP1,RPS3A,0.6198,TRRUST
SP1,SCNN1B,0.5846,TRRUST
SP1,SCT,0.5294,TRRUST
SP1,SCTR,0.5695,TRRUST
SP1,SERPINB5,0.9032,TRRUST
SP1,SERPINE1,0.9074,TRRUST
SP1,SGPL1,0.5744,TRRUST
SP1,SIGIRR,0.9184,TRRUST
SP1,SIRT1,0.5494,TRRUST
SP1,SKP2,0.8652,TRRUST
SP1,SLC13A4,0.6188,TRRUST
SP1,SLC15A1,0.6186,TRRUST
SP1,SLC19A1,0.8954,TRRUST
SP1,SLC19A2,0.6145,TRRUST
SP1,SLC19A3,0.8298,TRRUST
SP1,SLC25A20,0.6151,TRRUST
SP1,SLC29A1,0.7053,TRRUST
SP1,SLC31A1,0.5396,TRRUST
SP1,SLC39A1,0.5463,TRRUST
SP1,SLC39A8,0.866,TRRUST
SP1,SLC3A2,0.5476,TRRUST
SP1,SLC4A2,0.5553,TRRUST
SP1,SLC5A8,0.8348,TRRUST
SP1,SLC7A5,0.5526,TRRUST
SP1,SLC9A2,0.583,TRRUST
SP1,SMARCA1,0.5686,TRRUST
SP1,SMPD1,0.8581,TRRUST
SP1,SNAP25,0.6021,TRRUST
SP1,SNAPC1,0.6183,TRRUST
SP1,SNRPN,0.6032,TRRUST
SP1,SOCS1,0.8565,TRRUST
SP1,SOD1,0.9019,TRRUST
SP1,SOD2,0.6867,TRRUST
SP1,SOX3,0.5343,TRRUST
SP1,SOX9,0.858,TRRUST
SP1,SP3,0.9088,TRRUST
SP1,SPN,0.8471,TRRUST
SP1,SPP1,0.527,TRRUST
SP1,SPRY2,0.5345,TRRUST
SP1,SQSTM1,0.6145,TRRUST
SP1,SRC,0.5897,TRRUST
SP1,SREBF1,0.8479,TRRUST
SP1,SRY,0.5811,TRRUST
SP1,ST6GAL1,0.578,TRRUST
SP1,STAR,0.5921,TRRUST
SP1,STARD3,0.8457,TRRUST
SP1,STK11,0.6151,TRRUST
SP1,SYP,0.554,TRRUST
SP1,TAF7,0.8964,TRRUST
SP1,TBX21,0.5218,TRRUST
SP1,TBXA2R,0.561,TRRUST
SP1,TCN2,0.5587,TRRUST
SP1,TERF2,0.8798,TRRUST
SP1,TERT,0.828,TRRUST
SP1,TF,0.6069,TRRUST
SP1,TFPI2,0.544,TRRUST
SP1,TGFA,0.5945,TRRUST
SP1,TGFB1,0.9084,TRRUST
SP1,TGFBR2,0.5818,TRRUST
SP1,TGM4,0.6015,TRRUST
SP1,TH,0.5928,TRRUST
SP1,THBD,0.8591,TRRUST
SP1,TICAM1,0.759,TRRUST
SP1,TIMP1,0.8524,TRRUST
SP1,TIMP2,0.5828,TRRUST
SP1,TIMP3,0.902,TRRUST
SP1,TINF2,0.5617,TRRUST
SP1,TK1,0.8533,TRRUST
SP1,TLR2,0.8705,TRRUST
SP1,TMPO,0.91,TRRUST
SP1,TNC,0.9223,TRRUST
SP1,TNF,0.88,TRRUST
SP1,TNFRSF10B,0.8928,TRRUST
SP1,TNFSF10,0.7694,TRRUST
SP1,TNFSF14,0.8308,TRRUST
SP1,TNNI3,0.5455,TRRUST
SP1,TPMT,0.598,TRRUST
SP1,TYMP,0.6106,TRRUST
SP1,TYMS,0.6143,TRRUST
SP1,UBC,0.5657,TRRUST
SP1,UGCG,0.8298,TRRUST
SP1,UGDH,0.8682,TRRUST
SP1,UGT1A4,0.8454,TRRUST
SP1,UGT2B15,0.552,TRRUST
SP1,USP7,0.6049,TRRUST
SP1,UTRN,0.8283,TRRUST
SP1,VAMP2,0.911,TRRUST
SP1,VDR,0.567,TRRUST
SP1,VEGFA,0.8856,TRRUST
SP1,VIM,0.8299,TRRUST
SP1,WAS,0.5571,TRRUST
SP1,WIF1,0.6799,TRRUST
SP1,WRN,0.6258,TRRUST
SP1,WT1,0.9088,TRRUST
SP1,XIAP,0.8706,TRRUST
SP1,XPC,0.5446,TRRUST
SP1,YY1,0.9227,TRRUST
SP100,ETS1,0.7079,TRRUST
SP2,CD14,0.5377,TRRUST
SP2,CEACAM1,0.7319,TRRUST
SP2,DNMT3A,0.9238,TRRUST
SP2,DNMT3B,0.8204,TRRUST
SP2,HSD17B2,0.6962,TRRUST
SP2,MAT2A,0.6232,TRRUST
SP2,MMP9,0.6888,TRRUST
SP2,PAPSS2,0.5325,TRRUST
SP2,TRA,0.5827,TRRUST
SP3,ABCA1,0.7648,TRRUST
SP3,ACE,0.5725,TRRUST
SP3,AGTR1,0.6294,TRRUST
SP3,ALOX12,0.8947,TRRUST
SP3,ALPL,0.8281,TRRUST
SP3,ATP2A2,0.6292,TRRUST
SP3,BIRC5,0.5649,TRRUST
SP3,BPI,0.5516,TRRUST
SP3,BSG,0.8814,TRRUST
SP3,BTK,0.5535,TRRUST
SP3,CA9,0.5295,TRRUST
SP3,CBS,0.5202,TRRUST
SP3,CCND1,0.5695,TRRUST
SP3,CD14,0.6121,TRRUST
SP3,CD2AP,0.883,TRRUST
SP3,CD83,0.6299,TRRUST
SP3,ADGRE5,0.8516,TRRUST
SP3,CDH2,0.5509,TRRUST
SP3,CDKN1A,0.8376,TRRUST
SP3,CDKN2A,0.538,TRRUST
SP3,CDKN2B,0.5514,TRRUST
SP3,CENPH,0.9072,TRRUST
SP3,CETP,0.7696,TRRUST
SP3,CFTR,0.6273,TRRUST
SP3,CHRNB4,0.5456,TRRUST
SP3,COL11A2,0.9169,TRRUST
SP3,COL1A1,0.5561,TRRUST
SP3,COL2A1,0.8324,TRRUST
SP3,CTSB,0.6157,TRRUST
SP3,CTSL,0.89,TRRUST
SP3,CYP17A1,0.5381,TRRUST
SP3,CYP27A1,0.8673,TRRUST
SP3,CYP2F1,0.5516,TRRUST
SP3,CYP3A5,0.601,TRRUST
SP3,CYP3A7,0.5699,TRRUST
SP3,CYP46A1,0.6288,TRRUST
SP3,DMRT1,0.526,TRRUST
SP3,DNASE2,0.8591,TRRUST
SP3,DNMT3A,0.573,TRRUST
SP3,DNMT3B,0.5753,TRRUST
SP3,EAPP,0.7048,TRRUST
SP3,ERBB2,0.9002,TRRUST
SP3,ETF1,0.7662,TRRUST
SP3,F2R,0.6233,TRRUST
SP3,FBLN1,0.6086,TRRUST
SP3,FBP1,0.6136,TRRUST
SP3,FGFR3,0.5806,TRRUST
SP3,FOXP3,0.7608,TRRUST
SP3,GDF5,0.5534,TRRUST
SP3,GIPR,0.5638,TRRUST
SP3,HBEGF,0.8549,TRRUST
SP3,HDAC4,0.8714,TRRUST
SP3,HGF,0.8514,TRRUST
SP3,HMGA2,0.6258,TRRUST
SP3,HOXB7,0.5544,TRRUST
SP3,HSD17B2,0.8308,TRRUST
SP3,ID4,0.7279,TRRUST
SP3,IGFBP1,0.5263,TRRUST
SP3,IGFBP3,0.8322,TRRUST
SP3,IGFBP4,0.5441,TRRUST
SP3,ITGA2,0.5711,TRRUST
SP3,ITGAD,0.8677,TRRUST
SP3,ITGAV,0.608,TRRUST
SP3,KDR,0.9013,TRRUST
SP3,KLK3,0.8669,TRRUST
SP3,LAMA1,0.5567,TRRUST
SP3,LCAT,0.5548,TRRUST
SP3,CNMD,0.9051,TRRUST
SP3,LOR,0.6757,TRRUST
SP3,LPL,0.8214,TRRUST
SP3,LTC4S,0.6075,TRRUST
SP3,MAOB,0.5725,TRRUST
SP3,MAT2A,0.5344,TRRUST
SP3,MICB,0.5459,TRRUST
SP3,MMP2,0.6226,TRRUST
SP3,MSH6,0.9145,TRRUST
SP3,MUC2,0.5981,TRRUST
SP3,MUC4,0.573,TRRUST
SP3,MUC6,0.8772,TRRUST
SP3,MYCN,0.9273,TRRUST
SP3,NFKB1,0.9262,TRRUST
SP3,NKX2-1,0.5437,TRRUST
SP3,NOS3,0.9092,TRRUST
SP3,NOX4,0.8417,TRRUST
SP3,OPRM1,0.8435,TRRUST
SP3,PADI1,0.8944,TRRUST
SP3,PADI3,0.5646,TRRUST
SP3,PLAT,0.6225,TRRUST
SP3,PLAUR,0.5298,TRRUST
SP3,RASSF1,0.8763,TRRUST
SP3,RECK,0.621,TRRUST
SP3,RELA,0.9195,TRRUST
SP3,RORA,0.8372,TRRUST
SP3,SCT,0.5603,TRRUST
SP3,SCTR,0.5881,TRRUST
SP3,SLC19A3,0.8375,TRRUST
SP3,SLC1A3,0.6265,TRRUST
SP3,SLC9A2,0.6206,TRRUST
SP3,SOCS3,0.5384,TRRUST
SP3,SOX18,0.6833,TRRUST
SP3,TCN2,0.5294,TRRUST
SP3,TFF1,0.92,TRRUST
SP3,TFF2,0.6913,TRRUST
SP3,TGM4,0.5658,TRRUST
SP3,TIMP1,0.5694,TRRUST
SP3,TIMP2,0.5859,TRRUST
SP3,TPMT,0.5279,TRRUST
SP3,TRA,0.5449,TRRUST
SP3,TYMP,0.6225,TRRUST
SP3,UBC,0.6199,TRRUST
SP3,UTRN,0.9059,TRRUST
SP3,VEGFA,0.5221,TRRUST
SP3,YY1,0.856,TRRUST
SP4,ASS1,0.8891,TRRUST
SP4,BIRC5,0.5503,TRRUST
SP4,CCND1,0.6201,TRRUST
SP4,ERBB2,0.8897,TRRUST
SP4,FGFR3,0.5279,TRRUST
SP4,KDR,0.92,TRRUST
SP4,MAOB,0.9254,TRRUST
SP4,NFKB1,0.8285,TRRUST
SP4,PDE6B,0.5786,TRRUST
SP4,RELA,0.8534,TRRUST
SP4,YY1,0.8632,TRRUST
SP7,COL11A2,0.8398,TRRUST
SPDEF,AGR2,0.8836,TRRUST
SPDEF,CDH1,0.9254,TRRUST
SPDEF,KLK3,0.5753,TRRUST
SPDEF,MMP9,0.6791,TRRUST
SPDEF,MUC2,0.8882,TRRUST
SPDEF,PLAUR,0.7074,TRRUST
SPDEF,RETNLB,0.9142,TRRUST
SPDEF,SERPINB5,0.8678,TRRUST
SPDEF,SPINK4,0.8412,TRRUST
SPDEF,SQSTM1,0.841,TRRUST
SPEN,DMPK,0.9046,TRRUST
SPEN,NCOR2,0.5492,TRRUST
SPI1,ACP5,0.9044,TRRUST
SPI1,ALOX15,0.8426,TRRUST
SPI1,BCL6,0.7054,TRRUST
SPI1,BPI,0.5712,TRRUST
SPI1,BTK,0.6238,TRRUST
SPI1,CCL2,0.9225,TRRUST
SPI1,CCL5,0.5428,TRRUST
SPI1,CD163,0.5594,TRRUST
SPI1,CD22,0.5364,TRRUST
SPI1,CD40,0.8761,TRRUST
SPI1,CD68,0.7207,TRRUST
SPI1,CLEC4G,0.9191,TRRUST
SPI1,CSF1,0.6223,TRRUST
SPI1,CSF2RA,0.5622,TRRUST
SPI1,CSF3R,0.8741,TRRUST
SPI1,CTSG,0.6186,TRRUST
SPI1,CTSK,0.6087,TRRUST
SPI1,CTSS,0.8204,TRRUST
SPI1,CXCR1,0.8552,TRRUST
SPI1,CYBB,0.8664,TRRUST
SPI1,DAPK2,0.5453,TRRUST
SPI1,ELANE,0.542,TRRUST
SPI1,ERAP2,0.5242,TRRUST
SPI1,FCER1A,0.8908,TRRUST
SPI1,FCGR1A,0.5489,TRRUST
SPI1,FES,0.5258,TRRUST
SPI1,FLI1,0.5454,TRRUST
SPI1,GATA1,0.9082,TRRUST
SPI1,HCK,0.6137,TRRUST
SPI1,IFIT3,0.8731,TRRUST
SPI1,JCHAIN,0.5658,TRRUST
SPI1,IL12B,0.6276,TRRUST
SPI1,IL18,0.5421,TRRUST
SPI1,IL1B,0.8437,TRRUST
SPI1,IL5,0.8521,TRRUST
SPI1,ITGA2B,0.539,TRRUST
SPI1,ITGAM,0.8617,TRRUST
SPI1,ITGAX,0.7702,TRRUST
SPI1,ITGB2,0.8877,TRRUST
SPI1,MACROD1,0.7153,TRRUST
SPI1,MAPK1,0.7728,TRRUST
SPI1,MME,0.5253,TRRUST
SPI1,MNDA,0.5431,TRRUST
SPI1,MS4A1,0.5822,TRRUST
SPI1,MSR1,0.5877,TRRUST
SPI1,NCF2,0.8244,TRRUST
SPI1,NSFL1C,0.5643,TRRUST
SPI1,P2RY10,0.5914,TRRUST
SPI1,PARG,0.7468,TRRUST
SPI1,PEBP1,0.8902,TRRUST
SPI1,PRG2,0.8553,TRRUST
SPI1,PRTN3,0.5303,TRRUST
SPI1,PTGIR,0.867,TRRUST
SPI1,RNASE2,0.8342,TRRUST
SPI1,SCARB1,0.6242,TRRUST
SPI1,SCARB2,0.5723,TRRUST
SPI1,STAT3,0.5549,TRRUST
SPI1,TLR4,0.9043,TRRUST
SPI1,TNF,0.5748,TRRUST
SPI1,TNFRSF11A,0.5541,TRRUST
SPI1,WAS,0.6093,TRRUST
SPI1,ZNF300,0.6154,TRRUST
SPIB,CD40,0.894,TRRUST
SPIB,IRF7,0.6752,TRRUST
SPIC,IL4,0.8823,TRRUST
SRCAP,KLK3,0.904,TRRUST
SRCAP,PCK2,0.535,TRRUST
SREBF1,ACACB,0.5452,TRRUST
SREBF1,ACLY,0.9171,TRRUST
SREBF1,APOA5,0.6722,TRRUST
SREBF1,AR,0.6028,TRRUST
SREBF1,BCL2L1,0.7221,TRRUST
SREBF1,CAV1,0.7191,TRRUST
SREBF1,CETP,0.5208,TRRUST
SREBF1,CIC,0.6101,TRRUST
SREBF1,FABP6,0.5596,TRRUST
SREBF1,FAS,0.8795,TRRUST
SREBF1,FASN,0.5945,TRRUST
SREBF1,FDFT1,0.5973,TRRUST
SREBF1,FDPS,0.6252,TRRUST
SREBF1,HK2,0.5784,TRRUST
SREBF1,HMOX1,0.564,TRRUST
SREBF1,IRS2,0.7749,TRRUST
SREBF1,LDLR,0.8906,TRRUST
SREBF1,LPIN1,0.5528,TRRUST
SREBF1,LRP1,0.6839,TRRUST
SREBF1,NR0B2,0.9127,TRRUST
SREBF1,PCK1,0.7098,TRRUST
SREBF1,PCSK9,0.8927,TRRUST
SREBF1,PDX1,0.7218,TRRUST
SREBF1,PPARG,0.5419,TRRUST
SREBF1,SCD,0.5862,TRRUST
SREBF1,SCD5,0.8267,TRRUST
SREBF1,THRSP,0.5655,TRRUST
SREBF2,ABCA1,0.7301,TRRUST
SREBF2,ABCG5,0.718,TRRUST
SREBF2,ABCG8,0.7524,TRRUST
SREBF2,ACOT7,0.9111,TRRUST
SREBF2,FABP6,0.6048,TRRUST
SREBF2,FAS,0.5243,TRRUST
SREBF2,FDFT1,0.5414,TRRUST
SREBF2,FDPS,0.579,TRRUST
SREBF2,HMGCR,0.9228,TRRUST
SREBF2,HNF4A,0.7618,TRRUST
SREBF2,LDLR,0.9127,TRRUST
SREBF2,LIPC,0.5534,TRRUST
SREBF2,LRP1,0.7172,TRRUST
SREBF2,MTTP,0.7218,TRRUST
SREBF2,NPC1L1,0.8373,TRRUST
SREBF2,PCSK9,0.8234,TRRUST
SREBF2,PON1,0.9242,TRRUST
SREBF2,PON2,0.8465,TRRUST
SREBF2,PPARG,0.5464,TRRUST
SREBF2,PRSS8,0.5292,TRRUST
SRF,ACTA1,0.6221,TRRUST
SRF,CFTR,0.5838,TRRUST
SRF,CREB1,0.7434,TRRUST
SRF,DMD,0.6203,TRRUST
SRF,FHL2,0.558,TRRUST
SRF,FOS,0.8884,TRRUST
SRF,FOSL1,0.8243,TRRUST
SRF,FXN,0.5405,TRRUST
SRF,HMGXB4,0.6114,TRRUST
SRF,KPNA1,0.6043,TRRUST
SRF,KPNB1,0.5586,TRRUST
SRF,LMO7,0.5614,TRRUST
SRF,MCL1,0.5787,TRRUST
SRF,MMP14,0.82,TRRUST
SRF,MMP2,0.8465,TRRUST
SRF,MMP9,0.5429,TRRUST
SRF,MYL9,0.5476,TRRUST
SRF,PLAU,0.9086,TRRUST
SRF,PLG,0.8508,TRRUST
SRF,PRRX1,0.5411,TRRUST
SRF,SAMD4A,0.8755,TRRUST
SRF,SERPINE1,0.7652,TRRUST
SRF,SMN1,0.8465,TRRUST
SRF,TAGLN,0.8286,TRRUST
SRF,UBE2S,0.8592,TRRUST
SRSF1,MYC,0.6022,TRRUST
SRSF1,NFKB1,0.7306,TRRUST
SRY,ETV2,0.9098,TRRUST
SRY,NFKBIB,0.6256,TRRUST
SRY,PROM1,0.6072,TRRUST
SRY,SOX9,0.8864,TRRUST
SRY,TH,0.5743,TRRUST
SRY,WDR5,0.8244,TRRUST
SSB,HAP1,0.7783,TRRUST
SSB,LAMB1,0.8622,TRRUST
SSB,XIAP,0.5367,TRRUST
SSX2,MMP2,0.5933,TRRUST
STAT1,ACAT1,0.5513,TRRUST
STAT1,APP,0.5844,TRRUST
STAT1,BAX,0.5845,TRRUST
STAT1,CCL2,0.569,TRRUST
STAT1,CCL3,0.912,TRRUST
STAT1,CCR1,0.8491,TRRUST
STAT1,CD22,0.8693,TRRUST
STAT1,CD40,0.8791,TRRUST
STAT1,CD40LG,0.893,TRRUST
STAT1,CD86,0.6062,TRRUST
STAT1,CDKN1A,0.8634,TRRUST
STAT1,CEBPE,0.8911,TRRUST
STAT1,CFTR,0.8366,TRRUST
STAT1,CHAT,0.6226,TRRUST
STAT1,CIITA,0.8621,TRRUST
STAT1,CTSB,0.6002,TRRUST
STAT1,CTSL,0.5222,TRRUST
STAT1,CXCL10,0.6926,TRRUST
STAT1,EDN1,0.8736,TRRUST
STAT1,EGFR,0.6166,TRRUST
STAT1,FAS,0.578,TRRUST
STAT1,FCGR1A,0.6223,TRRUST
STAT1,FCGRT,0.7232,TRRUST
STAT1,FGF2,0.8739,TRRUST
STAT1,FGFR3,0.6832,TRRUST
STAT1,FOXP3,0.6083,TRRUST
STAT1,GAST,0.8472,TRRUST
STAT1,GLS,0.619,TRRUST
STAT1,HLA-E,0.6202,TRRUST
STAT1,HMOX1,0.9238,TRRUST
STAT1,HSP90AA1,0.7272,TRRUST
STAT1,ICAM1,0.8945,TRRUST
STAT1,IFIT3,0.6056,TRRUST
STAT1,IFNA1,0.6844,TRRUST
STAT1,IFNB1,0.7361,TRRUST
STAT1,IFNG,0.8238,TRRUST
STAT1,IFNLR1,0.5747,TRRUST
STAT1,IL10,0.537,TRRUST
STAT1,IL1B,0.8401,TRRUST
STAT1,IL1R1,0.5602,TRRUST
STAT1,IL27,0.5676,TRRUST
STAT1,IL2RA,0.5885,TRRUST
STAT1,IL6,0.6782,TRRUST
STAT1,IRF1,0.8754,TRRUST
STAT1,IRF7,0.8401,TRRUST
STAT1,IRF8,0.8831,TRRUST
STAT1,IVL,0.7401,TRRUST
STAT1,JAK2,0.8812,TRRUST
STAT1,KRT17,0.9012,TRRUST
STAT1,LCN2,0.5569,TRRUST
STAT1,LY96,0.9042,TRRUST
STAT1,MMP13,0.7176,TRRUST
STAT1,MMP9,0.7233,TRRUST
STAT1,MUC1,0.8913,TRRUST
STAT1,MUC4,0.822,TRRUST
STAT1,MVP,0.8919,TRRUST
STAT1,NOS2,0.888,TRRUST
STAT1,NOX1,0.5541,TRRUST
STAT1,NOX4,0.5294,TRRUST
STAT1,NOX5,0.83,TRRUST
STAT1,NR1H4,0.7716,TRRUST
STAT1,OPRM1,0.8958,TRRUST
STAT1,PIM1,0.534,TRRUST
STAT1,PLSCR1,0.5592,TRRUST
STAT1,PML,0.8852,TRRUST
STAT1,PPARA,0.9119,TRRUST
STAT1,PRKCE,0.6748,TRRUST
STAT1,PSMB9,0.546,TRRUST
STAT1,PTGS2,0.9179,TRRUST
STAT1,S100A10,0.821,TRRUST
STAT1,SCARB1,0.5422,TRRUST
STAT1,SMARCA4,0.6255,TRRUST
STAT1,SOCS3,0.5875,TRRUST
STAT1,STAT2,0.8488,TRRUST
STAT1,STAT3,0.5274,TRRUST
STAT1,TAP1,0.5231,TRRUST
STAT1,TBX21,0.5469,TRRUST
STAT1,TIMP1,0.617,TRRUST
STAT1,TLR3,0.8658,TRRUST
STAT1,TNFSF13B,0.5992,TRRUST
STAT1,TP53,0.921,TRRUST
STAT1,UPP1,0.8649,TRRUST
STAT1,VIP,0.541,TRRUST
STAT1,XAF1,0.5769,TRRUST
STAT2,CCL2,0.6199,TRRUST
STAT2,IFIT3,0.6085,TRRUST
STAT2,IFNA1,0.5272,TRRUST
STAT2,IRF1,0.8962,TRRUST
STAT2,NOS2,0.8829,TRRUST
STAT2,PML,0.6198,TRRUST
STAT2,PTGS2,0.8335,TRRUST
STAT2,RCAN1,0.5787,TRRUST
STAT2,SCARB1,0.6167,TRRUST
STAT2,SCARB2,0.5651,TRRUST
STAT2,STAT1,0.573,TRRUST
STAT3,A2M,0.5278,TRRUST
STAT3,ABCA1,0.5506,TRRUST
STAT3,AKAP12,0.8557,TRRUST
STAT3,AKT1,0.624,TRRUST
STAT3,AR,0.5511,TRRUST
STAT3,BCL2,0.8707,TRRUST
STAT3,BCL2L1,0.8938,TRRUST
STAT3,BCL6,0.8378,TRRUST
STAT3,BIRC5,0.8735,TRRUST
STAT3,CCL11,0.9012,TRRUST
STAT3,CCL2,0.9154,TRRUST
STAT3,CCND1,0.8889,TRRUST
STAT3,CCND2,0.5936,TRRUST
STAT3,CCND3,0.8339,TRRUST
STAT3,CD46,0.924,TRRUST
STAT3,CDH1,0.5346,TRRUST
STAT3,CDK4,0.9052,TRRUST
STAT3,CDKN1A,0.8491,TRRUST
STAT3,CDKN1B,0.6227,TRRUST
STAT3,CFB,0.8992,TRRUST
STAT3,CFLAR,0.6029,TRRUST
STAT3,CHI3L1,0.8441,TRRUST
STAT3,CISH,0.8687,TRRUST
STAT3,COPS5,0.588,TRRUST
STAT3,CRP,0.9047,TRRUST
STAT3,CSRP1,0.8314,TRRUST
STAT3,CTGF,0.7759,TRRUST
STAT3,CXCL8,0.6179,TRRUST
STAT3,CYP19A1,0.5497,TRRUST
STAT3,CYR61,0.6105,TRRUST
STAT3,DDIT3,0.727,TRRUST
STAT3,DIRAS3,0.5708,TRRUST
STAT3,DNMT1,0.8546,TRRUST
STAT3,EGFR,0.8839,TRRUST
STAT3,EPAS1,0.6003,TRRUST
STAT3,ESR2,0.8652,TRRUST
STAT3,ETV6,0.8892,TRRUST
STAT3,F2R,0.8969,TRRUST
STAT3,FAAH,0.8982,TRRUST
STAT3,FAS,0.8257,TRRUST
STAT3,FGF1,0.7646,TRRUST
STAT3,FGF2,0.8704,TRRUST
STAT3,FGG,0.8489,TRRUST
STAT3,FGL1,0.5466,TRRUST
STAT3,FLT3,0.8731,TRRUST
STAT3,FOS,0.9176,TRRUST
STAT3,GAST,0.8616,TRRUST
STAT3,GFAP,0.9025,TRRUST
STAT3,GREB1,0.5307,TRRUST
STAT3,HAMP,0.8724,TRRUST
STAT3,HGF,0.9291,TRRUST
STAT3,HIF1A,0.9047,TRRUST
STAT3,HMOX1,0.8432,TRRUST
STAT3,HP,0.5752,TRRUST
STAT3,HSPA4,0.8457,TRRUST
STAT3,HSPB1,0.8651,TRRUST
STAT3,ICAM1,0.6058,TRRUST
STAT3,IFNAR1,0.9048,TRRUST
STAT3,IFNG,0.6951,TRRUST
STAT3,IKBKE,0.9214,TRRUST
STAT3,IL10,0.8852,TRRUST
STAT3,IL11,0.5618,TRRUST
STAT3,IL1RN,0.8752,TRRUST
STAT3,IL2,0.8866,TRRUST
STAT3,IL21,0.8816,TRRUST
STAT3,IL2RA,0.5735,TRRUST
STAT3,IL6,0.8755,TRRUST
STAT3,IRF1,0.8394,TRRUST
STAT3,JAK2,0.9094,TRRUST
STAT3,JUNB,0.8796,TRRUST
STAT3,KLF11,0.8344,TRRUST
STAT3,KRT17,0.9043,TRRUST
STAT3,LCAT,0.6226,TRRUST
STAT3,LEP,0.9242,TRRUST
STAT3,LGALS3BP,0.7106,TRRUST
STAT3,LTBP1,0.6849,TRRUST
STAT3,MCL1,0.877,TRRUST
STAT3,MDC1,0.5324,TRRUST
STAT3,MICA,0.7727,TRRUST
STAT3,MMP1,0.5402,TRRUST
STAT3,MMP10,0.5478,TRRUST
STAT3,MMP14,0.5647,TRRUST
STAT3,MMP2,0.8621,TRRUST
STAT3,MMP3,0.6074,TRRUST
STAT3,MMP7,0.8702,TRRUST
STAT3,MMP9,0.6888,TRRUST
STAT3,MUC1,0.8494,TRRUST
STAT3,MUC4,0.876,TRRUST
STAT3,MUC5B,0.5362,TRRUST
STAT3,MYC,0.8873,TRRUST
STAT3,MYD88,0.5822,TRRUST
STAT3,NANOG,0.8986,TRRUST
STAT3,NLK,0.6231,TRRUST
STAT3,NME1,0.9203,TRRUST
STAT3,NOX1,0.6241,TRRUST
STAT3,NOX4,0.5469,TRRUST
STAT3,NOX5,0.8345,TRRUST
STAT3,NR2C2,0.5533,TRRUST
STAT3,OAS1,0.7685,TRRUST
STAT3,OPRM1,0.9269,TRRUST
STAT3,OSM,0.9145,TRRUST
STAT3,PAX3,0.6821,TRRUST
STAT3,PGF,0.7742,TRRUST
STAT3,PHB,0.5666,TRRUST
STAT3,PIAS3,0.821,TRRUST
STAT3,PIM1,0.8687,TRRUST
STAT3,POU2F1,0.5251,TRRUST
STAT3,PPARA,0.8798,TRRUST
STAT3,PRDM1,0.8572,TRRUST
STAT3,PROS1,0.5721,TRRUST
STAT3,PSMB5,0.8874,TRRUST
STAT3,PTEN,0.9156,TRRUST
STAT3,PTGS2,0.8928,TRRUST
STAT3,PTPN13,0.8677,TRRUST
STAT3,PTPN6,0.7601,TRRUST
STAT3,ROR1,0.6196,TRRUST
STAT3,S100A11,0.8332,TRRUST
STAT3,S1PR1,0.8785,TRRUST
STAT3,SAA1,0.5513,TRRUST
STAT3,SALL4,0.8252,TRRUST
STAT3,SHH,0.8935,TRRUST
STAT3,SOCS1,0.9149,TRRUST
STAT3,SOCS3,0.8379,TRRUST
STAT3,STAT1,0.9094,TRRUST
STAT3,STK11,0.6139,TRRUST
STAT3,STS,0.9206,TRRUST
STAT3,TERT,0.8492,TRRUST
STAT3,TGFB1,0.9194,TRRUST
STAT3,TIMP1,0.8553,TRRUST
STAT3,TNFRSF10B,0.7308,TRRUST
STAT3,TP53,0.5256,TRRUST
STAT3,TP63,0.8248,TRRUST
STAT3,TRH,0.5992,TRRUST
STAT3,TWIST1,0.5689,TRRUST
STAT3,TWIST2,0.5482,TRRUST
STAT3,TYK2,0.6909,TRRUST
STAT3,UCP2,0.7437,TRRUST
STAT3,USP7,0.67,TRRUST
STAT3,VDR,0.7586,TRRUST
STAT3,VEGFA,0.5287,TRRUST
STAT3,VEGFB,0.5411,TRRUST
STAT3,ZFP36,0.8625,TRRUST
STAT4,IFNG,0.5733,TRRUST
STAT4,IL2RA,0.559,TRRUST
STAT4,IRF1,0.5553,TRRUST
STAT4,MYC,0.926,TRRUST
STAT4,NOX1,0.5906,TRRUST
STAT4,NOX4,0.5226,TRRUST
STAT4,PIM1,0.5673,TRRUST
STAT4,PRF1,0.9163,TRRUST
STAT4,S100A4,0.8532,TRRUST
STAT4,SOCS3,0.6804,TRRUST
STAT4,TBX21,0.6034,TRRUST
STAT5,BCL6,0.7367,TRRUST
STAT5A,BCL2L1,0.5827,TRRUST
STAT5A,BCL6,0.6759,TRRUST
STAT5A,CCND1,0.5355,TRRUST
STAT5A,CCND2,0.7385,TRRUST
STAT5A,CDKN2B,0.6929,TRRUST
STAT5A,CEL,0.5754,TRRUST
STAT5A,CSN2,0.5799,TRRUST
STAT5A,ESR1,0.5512,TRRUST
STAT5A,HRH1,0.6243,TRRUST
STAT5A,IFNG,0.9127,TRRUST
STAT5A,SP1,0.5995,TRRUST
STAT5A,STK11,0.5286,TRRUST
STAT5A,SUMO1,0.6817,TRRUST
STAT5B,BCL2L1,0.8742,TRRUST
STAT5B,BCL6,0.6877,TRRUST
STAT5B,CCND1,0.6276,TRRUST
STAT5B,CEL,0.5374,TRRUST
STAT5B,ESR1,0.5736,TRRUST
STAT5B,ESR2,0.5601,TRRUST
STAT5B,IFNG,0.5903,TRRUST
STAT5B,IGF1,0.8342,TRRUST
STAT6,ADRA2B,0.5673,TRRUST
STAT6,ALOX12,0.5502,TRRUST
STAT6,ALOX15,0.9177,TRRUST
STAT6,CCL11,0.8245,TRRUST
STAT6,CCL17,0.9205,TRRUST
STAT6,CCL26,0.9116,TRRUST
STAT6,CD40,0.5527,TRRUST
STAT6,CISH,0.6068,TRRUST
STAT6,CNR1,0.8234,TRRUST
STAT6,COL1A1,0.9264,TRRUST
STAT6,COL1A2,0.8779,TRRUST
STAT6,CXCL8,0.5534,TRRUST
STAT6,CYP2E1,0.8599,TRRUST
STAT6,CYSLTR1,0.5273,TRRUST
STAT6,DUSP1,0.6288,TRRUST
STAT6,EGLN3,0.5243,TRRUST
STAT6,FCER2,0.892,TRRUST
STAT6,FOS,0.8687,TRRUST
STAT6,FOSB,0.6244,TRRUST
STAT6,HSD3B2,0.8471,TRRUST
STAT6,IL13,0.5785,TRRUST
STAT6,IL1R1,0.8731,TRRUST
STAT6,IL4,0.8973,TRRUST
STAT6,IRF4,0.5275,TRRUST
STAT6,ITGA2B,0.5413,TRRUST
STAT6,OPRM1,0.5436,TRRUST
STAT6,ORMDL3,0.6012,TRRUST
STAT6,PTGS2,0.8408,TRRUST
STAT6,RHOA,0.8831,TRRUST
STAT6,SELE,0.6937,TRRUST
STAT6,SELP,0.9148,TRRUST
STAT6,SIDT1,0.6236,TRRUST
STAT6,SLC26A4,0.877,TRRUST
STAT6,SOCS1,0.5588,TRRUST
STAT6,STAT1,0.6957,TRRUST
STAT6,TLR4,0.6755,TRRUST
SUGP1,IL1B,0.8495,TRRUST
SUPT3H,NEDD4L,0.892,TRRUST
SUZ12,HOXA9,0.5787,TRRUST
SUZ12,IGF2,0.6238,TRRUST
SUZ12,SNAI2,0.7136,TRRUST
SUZ12,TWIST1,0.7463,TRRUST
TAF1,AR,0.8738,TRRUST
TAF1,CDKN1A,0.8764,TRRUST
TAF1,LRIG2,0.5495,TRRUST
TAF1,SRC,0.57,TRRUST
TAF1,TBP,0.5718,TRRUST
TAF4,ATF7,0.7477,TRRUST
TAF4,CDKN1A,0.6235,TRRUST
TAF5,CDKN1A,0.5562,TRRUST
TAL1,ALDH1A2,0.8246,TRRUST
TAL1,ANGPT2,0.5746,TRRUST
TAL1,CD34,0.7299,TRRUST
TAL1,EPOR,0.5385,TRRUST
TAL1,ERG,0.9037,TRRUST
TAL1,KRT7,0.6283,TRRUST
TAL1,MYB,0.924,TRRUST
TAL1,MYCN,0.8417,TRRUST
TAL1,NFKB1,0.7663,TRRUST
TAL1,TERT,0.5975,TRRUST
TBC1D22A,ACBD3,0.5699,TRRUST
TBL1X,MYC,0.5795,TRRUST
TBP,APP,0.6135,TRRUST
TBP,BCL2,0.7228,TRRUST
TBP,BDKRB1,0.5611,TRRUST
TBP,CCNB1,0.5743,TRRUST
TBP,CDKN1A,0.5837,TRRUST
TBP,CRP,0.5408,TRRUST
TBP,E2F1,0.6191,TRRUST
TBP,FOS,0.8942,TRRUST
TBP,FUS,0.7397,TRRUST
TBP,IGFBP4,0.5309,TRRUST
TBP,IL6,0.7365,TRRUST
TBP,LIN28B,0.8333,TRRUST
TBP,MYC,0.5287,TRRUST
TBP,NF1,0.728,TRRUST
TBP,PPBP,0.5643,TRRUST
TBPL1,NF1,0.8848,TRRUST
TBR1,RELN,0.5298,TRRUST
TBX2,CDKN1A,0.7174,TRRUST
TBX2,CDKN2A,0.6892,TRRUST
TBX20,FGF10,0.6286,TRRUST
TBX21,CCR4,0.7317,TRRUST
TBX21,CHST4,0.8956,TRRUST
TBX21,CXCR3,0.8558,TRRUST
TBX21,FUT7,0.5304,TRRUST
TBX21,GATA3,0.6273,TRRUST
TBX21,IFNG,0.8515,TRRUST
TBX21,IL10,0.5666,TRRUST
TBX21,IL13,0.7415,TRRUST
TBX21,IL4,0.6727,TRRUST
TBX21,NELFCD,0.6091,TRRUST
TBX21,PTGDR2,0.729,TRRUST
TBX21,YY1,0.5506,TRRUST
TBX3,CDKN1A,0.6768,TRRUST
TBX3,CDKN2A,0.6879,TRRUST
TBX5,CDKN2A,0.9185,TRRUST
TBX5,GJA5,0.8955,TRRUST
TBX5,ITGA9,0.5475,TRRUST
TBX5,MYH6,0.5272,TRRUST
TBX5,NPPA,0.896,TRRUST
TCF12,CDH1,0.733,TRRUST
TCF19,CCNE1,0.7145,TRRUST
TCF3,AICDA,0.56,TRRUST
TCF3,BBC3,0.6938,TRRUST
TCF3,BTS1,0.5937,TRRUST
TCF3,CD4,0.6268,TRRUST
TCF3,CDH1,0.6893,TRRUST
TCF3,CDK6,0.7357,TRRUST
TCF3,CDKN1A,0.8667,TRRUST
TCF3,CR2,0.8691,TRRUST
TCF3,EXO1,0.698,TRRUST
TCF3,IL5RA,0.6108,TRRUST
TCF3,INS,0.5734,TRRUST
TCF3,MYC,0.8798,TRRUST
TCF3,POU5F1,0.7035,TRRUST
TCF3,RAG1,0.54,TRRUST
TCF4,ABCB1,0.8295,TRRUST
TCF4,BCL2,0.5986,TRRUST
TCF4,BIRC5,0.5416,TRRUST
TCF4,CCND1,0.8959,TRRUST
TCF4,CD44,0.5629,TRRUST
TCF4,CLEC4C,0.8657,TRRUST
TCF4,CNTNAP2,0.8716,TRRUST
TCF4,DEFA5,0.5604,TRRUST
TCF4,DEFA6,0.5311,TRRUST
TCF4,FST,0.5541,TRRUST
TCF4,HECA,0.743,TRRUST
TCF4,JUN,0.5932,TRRUST
TCF4,KLF4,0.5515,TRRUST
TCF4,LGR5,0.5706,TRRUST
TCF4,MITF,0.6913,TRRUST
TCF4,MYC,0.8431,TRRUST
TCF4,NOTUM,0.8225,TRRUST
TCF4,NRXN1,0.9186,TRRUST
TCF4,PLD1,0.8432,TRRUST
TCF4,PTEN,0.695,TRRUST
TCF4,SKP2,0.5508,TRRUST
TCF4,VCAN,0.534,TRRUST
TCF4,VEGFA,0.8903,TRRUST
TCF4,VIM,0.8283,TRRUST
TCF4,WNT4,0.5348,TRRUST
TCF7,SNAI2,0.5909,TRRUST
TCF7L2,ABCB1,0.5574,TRRUST
TCF7L2,ACVRL1,0.5979,TRRUST
TCF7L2,BIRC5,0.8813,TRRUST
TCF7L2,CTNNB1,0.5482,TRRUST
TCF7L2,GATA3,0.5916,TRRUST
TCF7L2,GLCE,0.5328,TRRUST
TCF7L2,HECA,0.729,TRRUST
TCF7L2,WWC1,0.5681,TRRUST
TCF7L2,PTGS2,0.5495,TRRUST
TCF7L2,SNAI2,0.5864,TRRUST
TCF7L2,STARD7,0.9158,TRRUST
TCF7L2,STAT3,0.6299,TRRUST
TCFL5,CD2,0.7369,TRRUST
TEAD1,ATP6V0A2,0.8645,TRRUST
TEAD1,MSLN,0.8448,TRRUST
TEAD1,NAIP,0.5483,TRRUST
TEAD1,PAX3,0.5727,TRRUST
TEAD1,SRF,0.5604,TRRUST
TEAD4,VEGFA,0.7705,TRRUST
TEF,ALB,0.8605,TRRUST
TEF,DBP,0.5611,TRRUST
TEF,NPPB,0.5622,TRRUST
TFAP2A,ACHE,0.762,TRRUST
TFAP2A,ADM,0.5916,TRRUST
TFAP2A,ADRA1A,0.5876,TRRUST
TFAP2A,ADRA2B,0.5568,TRRUST
TFAP2A,APP,0.61,TRRUST
TFAP2A,BACE1,0.5242,TRRUST
TFAP2A,BCL2,0.7658,TRRUST
TFAP2A,BRS3,0.8764,TRRUST
TFAP2A,CCNB1,0.5638,TRRUST
TFAP2A,CD82,0.8747,TRRUST
TFAP2A,CDH1,0.8934,TRRUST
TFAP2A,CDKN1A,0.8214,TRRUST
TFAP2A,CFTR,0.6159,TRRUST
TFAP2A,CGA,0.5691,TRRUST
TFAP2A,CGB3,0.5577,TRRUST
TFAP2A,COL1A1,0.5352,TRRUST
TFAP2A,CRABP2,0.8683,TRRUST
TFAP2A,CRX,0.5746,TRRUST
TFAP2A,CRYAB,0.8644,TRRUST
TFAP2A,CSH1,0.5947,TRRUST
TFAP2A,CYP11A1,0.5663,TRRUST
TFAP2A,DBH,0.6258,TRRUST
TFAP2A,DCBLD2,0.8859,TRRUST
TFAP2A,ECM1,0.9088,TRRUST
TFAP2A,EGFR,0.532,TRRUST
TFAP2A,ERBB2,0.5637,TRRUST
TFAP2A,ETS1,0.8571,TRRUST
TFAP2A,F2R,0.5826,TRRUST
TFAP2A,FAS,0.6147,TRRUST
TFAP2A,FOXA1,0.5286,TRRUST
TFAP2A,GALNT3,0.528,TRRUST
TFAP2A,GAST,0.6135,TRRUST
TFAP2A,GPX4,0.5434,TRRUST
TFAP2A,GUSB,0.5936,TRRUST
TFAP2A,HGF,0.7297,TRRUST
TFAP2A,HIP1,0.6116,TRRUST
TFAP2A,HMOX1,0.5338,TRRUST
TFAP2A,HOXA4,0.6843,TRRUST
TFAP2A,HSD17B1,0.7313,TRRUST
TFAP2A,HTT,0.6241,TRRUST
TFAP2A,IGFBP5,0.8656,TRRUST
TFAP2A,IMPDH2,0.556,TRRUST
TFAP2A,KISS1,0.8867,TRRUST
TFAP2A,KIT,0.6223,TRRUST
TFAP2A,KLF12,0.7621,TRRUST
TFAP2A,KRT5,0.9295,TRRUST
TFAP2A,L1CAM,0.5225,TRRUST
TFAP2A,LNPEP,0.8324,TRRUST
TFAP2A,MCAM,0.737,TRRUST
TFAP2A,MMP2,0.6103,TRRUST
TFAP2A,MMP9,0.8514,TRRUST
TFAP2A,MPG,0.5463,TRRUST
TFAP2A,MUC4,0.7566,TRRUST
TFAP2A,NME3,0.8262,TRRUST
TFAP2A,NR3C1,0.8606,TRRUST
TFAP2A,OAT,0.5756,TRRUST
TFAP2A,PLAUR,0.5816,TRRUST
TFAP2A,POLD2,0.6001,TRRUST
TFAP2A,PRKCA,0.859,TRRUST
TFAP2A,PTEN,0.8874,TRRUST
TFAP2A,PTGS2,0.5844,TRRUST
TFAP2A,PVR,0.5802,TRRUST
TFAP2A,SLC19A1,0.8905,TRRUST
TFAP2A,SNAP91,0.5485,TRRUST
TFAP2A,SOD2,0.5293,TRRUST
TFAP2A,SPRY2,0.5331,TRRUST
TFAP2A,SULT1E1,0.8447,TRRUST
TFAP2A,TAF7,0.875,TRRUST
TFAP2A,TH,0.6124,TRRUST
TFAP2A,TIMP2,0.5971,TRRUST
TFAP2A,VEGFA,0.9068,TRRUST
TFAP2B,ADIPOQ,0.7086,TRRUST
TFAP2B,CRYAB,0.8645,TRRUST
TFAP2B,DRD1,0.5633,TRRUST
TFAP2B,ERBB2,0.5411,TRRUST
TFAP2B,PTGDS,0.8267,TRRUST
TFAP2C,CDKN1A,0.735,TRRUST
TFAP2C,CRABP2,0.9288,TRRUST
TFAP2C,CSTA,0.5384,TRRUST
TFAP2C,ECM1,0.8251,TRRUST
TFAP2C,ERBB2,0.6057,TRRUST
TFAP2C,ESR1,0.8478,TRRUST
TFAP2C,GPX1,0.9113,TRRUST
TFAP2C,MMP2,0.5974,TRRUST
TFAP2C,RET,0.624,TRRUST
TFAP2C,SULT1E1,0.865,TRRUST
TFAP4,CDKN1A,0.8928,TRRUST
TFAP4,CLCN5,0.5711,TRRUST
TFAP4,IFNG,0.5894,TRRUST
TFAP4,MDM2,0.7195,TRRUST
TFAP4,MUC4,0.5407,TRRUST
TFAP4,PPP2R2B,0.7259,TRRUST
TFAP4,SALL2,0.8781,TRRUST
TFCP2,A2M,0.6092,TRRUST
TFCP2,FGA,0.6009,TRRUST
TFCP2,GSK3B,0.593,TRRUST
TFCP2,PAX6,0.8325,TRRUST
TFCP2,SPP1,0.8993,TRRUST
TFCP2,SRY,0.575,TRRUST
TFCP2,TF,0.9184,TRRUST
TFCP2,TYMS,0.6212,TRRUST
TFCP2,WT1,0.5261,TRRUST
TFCP2L1,CYP11A1,0.6103,TRRUST
TFDP1,CAV1,0.5241,TRRUST
TFDP1,CCNE1,0.8604,TRRUST
TFDP1,CDK1,0.8797,TRRUST
TFDP1,DHFR,0.8363,TRRUST
TFDP1,MYBL2,0.9021,TRRUST
TFDP1,NRIP1,0.8209,TRRUST
TFDP1,PCNA,0.8385,TRRUST
TFDP1,RRM1,0.8839,TRRUST
TFDP1,TP53,0.7486,TRRUST
TFDP1,TYMS,0.9208,TRRUST
TFDP3,E2F1,0.5976,TRRUST
TFDP3,MAP1LC3B,0.8939,TRRUST
TFEB,TYR,0.5634,TRRUST
TFEB,TYRP1,0.5201,TRRUST
TFPT,EAF1,0.5332,TRRUST
TFPT,EAF2,0.7288,TRRUST
TGIF1,SERPINE1,0.7443,TRRUST
TGIF1,SOX3,0.7159,TRRUST
THRA,CGA,0.6004,TRRUST
THRA,SERPINC1,0.7274,TRRUST
THRB,CGA,0.6782,TRRUST
THRB,POR,0.5411,TRRUST
TIAL1,PF4,0.6124,TRRUST
TLE3,RUNX1,0.7497,TRRUST
TLX1,ALDH1A1,0.6184,TRRUST
TLX1,FHL1,0.5329,TRRUST
TLX1,MYC,0.9289,TRRUST
TLX1,NR4A3,0.843,TRRUST
TNFAIP3,IRF7,0.6713,TRRUST
TNFAIP3,JUN,0.7797,TRRUST
TNFAIP3,NFKB1,0.7009,TRRUST
TNFAIP3,RELA,0.7435,TRRUST
TNFAIP3,SATB1,0.5394,TRRUST
TOB1,IL2,0.7338,TRRUST
TOP2B,RUNX1,0.9194,TRRUST
TP53,ABCB1,0.7052,TRRUST
TP53,AFP,0.7437,TRRUST
TP53,AKT1,0.6907,TRRUST
TP53,ALKBH2,0.5887,TRRUST
TP53,ALOX5,0.557,TRRUST
TP53,ANKRD1,0.5432,TRRUST
TP53,ANTXR1,0.5545,TRRUST
TP53,APAF1,0.5397,TRRUST
TP53,APCS,0.9192,TRRUST
TP53,AQP3,0.5637,TRRUST
TP53,ATF3,0.847,TRRUST
TP53,ADGRB1,0.5693,TRRUST
TP53,BAX,0.8553,TRRUST
TP53,BBC3,0.9019,TRRUST
TP53,BCL2,0.7768,TRRUST
TP53,BCL2L1,0.8682,TRRUST
TP53,BCL3,0.7647,TRRUST
TP53,BDKRB2,0.8822,TRRUST
TP53,BGLAP,0.8373,TRRUST
TP53,BIRC5,0.746,TRRUST
TP53,BRCA1,0.7265,TRRUST
TP53,BRCA2,0.7416,TRRUST
TP53,BTG2,0.6179,TRRUST
TP53,BTG3,0.5684,TRRUST
TP53,BTS1,0.6191,TRRUST
TP53,CABLES1,0.6026,TRRUST
TP53,CARM1,0.5737,TRRUST
TP53,CASP1,0.5864,TRRUST
TP53,CASP3,0.5558,TRRUST
TP53,CAV1,0.9282,TRRUST
TP53,CCNA1,0.5934,TRRUST
TP53,CCNA2,0.5248,TRRUST
TP53,CCNB1,0.7059,TRRUST
TP53,CCNB2,0.7386,TRRUST
TP53,CCND1,0.6762,TRRUST
TP53,CD82,0.8226,TRRUST
TP53,CDK1,0.7195,TRRUST
TP53,CDK2,0.7066,TRRUST
TP53,CDK4,0.5682,TRRUST
TP53,CDKN1A,0.8489,TRRUST
TP53,CDKN1B,0.5381,TRRUST
TP53,CHEK1,0.7458,TRRUST
TP53,CHEK2,0.7266,TRRUST
TP53,CHUK,0.692,TRRUST
TP53,CKM,0.8552,TRRUST
TP53,CRYAB,0.8851,TRRUST
TP53,CTNNB1,0.6779,TRRUST
TP53,CTSD,0.8362,TRRUST
TP53,CYFIP2,0.5281,TRRUST
TP53,DDB1,0.9094,TRRUST
TP53,DDB2,0.9028,TRRUST
TP53,DKK1,0.6029,TRRUST
TP53,DNMT1,0.8988,TRRUST
TP53,DUSP1,0.8936,TRRUST
TP53,E2F1,0.7225,TRRUST
TP53,E2F3,0.7407,TRRUST
TP53,E2F7,0.8242,TRRUST
TP53,EGFR,0.8884,TRRUST
TP53,EGR1,0.6056,TRRUST
TP53,ELF4,0.575,TRRUST
TP53,EPHA2,0.8593,TRRUST
TP53,ESR1,0.5505,TRRUST
TP53,EZH2,0.8907,TRRUST
TP53,FAS,0.8962,TRRUST
TP53,FDXR,0.6158,TRRUST
TP53,FGF2,0.7077,TRRUST
TP53,FLT1,0.9047,TRRUST
TP53,FOXM1,0.7317,TRRUST
TP53,FOXO3,0.6171,TRRUST
TP53,FRMD5,0.5781,TRRUST
TP53,FUS,0.5769,TRRUST
TP53,GADD45A,0.8836,TRRUST
TP53,GC,0.6024,TRRUST
TP53,GDF15,0.9261,TRRUST
TP53,GLI2,0.5281,TRRUST
TP53,GML,0.8259,TRRUST
TP53,GPNMB,0.6231,TRRUST
TP53,GSTP1,0.8783,TRRUST
TP53,HIPK2,0.8876,TRRUST
TP53,HNF4A,0.7231,TRRUST
TP53,HRAS,0.5303,TRRUST
TP53,HSF1,0.6045,TRRUST
TP53,HSP90AB1,0.7522,TRRUST
TP53,ID1,0.5543,TRRUST
TP53,ID2,0.5537,TRRUST
TP53,IER3,0.6122,TRRUST
TP53,IFI16,0.828,TRRUST
TP53,IGF1R,0.7669,TRRUST
TP53,IGFBP3,0.8482,TRRUST
TP53,ING1,0.5852,TRRUST
TP53,IPO7,0.773,TRRUST
TP53,KLF2,0.7446,TRRUST
TP53,MAD1L1,0.7156,TRRUST
TP53,MAP4,0.7458,TRRUST
TP53,MCL1,0.7078,TRRUST
TP53,MCM7,0.7005,TRRUST
TP53,MDM2,0.9296,TRRUST
TP53,MDM4,0.6026,TRRUST
TP53,MET,0.7409,TRRUST
TP53,MGMT,0.7091,TRRUST
TP53,MKI67,0.5254,TRRUST
TP53,MMP1,0.6734,TRRUST
TP53,MMP2,0.881,TRRUST
TP53,MUC2,0.9038,TRRUST
TP53,MYC,0.7291,TRRUST
TP53,NFKB1,0.6125,TRRUST
TP53,NKX3-1,0.6737,TRRUST
TP53,NLRC4,0.8603,TRRUST
TP53,NME1,0.5461,TRRUST
TP53,OGG1,0.8692,TRRUST
TP53,PAX5,0.828,TRRUST
TP53,PDGFRB,0.925,TRRUST
TP53,PERP,0.6946,TRRUST
TP53,PIAS3,0.7715,TRRUST
TP53,PLAGL1,0.5668,TRRUST
TP53,PLK1,0.6284,TRRUST
TP53,PLK3,0.5809,TRRUST
TP53,PMAIP1,0.9224,TRRUST
TP53,PML,0.8206,TRRUST
TP53,POLD1,0.6023,TRRUST
TP53,PPARGC1A,0.6193,TRRUST
TP53,PTPA,0.6854,TRRUST
TP53,PRC1,0.6806,TRRUST
TP53,PRG3,0.5667,TRRUST
TP53,PRKAB1,0.6227,TRRUST
TP53,PTEN,0.7297,TRRUST
TP53,PTPN13,0.578,TRRUST
TP53,PTTG1,0.8355,TRRUST
TP53,RAD51B,0.5201,TRRUST
TP53,RASSF1,0.7591,TRRUST
TP53,RB1,0.5296,TRRUST
TP53,RECQL4,0.8897,TRRUST
TP53,REEP5,0.7706,TRRUST
TP53,RELA,0.543,TRRUST
TP53,RRM2B,0.5932,TRRUST
TP53,S100B,0.8287,TRRUST
TP53,SFN,0.8864,TRRUST
TP53,SIAH1,0.538,TRRUST
TP53,SIVA1,0.901,TRRUST
TP53,SLC2A1,0.7031,TRRUST
TP53,SLC6A6,0.721,TRRUST
TP53,SMAD3,0.5859,TRRUST
TP53,SSTR2,0.6888,TRRUST
TP53,STAT1,0.6016,TRRUST
TP53,STAT3,0.7033,TRRUST
TP53,TBXAS1,0.7429,TRRUST
TP53,TCEAL1,0.5374,TRRUST
TP53,TCF7L2,0.7457,TRRUST
TP53,TERT,0.6841,TRRUST
TP53,THBS1,0.8668,TRRUST
TP53,TNFRSF10A,0.8472,TRRUST
TP53,TNFRSF10B,0.9023,TRRUST
TP53,TP53,0.8488,TRRUST
TP53,TP53I3,0.917,TRRUST
TP53,TP73,0.6181,TRRUST
TP53,TRIM22,0.8416,TRRUST
TP53,TYMS,0.7375,TRRUST
TP53,UHRF1,0.6796,TRRUST
TP53,UHRF1BP1,0.8631,TRRUST
TP53,VCAN,0.8985,TRRUST
TP53,VEGFA,0.8925,TRRUST
TP53,WRN,0.7387,TRRUST
TP53,XPC,0.5511,TRRUST
TP53,XPO1,0.7116,TRRUST
TP53BP1,BRCA1,0.8313,TRRUST
TP63,BAX,0.8991,TRRUST
TP63,BRCA1,0.5754,TRRUST
TP63,CDKN1A,0.898,TRRUST
TP63,DDB2,0.5474,TRRUST
TP63,DEC1,0.5557,TRRUST
TP63,EVPL,0.5568,TRRUST
TP63,FDXR,0.5228,TRRUST
TP63,ID2,0.7075,TRRUST
TP63,KLF4,0.7584,TRRUST
TP63,PPARA,0.6187,TRRUST
TP63,SMARCD3,0.577,TRRUST
TP63,TCF4,0.8701,TRRUST
TP63,VDR,0.8234,TRRUST
TP63,XPC,0.6167,TRRUST
TP63,ZNF750,0.5214,TRRUST
TP65,CDK6,0.6239,TRRUST
TP73,AQP3,0.5738,TRRUST
TP73,BAX,0.5576,TRRUST
TP73,BBC3,0.9217,TRRUST
TP73,BIRC5,0.5227,TRRUST
TP73,CABLES1,0.584,TRRUST
TP73,CDK1,0.5804,TRRUST
TP73,CDKN1A,0.8441,TRRUST
TP73,E2F1,0.5672,TRRUST
TP73,FDXR,0.5917,TRRUST
TP73,MDM2,0.6,TRRUST
TP73,PMAIP1,0.8201,TRRUST
TP73,TERT,0.7731,TRRUST
TP73,VDR,0.5381,TRRUST
TRAF6,CD40,0.5457,TRRUST
TRAF6,TICAM1,0.549,TRRUST
TRAF6,VEGFA,0.6742,TRRUST
TRERF1,CCR7,0.5335,TRRUST
TRERF1,CD40,0.7785,TRRUST
TRERF1,CD80,0.7047,TRRUST
TRERF1,CD86,0.6827,TRRUST
TRERF1,LILRB1,0.6818,TRRUST
TRERF1,LILRB2,0.7491,TRRUST
TRERF1,LILRB4,0.764,TRRUST
TRIB3,ATF4,0.6983,TRRUST
TRIB3,SMAD3,0.5223,TRRUST
TRIM16,DES,0.6945,TRRUST
TRIM16,E2F1,0.6762,TRRUST
TRIM16,VIM,0.6814,TRRUST
TRIM22,NFKB1,0.5675,TRRUST
TRIM22,RELA,0.5453,TRRUST
TRIM25,DDX58,0.5768,TRRUST
TRIM28,E2F3,0.6979,TRRUST
TRIM28,E2F4,0.7735,TRRUST
TRIM28,ID1,0.6197,TRRUST
TRIM28,ZNF274,0.5823,TRRUST
TRIP6,CDK6,0.559,TRRUST
TRPS1,KLK3,0.5619,TRRUST
TRPS1,RUNX2,0.7153,TRRUST
TRRAP,CCND2,0.9,TRRUST
TRRAP,MITF,0.7197,TRRUST
TSC22D1,CNP,0.9142,TRRUST
TSC22D3,CCND1,0.9239,TRRUST
TSC22D3,CDKN1A,0.707,TRRUST
TSC22D3,FOXO1,0.7317,TRRUST
TSC22D3,FOXO3,0.6805,TRRUST
TSC22D3,FOXO4,0.6921,TRRUST
TSG101,CEP55,0.5655,TRRUST
TSG101,EGFR,0.6927,TRRUST
TSG101,REG4,0.7664,TRRUST
TTF2,TPO,0.8374,TRRUST
TTF2,TSG101,0.5701,TRRUST
TWIST1,AKR1C2,0.8866,TRRUST
TWIST1,AKT2,0.8961,TRRUST
TWIST1,ATM,0.8621,TRRUST
TWIST1,BCL2,0.6156,TRRUST
TWIST1,BMI1,0.8825,TRRUST
TWIST1,CD44,0.8683,TRRUST
TWIST1,CDH1,0.6774,TRRUST
TWIST1,CDH2,0.5711,TRRUST
TWIST1,CTPS1,0.9103,TRRUST
TWIST1,DKK1,0.5876,TRRUST
TWIST1,DNM3,0.9115,TRRUST
TWIST1,ERBB3,0.7243,TRRUST
TWIST1,ESR1,0.683,TRRUST
TWIST1,F2R,0.6715,TRRUST
TWIST1,FN1,0.8534,TRRUST
TWIST1,FOS,0.8968,TRRUST
TWIST1,GDF15,0.9069,TRRUST
TWIST1,ICAM1,0.8525,TRRUST
TWIST1,ILK,0.7245,TRRUST
TWIST1,ITGB1,0.8663,TRRUST
TWIST1,KLF17,0.5652,TRRUST
TWIST1,MAPK1,0.8454,TRRUST
TWIST1,MAPK3,0.835,TRRUST
TWIST1,MMP1,0.5416,TRRUST
TWIST1,MMP2,0.8261,TRRUST
TWIST1,MYB,0.6918,TRRUST
TWIST1,NF1,0.671,TRRUST
TWIST1,NR2F1,0.889,TRRUST
TWIST1,PFDN4,0.7048,TRRUST
TWIST1,RAP1A,0.777,TRRUST
TWIST1,RBL2,0.6913,TRRUST
TWIST1,RUNX2,0.708,TRRUST
TWIST1,SRPX,0.7094,TRRUST
TWIST1,TIMP1,0.6709,TRRUST
TWIST1,YBX1,0.9123,TRRUST
TWIST2,AKR1C2,0.8235,TRRUST
TWIST2,ATM,0.9234,TRRUST
TWIST2,CD44,0.9181,TRRUST
TWIST2,CDH1,0.5789,TRRUST
TWIST2,CDH2,0.7298,TRRUST
TWIST2,CTPS1,0.8919,TRRUST
TWIST2,DKK1,0.5626,TRRUST
TWIST2,ERBB3,0.7412,TRRUST
TWIST2,F2R,0.6749,TRRUST
TWIST2,FN1,0.8259,TRRUST
TWIST2,FOS,0.8703,TRRUST
TWIST2,GDF15,0.8805,TRRUST
TWIST2,ICAM1,0.9177,TRRUST
TWIST2,ILK,0.6815,TRRUST
TWIST2,ITGB1,0.9105,TRRUST
TWIST2,MMP2,0.8431,TRRUST
TWIST2,MYB,0.7133,TRRUST
TWIST2,NF1,0.7048,TRRUST
TWIST2,NR2F1,0.864,TRRUST
TWIST2,PFDN4,0.6866,TRRUST
TWIST2,POSTN,0.5754,TRRUST
TWIST2,RAP1A,0.7582,TRRUST
TWIST2,RBL2,0.7186,TRRUST
TWIST2,RUNX2,0.724,TRRUST
TWIST2,SRPX,0.7634,TRRUST
UBP1,CYP11A1,0.5977,TRRUST
UBTF,TAF1B,0.5739,TRRUST
UHRF1,ABCB1,0.6983,TRRUST
UHRF1,PPARG,0.7673,TRRUST
UHRF1,RB1,0.8835,TRRUST
UHRF1,TOP2A,0.5443,TRRUST
UHRF1,VEGFA,0.5496,TRRUST
UPF1,NCBP1,0.6083,TRRUST
UPF1,SLBP,0.5249,TRRUST
UPF2,UPF1,0.6291,TRRUST
URI1,AR,0.6843,TRRUST
USF1,ABCA1,0.9076,TRRUST
USF1,AGT,0.7134,TRRUST
USF1,APC,0.8741,TRRUST
USF1,APEX1,0.6169,TRRUST
USF1,APOA2,0.5654,TRRUST
USF1,APOA5,0.8791,TRRUST
USF1,ASCL2,0.6754,TRRUST
USF1,ASPH,0.5203,TRRUST
USF1,B2M,0.8469,TRRUST
USF1,BRCA2,0.5949,TRRUST
USF1,CCNB1,0.5333,TRRUST
USF1,CD2,0.8325,TRRUST
USF1,CEACAM1,0.8652,TRRUST
USF1,CEACAM5,0.8913,TRRUST
USF1,CIITA,0.8983,TRRUST
USF1,CTSB,0.5396,TRRUST
USF1,CTSD,0.8288,TRRUST
USF1,CXCR4,0.9234,TRRUST
USF1,CYP19A1,0.6987,TRRUST
USF1,CYP1A1,0.7639,TRRUST
USF1,EXT1,0.615,TRRUST
USF1,FBP1,0.605,TRRUST
USF1,FCER1A,0.5386,TRRUST
USF1,FMO3,0.6104,TRRUST
USF1,FMR1,0.9046,TRRUST
USF1,FOXA2,0.8856,TRRUST
USF1,GATA5,0.8571,TRRUST
USF1,GCK,0.8489,TRRUST
USF1,HMOX1,0.8334,TRRUST
USF1,HOXB4,0.8761,TRRUST
USF1,HOXB7,0.5844,TRRUST
USF1,ID4,0.5595,TRRUST
USF1,IFNG,0.5723,TRRUST
USF1,ISG20,0.56,TRRUST
USF1,LIPC,0.5905,TRRUST
USF1,MVP,0.6191,TRRUST
USF1,MYH9,0.538,TRRUST
USF1,NFKB1,0.562,TRRUST
USF1,NPHS2,0.5355,TRRUST
USF1,P4HA1,0.8887,TRRUST
USF1,PF4,0.9002,TRRUST
USF1,PIGR,0.9225,TRRUST
USF1,PKLR,0.5507,TRRUST
USF1,POU2F1,0.6245,TRRUST
USF1,PTGDS,0.827,TRRUST
USF1,PTGS2,0.7363,TRRUST
USF1,PTPN6,0.5263,TRRUST
USF1,RELA,0.6183,TRRUST
USF1,S100A6,0.8783,TRRUST
USF1,SCN9A,0.5936,TRRUST
USF1,SERBP1,0.9115,TRRUST
USF1,SERPINE1,0.8365,TRRUST
USF1,SF1,0.5242,TRRUST
USF1,SLC16A1,0.6167,TRRUST
USF1,SLC19A1,0.8546,TRRUST
USF1,SLC1A3,0.5342,TRRUST
USF1,SLC22A2,0.8715,TRRUST
USF1,TBX21,0.5858,TRRUST
USF1,TCN2,0.5234,TRRUST
USF1,TERT,0.8502,TRRUST
USF1,TGFB1,0.8236,TRRUST
USF1,TGFB2,0.8662,TRRUST
USF1,TOP3A,0.9185,TRRUST
USF1,TRAP,0.9281,TRRUST
USF1,TYMS,0.5901,TRRUST
USF2,ABCA1,0.8378,TRRUST
USF2,APC,0.9196,TRRUST
USF2,APOA2,0.5768,TRRUST
USF2,APOA5,0.8369,TRRUST
USF2,ASCL2,0.7714,TRRUST
USF2,ASPH,0.6033,TRRUST
USF2,ATP5F1A,0.9005,TRRUST
USF2,B2M,0.898,TRRUST
USF2,BRCA1,0.542,TRRUST
USF2,BRCA2,0.5432,TRRUST
USF2,CD2,0.8957,TRRUST
USF2,CEACAM1,0.8442,TRRUST
USF2,CEACAM5,0.8683,TRRUST
USF2,CFTR,0.606,TRRUST
USF2,CTSB,0.6062,TRRUST
USF2,CTSD,0.8699,TRRUST
USF2,CXCR2,0.9071,TRRUST
USF2,CXCR4,0.9122,TRRUST
USF2,CYP19A1,0.742,TRRUST
USF2,EPAS1,0.5451,TRRUST
USF2,FBP1,0.5501,TRRUST
USF2,FCER1A,0.5546,TRRUST
USF2,FMR1,0.8328,TRRUST
USF2,HIF1A,0.55,TRRUST
USF2,HMOX1,0.843,TRRUST
USF2,HOXB4,0.8701,TRRUST
USF2,IGF2R,0.9199,TRRUST
USF2,LIPC,0.5315,TRRUST
USF2,MYH9,0.5992,TRRUST
USF2,NR5A1,0.5956,TRRUST
USF2,P4HA1,0.8305,TRRUST
USF2,PDX1,0.9215,TRRUST
USF2,PF4,0.8825,TRRUST
USF2,PIGR,0.86,TRRUST
USF2,PKLR,0.6032,TRRUST
USF2,POU2F1,0.5483,TRRUST
USF2,PTGS2,0.5963,TRRUST
USF2,PTPN6,0.5244,TRRUST
USF2,SF1,0.6123,TRRUST
USF2,SLC19A1,0.8693,TRRUST
USF2,TCN2,0.59,TRRUST
USF2,TERT,0.8443,TRRUST
USF2,TGFB1,0.8945,TRRUST
USF2,TGFB2,0.9049,TRRUST
USF2,THBS1,0.8721,TRRUST
USF2,TOP3A,0.8879,TRRUST
USF2,TRAP,0.8702,TRRUST
UTF1,CDKN1B,0.6184,TRRUST
VDR,AMH,0.5748,TRRUST
VDR,ASAP2,0.6126,TRRUST
VDR,BGLAP,0.6081,TRRUST
VDR,BHLHE40,0.5652,TRRUST
VDR,CALB1,0.8453,TRRUST
VDR,CAMP,0.5647,TRRUST
VDR,CD14,0.9109,TRRUST
VDR,CDH1,0.845,TRRUST
VDR,CDKN1A,0.5777,TRRUST
VDR,CDKN1B,0.9087,TRRUST
VDR,CST5,0.8589,TRRUST
VDR,CXCL8,0.8906,TRRUST
VDR,CYP1A1,0.547,TRRUST
VDR,CYP24A1,0.832,TRRUST
VDR,CYP3A4,0.6074,TRRUST
VDR,CYP3A5,0.5309,TRRUST
VDR,CYP3A7,0.5499,TRRUST
VDR,CYP7A1,0.7641,TRRUST
VDR,DDIT4,0.5581,TRRUST
VDR,DKK4,0.777,TRRUST
VDR,EGFR,0.7778,TRRUST
VDR,ERBB2,0.5495,TRRUST
VDR,FOXP3,0.5245,TRRUST
VDR,HLA-DRB1,0.5976,TRRUST
VDR,HOXA10,0.8696,TRRUST
VDR,IGFBP3,0.6811,TRRUST
VDR,IL10,0.7478,TRRUST
VDR,IL12B,0.6734,TRRUST
VDR,IL2,0.7657,TRRUST
VDR,IL6,0.6853,TRRUST
VDR,NCOR1,0.834,TRRUST
VDR,PHB,0.5393,TRRUST
VDR,PLD1,0.6256,TRRUST
VDR,PODXL,0.5962,TRRUST
VDR,PRL,0.6082,TRRUST
VDR,PTH,0.7137,TRRUST
VDR,SKP2,0.707,TRRUST
VDR,TLR10,0.5458,TRRUST
VDR,TNFRSF21,0.8729,TRRUST
VDR,TPT1,0.8807,TRRUST
VDR,TRPV6,0.5895,TRRUST
VDR,UCP1,0.5483,TRRUST
VEZF1,IL3,0.9244,TRRUST
VHL,ANGPT2,0.6887,TRRUST
VHL,AR,0.9262,TRRUST
VHL,CA12,0.5216,TRRUST
VHL,CA9,0.5729,TRRUST
VHL,CCND1,0.5567,TRRUST
VHL,CDKN1B,0.8694,TRRUST
VHL,CDKN1C,0.8828,TRRUST
VHL,COL4A2,0.5679,TRRUST
VHL,CXCR4,0.7156,TRRUST
VHL,DAB2,0.9006,TRRUST
VHL,HIF1A,0.7454,TRRUST
VHL,IGF1R,0.7617,TRRUST
VHL,KLF10,0.5475,TRRUST
VHL,NMU,0.737,TRRUST
VHL,SPARC,0.8844,TRRUST
VHL,BHLHE40,0.5607,TRRUST
VHL,TCF4,0.5735,TRRUST
VHL,TFRC,0.7045,TRRUST
VHL,TP53,0.5356,TRRUST
VHL,VEGFA,0.8435,TRRUST
WDR5,MYC,0.5316,TRRUST
WHSC1,AR,0.5951,TRRUST
WHSC1,ID1,0.5927,TRRUST
WT1,ABCB1,0.6246,TRRUST
WT1,AMH,0.9003,TRRUST
WT1,AR,0.6757,TRRUST
WT1,BCL2,0.6173,TRRUST
WT1,CAMP,0.7649,TRRUST
WT1,CCNE1,0.7188,TRRUST
WT1,CD14,0.8844,TRRUST
WT1,ADGRE5,0.9274,TRRUST
WT1,CDC73,0.7286,TRRUST
WT1,CDH1,0.7696,TRRUST
WT1,CDKN1A,0.5291,TRRUST
WT1,CIAO1,0.691,TRRUST
WT1,CKM,0.8685,TRRUST
WT1,CTCF,0.5843,TRRUST
WT1,CTGF,0.6098,TRRUST
WT1,CX3CL1,0.6287,TRRUST
WT1,CXXC5,0.8628,TRRUST
WT1,CYP19A1,0.6752,TRRUST
WT1,DNMT3A,0.9081,TRRUST
WT1,EGFR,0.7365,TRRUST
WT1,EREG,0.5418,TRRUST
WT1,ETS1,0.8744,TRRUST
WT1,HBEGF,0.9017,TRRUST
WT1,HOXA10,0.6047,TRRUST
WT1,IGF1,0.725,TRRUST
WT1,IGF1R,0.7036,TRRUST
WT1,IGF2,0.7771,TRRUST
WT1,IL2RB,0.593,TRRUST
WT1,IRF8,0.7149,TRRUST
WT1,ITGAX,0.8509,TRRUST
WT1,JUN,0.9004,TRRUST
WT1,JUNB,0.5466,TRRUST
WT1,KLK3,0.5389,TRRUST
WT1,MYB,0.7283,TRRUST
WT1,MYC,0.7019,TRRUST
WT1,MYCN,0.7392,TRRUST
WT1,NDRG2,0.833,TRRUST
WT1,NOV,0.592,TRRUST
WT1,NPHS1,0.5512,TRRUST
WT1,NR5A1,0.52,TRRUST
WT1,ODC1,0.834,TRRUST
WT1,PAX2,0.7727,TRRUST
WT1,PDGFA,0.7654,TRRUST
WT1,PODXL,0.8457,TRRUST
WT1,SMAD3,0.9056,TRRUST
WT1,SNAI2,0.5869,TRRUST
WT1,SRY,0.9268,TRRUST
WT1,STIM1,0.7111,TRRUST
WT1,TBXA2R,0.745,TRRUST
WT1,TERT,0.677,TRRUST
WT1,THBS1,0.8636,TRRUST
WT1,U2AF2,0.626,TRRUST
WT1,UBE2I,0.7293,TRRUST
WT1,VDR,0.8517,TRRUST
WT1,VEGFA,0.8332,TRRUST
WT1,VEGFB,0.5974,TRRUST
WT1,WTAP,0.5909,TRRUST
WWP1,ERBB4,0.7111,TRRUST
WWP1,SPART,0.6246,TRRUST
WWP1,TGFBR1,0.6724,TRRUST
WWTR1,ASNS,0.7034,TRRUST
WWTR1,BAK1,0.9213,TRRUST
WWTR1,BAX,0.8553,TRRUST
WWTR1,IGFBP1,0.5477,TRRUST
WWTR1,LTBR,0.8788,TRRUST
WWTR1,SMAD3,0.9106,TRRUST
XBP1,CCL2,0.5313,TRRUST
XBP1,CXCL8,0.6237,TRRUST
XBP1,DDIT3,0.6075,TRRUST
XBP1,EDEM2,0.5399,TRRUST
XBP1,ERN1,0.5983,TRRUST
XBP1,ERP29,0.7123,TRRUST
XBP1,ESR1,0.8643,TRRUST
XBP1,GAD1,0.6062,TRRUST
XBP1,HSPA1A,0.6259,TRRUST
XBP1,HSPA5,0.8339,TRRUST
XBP1,IL6,0.5663,TRRUST
XBP1,NOS2,0.5729,TRRUST
XBP1,NPPB,0.8614,TRRUST
XBP1,PRNP,0.56,TRRUST
XBP1,PTGER4,0.5257,TRRUST
XBP1,SOD2,0.5954,TRRUST
XBP1,VEGFA,0.568,TRRUST
XBP1,WFS1,0.5414,TRRUST
XBP1,ZHX2,0.6098,TRRUST
XPC,CASP2,0.7583,TRRUST
XPC,CPD,0.5735,TRRUST
XPC,KIN,0.8528,TRRUST
XPC,RNF111,0.7402,TRRUST
XRCC5,CD40,0.5517,TRRUST
XRCC5,ERBB2,0.546,TRRUST
XRCC5,ETS1,0.7504,TRRUST
XRCC6,CD40,0.5244,TRRUST
XRCC6,ERBB2,0.5304,TRRUST
YBX1,ABCB1,0.8207,TRRUST
YBX1,AGT,0.8368,TRRUST
YBX1,ANAPC4,0.6776,TRRUST
YBX1,AR,0.6295,TRRUST
YBX1,CCNB1,0.7018,TRRUST
YBX1,CCNC,0.6864,TRRUST
YBX1,CDC20,0.6965,TRRUST
YBX1,CDH1,0.923,TRRUST
YBX1,CDKN3,0.8772,TRRUST
YBX1,CKS2,0.7101,TRRUST
YBX1,CXCR4,0.9161,TRRUST
YBX1,E2F1,0.5634,TRRUST
YBX1,EGFR,0.8569,TRRUST
YBX1,ERBB2,0.8428,TRRUST
YBX1,ERBB3,0.8616,TRRUST
YBX1,FAS,0.7048,TRRUST
YBX1,KPNA2,0.7445,TRRUST
YBX1,MET,0.8519,TRRUST
YBX1,MIA,0.5835,TRRUST
YBX1,MMP13,0.6772,TRRUST
YBX1,MMP2,0.541,TRRUST
YBX1,MNAT1,0.7148,TRRUST
YBX1,MYCN,0.9231,TRRUST
YBX1,RAD9A,0.8615,TRRUST
YBX1,RBBP8,0.743,TRRUST
YBX1,SKP2,0.6981,TRRUST
YBX1,SLC6A4,0.534,TRRUST
YBX1,SUMO1,0.6764,TRRUST
YBX1,TOP2A,0.5536,TRRUST
YBX1,TYMS,0.6873,TRRUST
YEATS4,TP53,0.6891,TRRUST
YY1,ACTC1,0.7537,TRRUST
YY1,ADORA2A,0.5217,TRRUST
YY1,APC,0.7314,TRRUST
YY1,APH1A,0.8617,TRRUST
YY1,ATP2C1,0.8757,TRRUST
YY1,BDKRB1,0.5819,TRRUST
YY1,BRCA1,0.5545,TRRUST
YY1,CBX5,0.5525,TRRUST
YY1,CCL13,0.6007,TRRUST
YY1,CCR5,0.7658,TRRUST
YY1,CETP,0.5412,TRRUST
YY1,CFTR,0.8307,TRRUST
YY1,COL1A2,0.6188,TRRUST
YY1,COX6A1,0.5585,TRRUST
YY1,COX7C,0.8806,TRRUST
YY1,CREBBP,0.7095,TRRUST
YY1,CTCF,0.8338,TRRUST
YY1,CXCR4,0.7348,TRRUST
YY1,CYP3A5,0.5778,TRRUST
YY1,DBH,0.8423,TRRUST
YY1,DEK,0.5697,TRRUST
YY1,DNAJB4,0.9077,TRRUST
YY1,EGFR,0.8849,TRRUST
YY1,EPAS1,0.6807,TRRUST
YY1,ERBB2,0.8803,TRRUST
YY1,ERCC5,0.8973,TRRUST
YY1,FAS,0.7572,TRRUST
YY1,FCER1A,0.8892,TRRUST
YY1,FCGR2B,0.5368,TRRUST
YY1,FCGR3B,0.5981,TRRUST
YY1,FDPS,0.5945,TRRUST
YY1,FMO3,0.5227,TRRUST
YY1,GBP1,0.5653,TRRUST
YY1,GDAP1,0.8566,TRRUST
YY1,GNAS,0.5936,TRRUST
YY1,HAS2,0.6938,TRRUST
YY1,HBE1,0.585,TRRUST
YY1,HCFC1,0.6205,TRRUST
YY1,HDAC1,0.6078,TRRUST
YY1,HDAC2,0.6214,TRRUST
YY1,HDAC3,0.6276,TRRUST
YY1,HIF1A,0.5212,TRRUST
YY1,HLA-DRA,0.5885,TRRUST
YY1,HOXB13,0.7154,TRRUST
YY1,HOXB7,0.6146,TRRUST
YY1,HSD3B2,0.8477,TRRUST
YY1,HSPA5,0.9279,TRRUST
YY1,IFNB1,0.5875,TRRUST
YY1,IFNG,0.9073,TRRUST
YY1,IL1B,0.5294,TRRUST
YY1,IL4,0.8402,TRRUST
YY1,IL5,0.9034,TRRUST
YY1,INO80,0.5224,TRRUST
YY1,IRF7,0.6099,TRRUST
YY1,IVL,0.5215,TRRUST
YY1,KIR3DL1,0.5923,TRRUST
YY1,LDLR,0.5602,TRRUST
YY1,LRIG2,0.5873,TRRUST
YY1,LSS,0.5966,TRRUST
YY1,MUC4,0.7077,TRRUST
YY1,MYC,0.8319,TRRUST
YY1,NF1,0.8277,TRRUST
YY1,NOS2,0.5848,TRRUST
YY1,NR3C1,0.5773,TRRUST
YY1,OPRM1,0.6016,TRRUST
YY1,PARP1,0.5761,TRRUST
YY1,PCNA,0.8665,TRRUST
YY1,PDIA6,0.7138,TRRUST
YY1,PEG3,0.5229,TRRUST
YY1,POSTN,0.7069,TRRUST
YY1,PRDM2,0.9274,TRRUST
YY1,SAP30,0.6161,TRRUST
YY1,SLC26A3,0.5562,TRRUST
YY1,SMAD7,0.5847,TRRUST
YY1,SNRPN,0.6132,TRRUST
YY1,STAR,0.5685,TRRUST
YY1,SURF1,0.822,TRRUST
YY1,SURF2,0.8282,TRRUST
YY1,TDO2,0.5761,TRRUST
YY1,TF,0.6266,TRRUST
YY1,TFAP2A,0.8963,TRRUST
YY1,TFRC,0.5278,TRRUST
YY1,TNFRSF10B,0.8408,TRRUST
YY1,TOP3A,0.9048,TRRUST
YY1,TP53,0.9126,TRRUST
YY1,TP73,0.8879,TRRUST
YY1,TSIX,0.5909,TRRUST
YY1,VEGFB,0.8231,TRRUST
YY1,VWF,0.6111,TRRUST
YY1,WDFY4,0.6067,TRRUST
YY1,ZNF175,0.8485,TRRUST
ZBTB14,FHL2,0.898,TRRUST
ZBTB16,BCL2,0.6936,TRRUST
ZBTB16,BID,0.6744,TRRUST
ZBTB16,CCNA2,0.6921,TRRUST
ZBTB16,CEBPA,0.5396,TRRUST
ZBTB16,CRABP1,0.8572,TRRUST
ZBTB16,CXCR4,0.866,TRRUST
ZBTB16,GFI1,0.5759,TRRUST
ZBTB16,ID2,0.5724,TRRUST
ZBTB16,LEF1,0.5498,TRRUST
ZBTB16,SOX9,0.8232,TRRUST
ZBTB17,CDKN1A,0.7366,TRRUST
ZBTB17,CDKN2B,0.5635,TRRUST
ZBTB2,ARF1,0.7029,TRRUST
ZBTB2,CDKN1A,0.7654,TRRUST
ZBTB2,MDM2,0.9021,TRRUST
ZBTB2,TP53,0.7644,TRRUST
ZBTB5,CDKN1A,0.7244,TRRUST
ZBTB7A,CDKN2A,0.6844,TRRUST
ZBTB7A,FOS,0.7466,TRRUST
ZBTB7A,MYC,0.6927,TRRUST
ZBTB7A,PFKP,0.7185,TRRUST
ZBTB7A,PKM,0.6772,TRRUST
ZBTB7A,SLC2A3,0.7608,TRRUST
ZEB1,AR,0.5339,TRRUST
ZEB1,BCL6,0.7693,TRRUST
ZEB1,CDH1,0.9151,TRRUST
ZEB1,COL4A3,0.5711,TRRUST
ZEB1,CXADR,0.7519,TRRUST
ZEB1,EPCAM,0.7381,TRRUST
ZEB1,GRHL2,0.7583,TRRUST
ZEB1,ITGB4,0.5675,TRRUST
ZEB1,LAMC2,0.6064,TRRUST
ZEB1,MUC1,0.7209,TRRUST
ZEB1,PKP3,0.7735,TRRUST
ZEB1,POU5F1,0.8735,TRRUST
ZEB1,SPRR1B,0.8709,TRRUST
ZEB2,CDH1,0.7564,TRRUST
ZEB2,CXADR,0.7604,TRRUST
ZEB2,ITGA5,0.881,TRRUST
ZEB2,MEOX2,0.6898,TRRUST
ZEB2,POU5F1,0.8715,TRRUST
ZEB2,VIM,0.9265,TRRUST
ZFHX3,AFP,0.7528,TRRUST
ZFHX3,CDKN1A,0.9092,TRRUST
ZFHX3,MUC5AC,0.6736,TRRUST
ZFHX3,MYB,0.7215,TRRUST
ZFP36,CXCL8,0.7411,TRRUST
ZFP36,ELAVL1,0.9113,TRRUST
ZFP36,HIF1A,0.8254,TRRUST
ZFP36,IL2,0.7638,TRRUST
ZFP36,IL6,0.7303,TRRUST
ZFP36,LATS2,0.6917,TRRUST
ZFP36,SERPINB2,0.5549,TRRUST
ZFP36,VEGFA,0.701,TRRUST
ZFP36L1,VEGFA,0.7284,TRRUST
ZHX2,AFP,0.6757,TRRUST
ZHX2,CCNA2,0.6874,TRRUST
ZHX2,CCNE1,0.7594,TRRUST
ZHX2,HNF1A,0.5346,TRRUST
ZIC1,BCL2L13,0.8457,TRRUST
ZIC1,EIF3M,0.8699,TRRUST
ZIC1,FAM57A,0.8769,TRRUST
ZIC1,JUND,0.904,TRRUST
ZIC2,SLC13A4,0.5692,TRRUST
ZIC2,TCF4,0.7569,TRRUST
ZIC3,NPPA,0.588,TRRUST
ZMYND11,IL6,0.8324,TRRUST
ZNF143,BUB1B,0.8372,TRRUST
ZNF143,ESCO2,0.5681,TRRUST
ZNF143,PCYT1A,0.8637,TRRUST
ZNF143,TALDO1,0.6018,TRRUST
ZNF148,ADORA2A,0.5839,TRRUST
ZNF148,CDKN2A,0.5627,TRRUST
ZNF148,CXCL5,0.5388,TRRUST
ZNF148,GAST,0.845,TRRUST
ZNF148,IRS2,0.5833,TRRUST
ZNF148,MMP3,0.8666,TRRUST
ZNF148,ODC1,0.5766,TRRUST
ZNF148,SOX18,0.6888,TRRUST
ZNF148,VIM,0.7429,TRRUST
ZNF160,TLR4,0.7638,TRRUST
ZNF175,NTF3,0.8484,TRRUST
ZNF202,ABCA1,0.7241,TRRUST
ZNF202,AMACR,0.6273,TRRUST
ZNF202,POMGNT1,0.7067,TRRUST
ZNF217,CDH1,0.7355,TRRUST
ZNF224,ALDOA,0.6799,TRRUST
ZNF224,VDR,0.8867,TRRUST
ZNF239,RBP3,0.6799,TRRUST
ZNF24,CCND1,0.9255,TRRUST
ZNF24,CTNNB1,0.8987,TRRUST
ZNF24,MSLN,0.6067,TRRUST
ZNF24,PDGFRB,0.7475,TRRUST
ZNF24,VEGFA,0.7349,TRRUST
ZNF267,MMP10,0.7195,TRRUST
ZNF300,CDKN1A,0.7644,TRRUST
ZNF300,CDKN1B,0.7753,TRRUST
ZNF300,CXCL8,0.8749,TRRUST
ZNF300,IL6,0.9225,TRRUST
ZNF300,MYC,0.8842,TRRUST
ZNF335,REST,0.5792,TRRUST
ZNF350,ATXN2,0.87,TRRUST
ZNF350,HMGA2,0.693,TRRUST
ZNF350,RBBP8,0.5204,TRRUST
ZNF350,TRIM28,0.5466,TRRUST
ZNF382,CDK6,0.7261,TRRUST
ZNF382,HMGA2,0.7118,TRRUST
ZNF382,ID1,0.7193,TRRUST
ZNF382,IKBKE,0.7779,TRRUST
ZNF382,JUN,0.7085,TRRUST
ZNF382,MITF,0.7197,TRRUST
ZNF382,MYC,0.6847,TRRUST
ZNF382,NFKB1,0.6753,TRRUST
ZNF382,STAT3,0.7553,TRRUST
ZNF382,STAT5B,0.7328,TRRUST
ZNF383,JUN,0.7537,TRRUST
ZNF410,MMP1,0.5365,TRRUST
ZNF423,BRCA1,0.5829,TRRUST
ZNF444,SCARF1,0.8479,TRRUST
ZNF76,CDKN1A,0.6951,TRRUST
ZNF76,PCYT1A,0.8213,TRRUST
ZNF76,TALDO1,0.5343,TRRUST
ZNRD1,ABCB1,0.854,TRRUST
ZNRD1,BCL2,0.8329,TRRUST
CDKN1A,TP53,0.7143,pathway_Cell Cycle
RB1,TP53,0.4435,pathway_Cell Cycle
CCND1,TP53,0.3721,pathway_Cell Cycle
CDK4,TP53,0.3996,pathway_Cell Cycle
TP53,CDK6,0.5551,pathway_Cell Cycle
CDK6,TP53,0.3456,pathway_Cell Cycle
TP53,CCNE1,0.665,pathway_Cell Cycle
CCNE1,TP53,0.7046,pathway_Cell Cycle
FOXM1,TP53,0.4187,pathway_Cell Cycle
TP53,AURKA,0.5,pathway_Cell Cycle
AURKA,TP53,0.3289,pathway_Cell Cycle
TP53,CDC20,0.5763,pathway_Cell Cycle
CDC20,TP53,0.4856,pathway_Cell Cycle
CCNB1,TP53,0.428,pathway_Cell Cycle
PLK1,TP53,0.4027,pathway_Cell Cycle
CDKN1A,RB1,0.5816,pathway_Cell Cycle
CDKN1A,E2F1,0.4865,pathway_Cell Cycle
CDKN1A,CCND1,0.3919,pathway_Cell Cycle
CCND1,CDKN1A,0.5956,pathway_Cell Cycle
CDKN1A,CDK4,0.546,pathway_Cell Cycle
CDK4,CDKN1A,0.6635,pathway_Cell Cycle
CDKN1A,CDK6,0.367,pathway_Cell Cycle
CDK6,CDKN1A,0.6343,pathway_Cell Cycle
CDKN1A,CCNE1,0.5894,pathway_Cell Cycle
CCNE1,CDKN1A,0.366,pathway_Cell Cycle
CDKN1A,FOXM1,0.5979,pathway_Cell Cycle
FOXM1,CDKN1A,0.4966,pathway_Cell Cycle
CDKN1A,AURKA,0.698,pathway_Cell Cycle
AURKA,CDKN1A,0.3766,pathway_Cell Cycle
CDKN1A,CDC20,0.5771,pathway_Cell Cycle
CDC20,CDKN1A,0.4728,pathway_Cell Cycle
CDKN1A,CCNB1,0.7027,pathway_Cell Cycle
CCNB1,CDKN1A,0.452,pathway_Cell Cycle
CDKN1A,MYC,0.7049,pathway_Cell Cycle
CDKN1A,PLK1,0.6806,pathway_Cell Cycle
PLK1,CDKN1A,0.4282,pathway_Cell Cycle
RB1,CCND1,0.6414,pathway_Cell Cycle
CCND1,RB1,0.7182,pathway_Cell Cycle
RB1,CDK4,0.4211,pathway_Cell Cycle
CDK4,RB1,0.4947,pathway_Cell Cycle
RB1,CDK6,0.5281,pathway_Cell Cycle
CDK6,RB1,0.438,pathway_Cell Cycle
RB1,CCNE1,0.3261,pathway_Cell Cycle
CCNE1,RB1,0.4081,pathway_Cell Cycle
RB1,FOXM1,0.4328,pathway_Cell Cycle
FOXM1,RB1,0.4974,pathway_Cell Cycle
RB1,AURKA,0.3884,pathway_Cell Cycle
AURKA,RB1,0.6693,pathway_Cell Cycle
RB1,CDC20,0.602,pathway_Cell Cycle
CDC20,RB1,0.3541,pathway_Cell Cycle
RB1,CCNB1,0.58,pathway_Cell Cycle
CCNB1,RB1,0.5815,pathway_Cell Cycle
MYC,RB1,0.7025,pathway_Cell Cycle
RB1,PLK1,0.3212,pathway_Cell Cycle
PLK1,RB1,0.4192,pathway_Cell Cycle
CCND1,E2F1,0.6911,pathway_Cell Cycle
E2F1,CDK4,0.6929,pathway_Cell Cycle
CDK4,E2F1,0.6082,pathway_Cell Cycle
E2F1,CDK6,0.6263,pathway_Cell Cycle
CDK6,E2F1,0.3566,pathway_Cell Cycle
CCNE1,E2F1,0.5256,pathway_Cell Cycle
FOXM1,E2F1,0.4126,pathway_Cell Cycle
AURKA,E2F1,0.3925,pathway_Cell Cycle
E2F1,CDC20,0.6441,pathway_Cell Cycle
CDC20,E2F1,0.374,pathway_Cell Cycle
CCNB1,E2F1,0.5075,pathway_Cell Cycle
MYC,E2F1,0.6954,pathway_Cell Cycle
PLK1,E2F1,0.3943,pathway_Cell Cycle
CCND1,CDK4,0.7112,pathway_Cell Cycle
CDK4,CCND1,0.7177,pathway_Cell Cycle
CCND1,CDK6,0.5422,pathway_Cell Cycle
CDK6,CCND1,0.3881,pathway_Cell Cycle
CCND1,CCNE1,0.4464,pathway_Cell Cycle
CCNE1,CCND1,0.4898,pathway_Cell Cycle
CCND1,FOXM1,0.4437,pathway_Cell Cycle
FOXM1,CCND1,0.4323,pathway_Cell Cycle
CCND1,AURKA,0.7089,pathway_Cell Cycle
AURKA,CCND1,0.3813,pathway_Cell Cycle
CCND1,CDC20,0.6133,pathway_Cell Cycle
CDC20,CCND1,0.3202,pathway_Cell Cycle
CCND1,CCNB1,0.5585,pathway_Cell Cycle
CCNB1,CCND1,0.6864,pathway_Cell Cycle
CCND1,MYC,0.4352,pathway_Cell Cycle
CCND1,PLK1,0.3942,pathway_Cell Cycle
PLK1,CCND1,0.5807,pathway_Cell Cycle
CDK4,CDK6,0.605,pathway_Cell Cycle
CDK6,CDK4,0.5952,pathway_Cell Cycle
CDK4,CCNE1,0.4477,pathway_Cell Cycle
CCNE1,CDK4,0.4209,pathway_Cell Cycle
CDK4,FOXM1,0.7024,pathway_Cell Cycle
FOXM1,CDK4,0.6893,pathway_Cell Cycle
CDK4,AURKA,0.5029,pathway_Cell Cycle
AURKA,CDK4,0.6585,pathway_Cell Cycle
CDK4,CDC20,0.5009,pathway_Cell Cycle
CDC20,CDK4,0.4898,pathway_Cell Cycle
CDK4,CCNB1,0.3827,pathway_Cell Cycle
CCNB1,CDK4,0.4906,pathway_Cell Cycle
CDK4,MYC,0.535,pathway_Cell Cycle
CDK4,PLK1,0.329,pathway_Cell Cycle
PLK1,CDK4,0.4976,pathway_Cell Cycle
CDK6,CCNE1,0.6325,pathway_Cell Cycle
CCNE1,CDK6,0.592,pathway_Cell Cycle
CDK6,FOXM1,0.5741,pathway_Cell Cycle
FOXM1,CDK6,0.6838,pathway_Cell Cycle
CDK6,AURKA,0.3272,pathway_Cell Cycle
AURKA,CDK6,0.5428,pathway_Cell Cycle
CDK6,CDC20,0.6349,pathway_Cell Cycle
CDC20,CDK6,0.5365,pathway_Cell Cycle
CDK6,CCNB1,0.4496,pathway_Cell Cycle
CCNB1,CDK6,0.3745,pathway_Cell Cycle
CDK6,MYC,0.675,pathway_Cell Cycle
CDK6,PLK1,0.5083,pathway_Cell Cycle
PLK1,CDK6,0.6712,pathway_Cell Cycle
CCNE1,FOXM1,0.5543,pathway_Cell Cycle
FOXM1,CCNE1,0.5897,pathway_Cell Cycle
CCNE1,AURKA,0.6417,pathway_Cell Cycle
AURKA,CCNE1,0.5837,pathway_Cell Cycle
CCNE1,CDC20,0.4792,pathway_Cell Cycle
CDC20,CCNE1,0.5255,pathway_Cell Cycle
CCNE1,CCNB1,0.6412,pathway_Cell Cycle
CCNB1,CCNE1,0.4695,pathway_Cell Cycle
CCNE1,MYC,0.4752,pathway_Cell Cycle
CCNE1,PLK1,0.3583,pathway_Cell Cycle
PLK1,CCNE1,0.6858,pathway_Cell Cycle
FOXM1,AURKA,0.3564,pathway_Cell Cycle
AURKA,FOXM1,0.5793,pathway_Cell Cycle
FOXM1,CDC20,0.4853,pathway_Cell Cycle
CDC20,FOXM1,0.4822,pathway_Cell Cycle
CCNB1,FOXM1,0.5918,pathway_Cell Cycle
FOXM1,PLK1,0.3468,pathway_Cell Cycle
PLK1,FOXM1,0.5575,pathway_Cell Cycle
AURKA,CDC20,0.6288,pathway_Cell Cycle
CDC20,AURKA,0.6513,pathway_Cell Cycle
AURKA,CCNB1,0.3882,pathway_Cell Cycle
CCNB1,AURKA,0.679,pathway_Cell Cycle
AURKA,MYC,0.5825,pathway_Cell Cycle
MYC,AURKA,0.6727,pathway_Cell Cycle
AURKA,PLK1,0.5141,pathway_Cell Cycle
PLK1,AURKA,0.5368,pathway_Cell Cycle
CDC20,CCNB1,0.6876,pathway_Cell Cycle
CCNB1,CDC20,0.68,pathway_Cell Cycle
CDC20,MYC,0.4993,pathway_Cell Cycle
MYC,CDC20,0.4298,pathway_Cell Cycle
CDC20,PLK1,0.4773,pathway_Cell Cycle
PLK1,CDC20,0.4751,pathway_Cell Cycle
CCNB1,MYC,0.4347,pathway_Cell Cycle
CCNB1,PLK1,0.4274,pathway_Cell Cycle
PLK1,CCNB1,0.6644,pathway_Cell Cycle
MYC,PLK1,0.3479,pathway_Cell Cycle
PLK1,MYC,0.591,pathway_Cell Cycle
BCL2,TP53,0.3891,pathway_Apoptosis
BAX,TP53,0.4578,pathway_Apoptosis
CASP3,TP53,0.3446,pathway_Apoptosis
TP53,CASP8,0.428,pathway_Apoptosis
CASP8,TP53,0.6274,pathway_Apoptosis
MCL1,TP53,0.674,pathway_Apoptosis
TP53,BAD,0.4086,pathway_Apoptosis
BAD,TP53,0.5054,pathway_Apoptosis
BCL2L1,TP53,0.5081,pathway_Apoptosis
BCL2,BAX,0.6694,pathway_Apoptosis
BAX,BCL2,0.6251,pathway_Apoptosis
BCL2,CASP3,0.5252,pathway_Apoptosis
CASP3,BCL2,0.5883,pathway_Apoptosis
BCL2,CASP8,0.6589,pathway_Apoptosis
CASP8,BCL2,0.3238,pathway_Apoptosis
BCL2,MCL1,0.4812,pathway_Apoptosis
MCL1,BCL2,0.6829,pathway_Apoptosis
BCL2,BAD,0.6161,pathway_Apoptosis
BAD,BCL2,0.5371,pathway_Apoptosis
BCL2,BCL2L1,0.5319,pathway_Apoptosis
BCL2L1,BCL2,0.4591,pathway_Apoptosis
BAX,CASP3,0.5282,pathway_Apoptosis
CASP3,BAX,0.5822,pathway_Apoptosis
BAX,CASP8,0.4873,pathway_Apoptosis
CASP8,BAX,0.6057,pathway_Apoptosis
BAX,MCL1,0.6645,pathway_Apoptosis
MCL1,BAX,0.3819,pathway_Apoptosis
BAX,BAD,0.5006,pathway_Apoptosis
BAD,BAX,0.4832,pathway_Apoptosis
BAX,BCL2L1,0.595,pathway_Apoptosis
BCL2L1,BAX,0.4199,pathway_Apoptosis
CASP3,CASP8,0.5761,pathway_Apoptosis
CASP8,CASP3,0.671,pathway_Apoptosis
CASP3,MCL1,0.4873,pathway_Apoptosis
MCL1,CASP3,0.6844,pathway_Apoptosis
CASP3,BAD,0.7173,pathway_Apoptosis
BAD,CASP3,0.3624,pathway_Apoptosis
CASP3,BCL2L1,0.4132,pathway_Apoptosis
BCL2L1,CASP3,0.7002,pathway_Apoptosis
CASP8,MCL1,0.7033,pathway_Apoptosis
MCL1,CASP8,0.3591,pathway_Apoptosis
CASP8,BAD,0.326,pathway_Apoptosis
BAD,CASP8,0.3844,pathway_Apoptosis
CASP8,BCL2L1,0.7184,pathway_Apoptosis
BCL2L1,CASP8,0.392,pathway_Apoptosis
MCL1,BAD,0.521,pathway_Apoptosis
BAD,MCL1,0.6594,pathway_Apoptosis
MCL1,BCL2L1,0.3282,pathway_Apoptosis
BCL2L1,MCL1,0.5618,pathway_Apoptosis
BAD,BCL2L1,0.4308,pathway_Apoptosis
BCL2L1,BAD,0.6649,pathway_Apoptosis
BRCA1,TP53,0.4334,pathway_DNA Repair
BRCA2,TP53,0.5947,pathway_DNA Repair
TP53,ATM,0.5897,pathway_DNA Repair
ATM,TP53,0.4086,pathway_DNA Repair
TP53,ATR,0.3339,pathway_DNA Repair
ATR,TP53,0.4837,pathway_DNA Repair
CHEK1,TP53,0.4357,pathway_DNA Repair
CHEK2,TP53,0.6436,pathway_DNA Repair
TP53,RAD51,0.6401,pathway_DNA Repair
RAD51,TP53,0.5028,pathway_DNA Repair
TP53,MLH1,0.5626,pathway_DNA Repair
MLH1,TP53,0.5617,pathway_DNA Repair
TP53,MSH2,0.6509,pathway_DNA Repair
MSH2,TP53,0.49,pathway_DNA Repair
TP53,PARP1,0.4302,pathway_DNA Repair
PARP1,TP53,0.426,pathway_DNA Repair
BRCA2,BRCA1,0.5345,pathway_DNA Repair
ATM,BRCA1,0.4997,pathway_DNA Repair
BRCA1,ATR,0.496,pathway_DNA Repair
ATR,BRCA1,0.3565,pathway_DNA Repair
BRCA1,CHEK1,0.6074,pathway_DNA Repair
CHEK1,BRCA1,0.4055,pathway_DNA Repair
BRCA1,CHEK2,0.3988,pathway_DNA Repair
CHEK2,BRCA1,0.4851,pathway_DNA Repair
BRCA1,RAD51,0.4111,pathway_DNA Repair
RAD51,BRCA1,0.5535,pathway_DNA Repair
BRCA1,MLH1,0.4686,pathway_DNA Repair
MLH1,BRCA1,0.4996,pathway_DNA Repair
BRCA1,MSH2,0.5349,pathway_DNA Repair
MSH2,BRCA1,0.4014,pathway_DNA Repair
BRCA1,PARP1,0.3823,pathway_DNA Repair
PARP1,BRCA1,0.6722,pathway_DNA Repair
BRCA2,ATM,0.4935,pathway_DNA Repair
ATM,BRCA2,0.4848,pathway_DNA Repair
BRCA2,ATR,0.3342,pathway_DNA Repair
ATR,BRCA2,0.5192,pathway_DNA Repair
BRCA2,CHEK1,0.5417,pathway_DNA Repair
CHEK1,BRCA2,0.5435,pathway_DNA Repair
BRCA2,CHEK2,0.6028,pathway_DNA Repair
CHEK2,BRCA2,0.391,pathway_DNA Repair
RAD51,BRCA2,0.4209,pathway_DNA Repair
BRCA2,MLH1,0.6443,pathway_DNA Repair
MLH1,BRCA2,0.6989,pathway_DNA Repair
BRCA2,MSH2,0.3744,pathway_DNA Repair
MSH2,BRCA2,0.5191,pathway_DNA Repair
BRCA2,PARP1,0.4057,pathway_DNA Repair
ATM,ATR,0.344,pathway_DNA Repair
ATR,ATM,0.4502,pathway_DNA Repair
ATM,CHEK1,0.3775,pathway_DNA Repair
CHEK1,ATM,0.604,pathway_DNA Repair
ATM,CHEK2,0.5335,pathway_DNA Repair
CHEK2,ATM,0.3775,pathway_DNA Repair
ATM,RAD51,0.3237,pathway_DNA Repair
RAD51,ATM,0.6433,pathway_DNA Repair
ATM,MLH1,0.3905,pathway_DNA Repair
MLH1,ATM,0.5625,pathway_DNA Repair
ATM,MSH2,0.4548,pathway_DNA Repair
MSH2,ATM,0.5542,pathway_DNA Repair
ATM,PARP1,0.4463,pathway_DNA Repair
PARP1,ATM,0.3548,pathway_DNA Repair
ATR,CHEK1,0.4092,pathway_DNA Repair
CHEK1,ATR,0.3952,pathway_DNA Repair
ATR,CHEK2,0.4912,pathway_DNA Repair
CHEK2,ATR,0.5833,pathway_DNA Repair
ATR,RAD51,0.4255,pathway_DNA Repair
RAD51,ATR,0.3248,pathway_DNA Repair
ATR,MLH1,0.5276,pathway_DNA Repair
MLH1,ATR,0.5623,pathway_DNA Repair
ATR,MSH2,0.7051,pathway_DNA Repair
MSH2,ATR,0.5558,pathway_DNA Repair
ATR,PARP1,0.5085,pathway_DNA Repair
PARP1,ATR,0.5494,pathway_DNA Repair
CHEK1,CHEK2,0.6912,pathway_DNA Repair
CHEK2,CHEK1,0.6514,pathway_DNA Repair
CHEK1,RAD51,0.4492,pathway_DNA Repair
RAD51,CHEK1,0.4149,pathway_DNA Repair
CHEK1,MLH1,0.4251,pathway_DNA Repair
MLH1,CHEK1,0.5218,pathway_DNA Repair
CHEK1,MSH2,0.6176,pathway_DNA Repair
MSH2,CHEK1,0.5213,pathway_DNA Repair
CHEK1,PARP1,0.3471,pathway_DNA Repair
PARP1,CHEK1,0.6094,pathway_DNA Repair
CHEK2,RAD51,0.6424,pathway_DNA Repair
RAD51,CHEK2,0.4358,pathway_DNA Repair
CHEK2,MLH1,0.5857,pathway_DNA Repair
MLH1,CHEK2,0.4906,pathway_DNA Repair
CHEK2,MSH2,0.6756,pathway_DNA Repair
MSH2,CHEK2,0.6581,pathway_DNA Repair
CHEK2,PARP1,0.5302,pathway_DNA Repair
PARP1,CHEK2,0.5966,pathway_DNA Repair
RAD51,MLH1,0.6733,pathway_DNA Repair
MLH1,RAD51,0.5183,pathway_DNA Repair
RAD51,MSH2,0.4453,pathway_DNA Repair
MSH2,RAD51,0.6215,pathway_DNA Repair
RAD51,PARP1,0.408,pathway_DNA Repair
PARP1,RAD51,0.4754,pathway_DNA Repair
MLH1,MSH2,0.6663,pathway_DNA Repair
MSH2,MLH1,0.6098,pathway_DNA Repair
MLH1,PARP1,0.4815,pathway_DNA Repair
PARP1,MLH1,0.4059,pathway_DNA Repair
MSH2,PARP1,0.4624,pathway_DNA Repair
PARP1,MSH2,0.4336,pathway_DNA Repair
PIK3CA,AKT1,0.3904,pathway_PI3K/mTOR
AKT1,PIK3CA,0.6173,pathway_PI3K/mTOR
PIK3CA,MTOR,0.4208,pathway_PI3K/mTOR
MTOR,PIK3CA,0.5017,pathway_PI3K/mTOR
PIK3CA,PTEN,0.4743,pathway_PI3K/mTOR
PTEN,PIK3CA,0.7128,pathway_PI3K/mTOR
PIK3CA,RICTOR,0.4764,pathway_PI3K/mTOR
RICTOR,PIK3CA,0.352,pathway_PI3K/mTOR
PIK3CA,RPTOR,0.3559,pathway_PI3K/mTOR
RPTOR,PIK3CA,0.5563,pathway_PI3K/mTOR
PIK3CA,TSC1,0.5597,pathway_PI3K/mTOR
TSC1,PIK3CA,0.4875,pathway_PI3K/mTOR
PIK3CA,TSC2,0.4927,pathway_PI3K/mTOR
TSC2,PIK3CA,0.3416,pathway_PI3K/mTOR
AKT1,MTOR,0.5266,pathway_PI3K/mTOR
MTOR,AKT1,0.5219,pathway_PI3K/mTOR
AKT1,PTEN,0.3798,pathway_PI3K/mTOR
PTEN,AKT1,0.3615,pathway_PI3K/mTOR
AKT1,RICTOR,0.3694,pathway_PI3K/mTOR
RICTOR,AKT1,0.3604,pathway_PI3K/mTOR
AKT1,RPTOR,0.5639,pathway_PI3K/mTOR
RPTOR,AKT1,0.3986,pathway_PI3K/mTOR
AKT1,TSC1,0.4206,pathway_PI3K/mTOR
TSC1,AKT1,0.3894,pathway_PI3K/mTOR
AKT1,TSC2,0.7031,pathway_PI3K/mTOR
TSC2,AKT1,0.6618,pathway_PI3K/mTOR
MTOR,PTEN,0.4122,pathway_PI3K/mTOR
PTEN,MTOR,0.451,pathway_PI3K/mTOR
MTOR,RICTOR,0.404,pathway_PI3K/mTOR
RICTOR,MTOR,0.5168,pathway_PI3K/mTOR
MTOR,RPTOR,0.3278,pathway_PI3K/mTOR
RPTOR,MTOR,0.5885,pathway_PI3K/mTOR
MTOR,TSC1,0.5293,pathway_PI3K/mTOR
TSC1,MTOR,0.6795,pathway_PI3K/mTOR
MTOR,TSC2,0.3858,pathway_PI3K/mTOR
TSC2,MTOR,0.6416,pathway_PI3K/mTOR
PTEN,RICTOR,0.6368,pathway_PI3K/mTOR
RICTOR,PTEN,0.3709,pathway_PI3K/mTOR
PTEN,RPTOR,0.4794,pathway_PI3K/mTOR
RPTOR,PTEN,0.3881,pathway_PI3K/mTOR
PTEN,TSC1,0.4219,pathway_PI3K/mTOR
TSC1,PTEN,0.4253,pathway_PI3K/mTOR
PTEN,TSC2,0.5425,pathway_PI3K/mTOR
TSC2,PTEN,0.4846,pathway_PI3K/mTOR
RICTOR,RPTOR,0.6991,pathway_PI3K/mTOR
RPTOR,RICTOR,0.3705,pathway_PI3K/mTOR
RICTOR,TSC1,0.7095,pathway_PI3K/mTOR
TSC1,RICTOR,0.4123,pathway_PI3K/mTOR
RICTOR,TSC2,0.6291,pathway_PI3K/mTOR
TSC2,RICTOR,0.4556,pathway_PI3K/mTOR
RPTOR,TSC1,0.3772,pathway_PI3K/mTOR
TSC1,RPTOR,0.6632,pathway_PI3K/mTOR
RPTOR,TSC2,0.4435,pathway_PI3K/mTOR
TSC2,RPTOR,0.5835,pathway_PI3K/mTOR
TSC1,TSC2,0.5466,pathway_PI3K/mTOR
TSC2,TSC1,0.5087,pathway_PI3K/mTOR
KRAS,NRAS,0.5183,pathway_RAS/MAPK
NRAS,KRAS,0.6129,pathway_RAS/MAPK
KRAS,BRAF,0.3551,pathway_RAS/MAPK
BRAF,KRAS,0.5873,pathway_RAS/MAPK
KRAS,RAF1,0.6783,pathway_RAS/MAPK
RAF1,KRAS,0.3431,pathway_RAS/MAPK
KRAS,MAP2K1,0.3763,pathway_RAS/MAPK
MAP2K1,KRAS,0.6067,pathway_RAS/MAPK
KRAS,MAPK1,0.4949,pathway_RAS/MAPK
MAPK1,KRAS,0.4814,pathway_RAS/MAPK
KRAS,MAPK3,0.3748,pathway_RAS/MAPK
MAPK3,KRAS,0.5227,pathway_RAS/MAPK
KRAS,SOS1,0.3706,pathway_RAS/MAPK
SOS1,KRAS,0.5106,pathway_RAS/MAPK
NRAS,BRAF,0.6254,pathway_RAS/MAPK
BRAF,NRAS,0.4233,pathway_RAS/MAPK
NRAS,RAF1,0.5123,pathway_RAS/MAPK
RAF1,NRAS,0.7168,pathway_RAS/MAPK
NRAS,MAP2K1,0.5947,pathway_RAS/MAPK
MAP2K1,NRAS,0.6565,pathway_RAS/MAPK
NRAS,MAPK1,0.4859,pathway_RAS/MAPK
MAPK1,NRAS,0.6271,pathway_RAS/MAPK
NRAS,MAPK3,0.3362,pathway_RAS/MAPK
MAPK3,NRAS,0.3692,pathway_RAS/MAPK
NRAS,SOS1,0.4012,pathway_RAS/MAPK
SOS1,NRAS,0.4808,pathway_RAS/MAPK
BRAF,RAF1,0.6583,pathway_RAS/MAPK
RAF1,BRAF,0.4585,pathway_RAS/MAPK
BRAF,MAP2K1,0.5818,pathway_RAS/MAPK
MAP2K1,BRAF,0.6037,pathway_RAS/MAPK
BRAF,MAPK1,0.5545,pathway_RAS/MAPK
MAPK1,BRAF,0.4629,pathway_RAS/MAPK
BRAF,MAPK3,0.5508,pathway_RAS/MAPK
MAPK3,BRAF,0.4569,pathway_RAS/MAPK
BRAF,SOS1,0.3535,pathway_RAS/MAPK
SOS1,BRAF,0.7171,pathway_RAS/MAPK
RAF1,MAP2K1,0.3709,pathway_RAS/MAPK
MAP2K1,RAF1,0.3489,pathway_RAS/MAPK
RAF1,MAPK1,0.6714,pathway_RAS/MAPK
MAPK1,RAF1,0.4407,pathway_RAS/MAPK
RAF1,MAPK3,0.5801,pathway_RAS/MAPK
MAPK3,RAF1,0.4516,pathway_RAS/MAPK
RAF1,SOS1,0.4766,pathway_RAS/MAPK
SOS1,RAF1,0.4248,pathway_RAS/MAPK
MAP2K1,MAPK1,0.4572,pathway_RAS/MAPK
MAPK1,MAP2K1,0.4843,pathway_RAS/MAPK
MAP2K1,MAPK3,0.6082,pathway_RAS/MAPK
MAPK3,MAP2K1,0.5246,pathway_RAS/MAPK
MAP2K1,SOS1,0.6974,pathway_RAS/MAPK
SOS1,MAP2K1,0.3368,pathway_RAS/MAPK
MAPK1,MAPK3,0.5212,pathway_RAS/MAPK
MAPK3,MAPK1,0.5537,pathway_RAS/MAPK
MAPK1,SOS1,0.6881,pathway_RAS/MAPK
SOS1,MAPK1,0.3397,pathway_RAS/MAPK
MAPK3,SOS1,0.5494,pathway_RAS/MAPK
SOS1,MAPK3,0.6615,pathway_RAS/MAPK
STAT3,JAK1,0.4168,pathway_JAK/STAT
JAK1,STAT3,0.6705,pathway_JAK/STAT
JAK2,STAT3,0.3276,pathway_JAK/STAT
SOCS1,STAT3,0.613,pathway_JAK/STAT
STAT3,IL6ST,0.6932,pathway_JAK/STAT
IL6ST,STAT3,0.5829,pathway_JAK/STAT
JAK1,JAK2,0.4956,pathway_JAK/STAT
JAK2,JAK1,0.338,pathway_JAK/STAT
JAK1,SOCS1,0.688,pathway_JAK/STAT
SOCS1,JAK1,0.5081,pathway_JAK/STAT
JAK1,IL6ST,0.3316,pathway_JAK/STAT
IL6ST,JAK1,0.5959,pathway_JAK/STAT
JAK1,STAT1,0.5127,pathway_JAK/STAT
STAT1,JAK1,0.3697,pathway_JAK/STAT
JAK2,SOCS1,0.4057,pathway_JAK/STAT
SOCS1,JAK2,0.3458,pathway_JAK/STAT
JAK2,IL6ST,0.5497,pathway_JAK/STAT
IL6ST,JAK2,0.5688,pathway_JAK/STAT
JAK2,STAT1,0.5223,pathway_JAK/STAT
SOCS1,IL6ST,0.6468,pathway_JAK/STAT
IL6ST,SOCS1,0.6644,pathway_JAK/STAT
SOCS1,STAT1,0.5662,pathway_JAK/STAT
STAT1,SOCS1,0.3251,pathway_JAK/STAT
IL6ST,STAT1,0.5981,pathway_JAK/STAT
STAT1,IL6ST,0.4872,pathway_JAK/STAT
CTNNB1,APC,0.5462,pathway_WNT
APC,CTNNB1,0.5796,pathway_WNT
CTNNB1,AXIN1,0.4601,pathway_WNT
AXIN1,CTNNB1,0.6868,pathway_WNT
CTNNB1,GSK3B,0.3736,pathway_WNT
GSK3B,CTNNB1,0.5886,pathway_WNT
CTNNB1,TCF7L2,0.3217,pathway_WNT
CTNNB1,LEF1,0.6899,pathway_WNT
CTNNB1,DVL1,0.365,pathway_WNT
DVL1,CTNNB1,0.358,pathway_WNT
APC,AXIN1,0.4532,pathway_WNT
AXIN1,APC,0.4694,pathway_WNT
APC,GSK3B,0.4057,pathway_WNT
GSK3B,APC,0.554,pathway_WNT
APC,TCF7L2,0.4972,pathway_WNT
TCF7L2,APC,0.3337,pathway_WNT
APC,LEF1,0.4479,pathway_WNT
LEF1,APC,0.6442,pathway_WNT
APC,DVL1,0.5959,pathway_WNT
DVL1,APC,0.6099,pathway_WNT
AXIN1,GSK3B,0.5992,pathway_WNT
GSK3B,AXIN1,0.4444,pathway_WNT
AXIN1,TCF7L2,0.3599,pathway_WNT
TCF7L2,AXIN1,0.429,pathway_WNT
AXIN1,LEF1,0.6527,pathway_WNT
LEF1,AXIN1,0.7122,pathway_WNT
AXIN1,DVL1,0.5175,pathway_WNT
DVL1,AXIN1,0.3239,pathway_WNT
GSK3B,TCF7L2,0.376,pathway_WNT
TCF7L2,GSK3B,0.4488,pathway_WNT
GSK3B,LEF1,0.5514,pathway_WNT
LEF1,GSK3B,0.35,pathway_WNT
GSK3B,DVL1,0.6973,pathway_WNT
DVL1,GSK3B,0.466,pathway_WNT
TCF7L2,LEF1,0.685,pathway_WNT
LEF1,TCF7L2,0.6322,pathway_WNT
TCF7L2,DVL1,0.6222,pathway_WNT
DVL1,TCF7L2,0.5627,pathway_WNT
LEF1,DVL1,0.5707,pathway_WNT
DVL1,LEF1,0.5752,pathway_WNT
NFKB1,RELA,0.5715,pathway_NF-kB
NFKB1,IKBKB,0.5415,pathway_NF-kB
IKBKB,NFKB1,0.7146,pathway_NF-kB
NFKB1,IKBKG,0.6129,pathway_NF-kB
IKBKG,NFKB1,0.6308,pathway_NF-kB
TNF,NFKB1,0.669,pathway_NF-kB
IL1B,NFKB1,0.4063,pathway_NF-kB
NFKB1,MYD88,0.3535,pathway_NF-kB
MYD88,NFKB1,0.5132,pathway_NF-kB
RELA,IKBKB,0.5256,pathway_NF-kB
IKBKB,RELA,0.6517,pathway_NF-kB
RELA,IKBKG,0.4975,pathway_NF-kB
IKBKG,RELA,0.5483,pathway_NF-kB
TNF,RELA,0.5308,pathway_NF-kB
IL1B,RELA,0.3353,pathway_NF-kB
RELA,MYD88,0.5661,pathway_NF-kB
MYD88,RELA,0.6512,pathway_NF-kB
IKBKB,IKBKG,0.383,pathway_NF-kB
IKBKG,IKBKB,0.5577,pathway_NF-kB
IKBKB,TNF,0.5574,pathway_NF-kB
TNF,IKBKB,0.3857,pathway_NF-kB
IKBKB,IL1B,0.3694,pathway_NF-kB
IL1B,IKBKB,0.712,pathway_NF-kB
IKBKB,MYD88,0.4775,pathway_NF-kB
MYD88,IKBKB,0.411,pathway_NF-kB
IKBKG,TNF,0.3885,pathway_NF-kB
TNF,IKBKG,0.587,pathway_NF-kB
IKBKG,IL1B,0.5638,pathway_NF-kB
IL1B,IKBKG,0.5774,pathway_NF-kB
IKBKG,MYD88,0.3552,pathway_NF-kB
MYD88,IKBKG,0.6774,pathway_NF-kB
TNF,IL1B,0.4757,pathway_NF-kB
IL1B,TNF,0.4453,pathway_NF-kB
TNF,MYD88,0.5049,pathway_NF-kB
MYD88,TNF,0.476,pathway_NF-kB
IL1B,MYD88,0.6654,pathway_NF-kB
MYD88,IL1B,0.6917,pathway_NF-kB
SMAD2,SMAD3,0.4414,pathway_TGF-beta
SMAD3,SMAD2,0.6656,pathway_TGF-beta
SMAD2,SMAD4,0.6326,pathway_TGF-beta
SMAD4,SMAD2,0.6923,pathway_TGF-beta
SMAD2,TGFB1,0.4183,pathway_TGF-beta
TGFB1,SMAD2,0.5508,pathway_TGF-beta
SMAD2,TGFBR1,0.4298,pathway_TGF-beta
TGFBR1,SMAD2,0.6496,pathway_TGF-beta
SMAD2,TGFBR2,0.3221,pathway_TGF-beta
TGFBR2,SMAD2,0.5459,pathway_TGF-beta
SMAD3,SMAD4,0.4557,pathway_TGF-beta
SMAD4,SMAD3,0.4491,pathway_TGF-beta
TGFB1,SMAD3,0.578,pathway_TGF-beta
SMAD3,TGFBR1,0.6606,pathway_TGF-beta
TGFBR1,SMAD3,0.5637,pathway_TGF-beta
SMAD3,TGFBR2,0.6613,pathway_TGF-beta
TGFBR2,SMAD3,0.4258,pathway_TGF-beta
TGFB1,SMAD4,0.5278,pathway_TGF-beta
SMAD4,TGFBR1,0.5002,pathway_TGF-beta
TGFBR1,SMAD4,0.3247,pathway_TGF-beta
SMAD4,TGFBR2,0.5427,pathway_TGF-beta
TGFBR2,SMAD4,0.5846,pathway_TGF-beta
TGFB1,TGFBR1,0.5568,pathway_TGF-beta
TGFBR1,TGFB1,0.6145,pathway_TGF-beta
TGFB1,TGFBR2,0.5485,pathway_TGF-beta
TGFBR2,TGFB1,0.3467,pathway_TGF-beta
TGFBR1,TGFBR2,0.3666,pathway_TGF-beta
TGFBR2,TGFBR1,0.5586,pathway_TGF-beta
NOTCH1,NOTCH2,0.43,pathway_NOTCH
NOTCH2,NOTCH1,0.3519,pathway_NOTCH
NOTCH1,NOTCH3,0.4918,pathway_NOTCH
NOTCH3,NOTCH1,0.5417,pathway_NOTCH
NOTCH1,JAG1,0.4515,pathway_NOTCH
JAG1,NOTCH1,0.6082,pathway_NOTCH
NOTCH1,DLL1,0.5775,pathway_NOTCH
DLL1,NOTCH1,0.4531,pathway_NOTCH
NOTCH1,HES1,0.6219,pathway_NOTCH
HES1,NOTCH1,0.5795,pathway_NOTCH
NOTCH1,HEY1,0.575,pathway_NOTCH
HEY1,NOTCH1,0.5414,pathway_NOTCH
NOTCH2,NOTCH3,0.3246,pathway_NOTCH
NOTCH3,NOTCH2,0.5986,pathway_NOTCH
NOTCH2,JAG1,0.4704,pathway_NOTCH
JAG1,NOTCH2,0.697,pathway_NOTCH
NOTCH2,DLL1,0.6472,pathway_NOTCH
DLL1,NOTCH2,0.5551,pathway_NOTCH
NOTCH2,HES1,0.4209,pathway_NOTCH
HES1,NOTCH2,0.4015,pathway_NOTCH
NOTCH2,HEY1,0.4562,pathway_NOTCH
HEY1,NOTCH2,0.5106,pathway_NOTCH
NOTCH3,JAG1,0.4384,pathway_NOTCH
JAG1,NOTCH3,0.526,pathway_NOTCH
NOTCH3,DLL1,0.3861,pathway_NOTCH
DLL1,NOTCH3,0.7111,pathway_NOTCH
HES1,NOTCH3,0.3632,pathway_NOTCH
NOTCH3,HEY1,0.6928,pathway_NOTCH
HEY1,NOTCH3,0.6854,pathway_NOTCH
JAG1,DLL1,0.5301,pathway_NOTCH
DLL1,JAG1,0.61,pathway_NOTCH
JAG1,HES1,0.4944,pathway_NOTCH
HES1,JAG1,0.572,pathway_NOTCH
JAG1,HEY1,0.4562,pathway_NOTCH
HEY1,JAG1,0.4405,pathway_NOTCH
DLL1,HES1,0.5513,pathway_NOTCH
HES1,DLL1,0.5193,pathway_NOTCH
DLL1,HEY1,0.5518,pathway_NOTCH
HEY1,DLL1,0.4347,pathway_NOTCH
HES1,HEY1,0.4668,pathway_NOTCH
HEY1,HES1,0.3536,pathway_NOTCH
ARID1A,EZH2,0.3409,pathway_Epigenetics
EZH2,ARID1A,0.4214,pathway_Epigenetics
ARID1A,SUZ12,0.3497,pathway_Epigenetics
SUZ12,ARID1A,0.3615,pathway_Epigenetics
ARID1A,EED,0.6452,pathway_Epigenetics
EED,ARID1A,0.3355,pathway_Epigenetics
ARID1A,DNMT1,0.5836,pathway_Epigenetics
DNMT1,ARID1A,0.429,pathway_Epigenetics
ARID1A,DNMT3A,0.6686,pathway_Epigenetics
DNMT3A,ARID1A,0.514,pathway_Epigenetics
ARID1A,HDAC1,0.4422,pathway_Epigenetics
HDAC1,ARID1A,0.5271,pathway_Epigenetics
ARID1A,SMARCA4,0.4728,pathway_Epigenetics
SMARCA4,ARID1A,0.5457,pathway_Epigenetics
ARID1A,KDM6A,0.3658,pathway_Epigenetics
KDM6A,ARID1A,0.7188,pathway_Epigenetics
EZH2,SUZ12,0.4902,pathway_Epigenetics
SUZ12,EZH2,0.4593,pathway_Epigenetics
EZH2,EED,0.6041,pathway_Epigenetics
EED,EZH2,0.4656,pathway_Epigenetics
EZH2,DNMT1,0.6533,pathway_Epigenetics
DNMT1,EZH2,0.5017,pathway_Epigenetics
EZH2,DNMT3A,0.6078,pathway_Epigenetics
DNMT3A,EZH2,0.363,pathway_Epigenetics
HDAC1,EZH2,0.6584,pathway_Epigenetics
EZH2,SMARCA4,0.6143,pathway_Epigenetics
SMARCA4,EZH2,0.4047,pathway_Epigenetics
EZH2,KDM6A,0.3781,pathway_Epigenetics
KDM6A,EZH2,0.4465,pathway_Epigenetics
SUZ12,EED,0.7104,pathway_Epigenetics
EED,SUZ12,0.4227,pathway_Epigenetics
SUZ12,DNMT1,0.5025,pathway_Epigenetics
DNMT1,SUZ12,0.332,pathway_Epigenetics
SUZ12,DNMT3A,0.4789,pathway_Epigenetics
DNMT3A,SUZ12,0.5485,pathway_Epigenetics
SUZ12,HDAC1,0.7012,pathway_Epigenetics
HDAC1,SUZ12,0.5267,pathway_Epigenetics
SUZ12,SMARCA4,0.6476,pathway_Epigenetics
SMARCA4,SUZ12,0.5389,pathway_Epigenetics
SUZ12,KDM6A,0.3363,pathway_Epigenetics
KDM6A,SUZ12,0.446,pathway_Epigenetics
EED,DNMT1,0.5502,pathway_Epigenetics
DNMT1,EED,0.7002,pathway_Epigenetics
EED,DNMT3A,0.6637,pathway_Epigenetics
DNMT3A,EED,0.4113,pathway_Epigenetics
EED,HDAC1,0.408,pathway_Epigenetics
HDAC1,EED,0.4005,pathway_Epigenetics
EED,SMARCA4,0.689,pathway_Epigenetics
SMARCA4,EED,0.6611,pathway_Epigenetics
EED,KDM6A,0.63,pathway_Epigenetics
KDM6A,EED,0.4771,pathway_Epigenetics
DNMT1,DNMT3A,0.5218,pathway_Epigenetics
DNMT3A,DNMT1,0.5057,pathway_Epigenetics
DNMT1,SMARCA4,0.4214,pathway_Epigenetics
SMARCA4,DNMT1,0.522,pathway_Epigenetics
DNMT1,KDM6A,0.3322,pathway_Epigenetics
KDM6A,DNMT1,0.3727,pathway_Epigenetics
DNMT3A,HDAC1,0.6746,pathway_Epigenetics
HDAC1,DNMT3A,0.6207,pathway_Epigenetics
DNMT3A,SMARCA4,0.4891,pathway_Epigenetics
SMARCA4,DNMT3A,0.5269,pathway_Epigenetics
DNMT3A,KDM6A,0.468,pathway_Epigenetics
KDM6A,DNMT3A,0.6163,pathway_Epigenetics
HDAC1,SMARCA4,0.6337,pathway_Epigenetics
SMARCA4,HDAC1,0.6253,pathway_Epigenetics
HDAC1,KDM6A,0.609,pathway_Epigenetics
KDM6A,HDAC1,0.4018,pathway_Epigenetics
SMARCA4,KDM6A,0.4552,pathway_Epigenetics
KDM6A,SMARCA4,0.5079,pathway_Epigenetics
EGFR,ERBB2,0.4523,pathway_RTK
ERBB2,EGFR,0.622,pathway_RTK
EGFR,FGFR1,0.4517,pathway_RTK
FGFR1,EGFR,0.3753,pathway_RTK
EGFR,FLT3,0.4796,pathway_RTK
FLT3,EGFR,0.712,pathway_RTK
EGFR,KIT,0.4104,pathway_RTK
KIT,EGFR,0.5649,pathway_RTK
EGFR,MET,0.4932,pathway_RTK
MET,EGFR,0.3484,pathway_RTK
EGFR,PDGFRA,0.5152,pathway_RTK
PDGFRA,EGFR,0.6009,pathway_RTK
EGFR,RET,0.5253,pathway_RTK
RET,EGFR,0.6688,pathway_RTK
EGFR,ALK,0.4356,pathway_RTK
ALK,EGFR,0.3545,pathway_RTK
ERBB2,FGFR1,0.6946,pathway_RTK
FGFR1,ERBB2,0.4713,pathway_RTK
ERBB2,FLT3,0.5506,pathway_RTK
FLT3,ERBB2,0.6368,pathway_RTK
ERBB2,KIT,0.4497,pathway_RTK
KIT,ERBB2,0.6065,pathway_RTK
ERBB2,MET,0.3742,pathway_RTK
MET,ERBB2,0.4365,pathway_RTK
ERBB2,PDGFRA,0.3779,pathway_RTK
PDGFRA,ERBB2,0.6445,pathway_RTK
ERBB2,RET,0.4091,pathway_RTK
RET,ERBB2,0.607,pathway_RTK
ERBB2,ALK,0.6973,pathway_RTK
ALK,ERBB2,0.5311,pathway_RTK
FGFR1,FLT3,0.536,pathway_RTK
FLT3,FGFR1,0.5044,pathway_RTK
FGFR1,KIT,0.4504,pathway_RTK
KIT,FGFR1,0.5103,pathway_RTK
FGFR1,MET,0.5611,pathway_RTK
MET,FGFR1,0.7144,pathway_RTK
FGFR1,PDGFRA,0.6951,pathway_RTK
PDGFRA,FGFR1,0.6649,pathway_RTK
FGFR1,RET,0.6757,pathway_RTK
RET,FGFR1,0.5071,pathway_RTK
FGFR1,ALK,0.583,pathway_RTK
ALK,FGFR1,0.678,pathway_RTK
FLT3,KIT,0.4772,pathway_RTK
KIT,FLT3,0.7047,pathway_RTK
FLT3,MET,0.4863,pathway_RTK
MET,FLT3,0.5604,pathway_RTK
FLT3,PDGFRA,0.6039,pathway_RTK
PDGFRA,FLT3,0.7002,pathway_RTK
FLT3,RET,0.4178,pathway_RTK
RET,FLT3,0.6185,pathway_RTK
FLT3,ALK,0.5283,pathway_RTK
ALK,FLT3,0.4274,pathway_RTK
KIT,MET,0.6306,pathway_RTK
MET,KIT,0.5409,pathway_RTK
KIT,PDGFRA,0.5844,pathway_RTK
PDGFRA,KIT,0.4492,pathway_RTK
KIT,RET,0.5125,pathway_RTK
RET,KIT,0.5669,pathway_RTK
KIT,ALK,0.482,pathway_RTK
ALK,KIT,0.3993,pathway_RTK
MET,PDGFRA,0.7047,pathway_RTK
PDGFRA,MET,0.5246,pathway_RTK
MET,RET,0.6136,pathway_RTK
RET,MET,0.4844,pathway_RTK
MET,ALK,0.4621,pathway_RTK
ALK,MET,0.4829,pathway_RTK
PDGFRA,RET,0.4837,pathway_RTK
RET,PDGFRA,0.5377,pathway_RTK
PDGFRA,ALK,0.5374,pathway_RTK
ALK,PDGFRA,0.5189,pathway_RTK
RET,ALK,0.3739,pathway_RTK
ALK,RET,0.5184,pathway_RTK
EGLN1,HIF1A,0.3876,pathway_Hypoxia
HIF1A,EPAS1,0.3705,pathway_Hypoxia
EPAS1,HIF1A,0.6931,pathway_Hypoxia
VHL,EGLN1,0.562,pathway_Hypoxia
EGLN1,VHL,0.5838,pathway_Hypoxia
VHL,EPAS1,0.4807,pathway_Hypoxia
EPAS1,VHL,0.6836,pathway_Hypoxia
VHL,ARNT,0.5752,pathway_Hypoxia
ARNT,VHL,0.6277,pathway_Hypoxia
EGLN1,EPAS1,0.4674,pathway_Hypoxia
EPAS1,EGLN1,0.704,pathway_Hypoxia
EGLN1,ARNT,0.6482,pathway_Hypoxia
ARNT,EGLN1,0.6616,pathway_Hypoxia
EPAS1,ARNT,0.3889,pathway_Hypoxia
ARNT,EPAS1,0.4284,pathway_Hypoxia
SNAI1,SNAI2,0.4343,pathway_Metastasis
SNAI2,SNAI1,0.4284,pathway_Metastasis
SNAI1,TWIST1,0.6622,pathway_Metastasis
TWIST1,SNAI1,0.3328,pathway_Metastasis
SNAI1,ZEB1,0.3504,pathway_Metastasis
ZEB1,SNAI1,0.4296,pathway_Metastasis
SNAI1,ZEB2,0.3999,pathway_Metastasis
ZEB2,SNAI1,0.4127,pathway_Metastasis
CDH1,SNAI1,0.6392,pathway_Metastasis
CDH2,SNAI1,0.5453,pathway_Metastasis
SNAI1,VIM,0.3223,pathway_Metastasis
VIM,SNAI1,0.4917,pathway_Metastasis
SNAI2,TWIST1,0.4832,pathway_Metastasis
TWIST1,SNAI2,0.3656,pathway_Metastasis
SNAI2,ZEB1,0.5905,pathway_Metastasis
ZEB1,SNAI2,0.6008,pathway_Metastasis
SNAI2,ZEB2,0.6084,pathway_Metastasis
ZEB2,SNAI2,0.6114,pathway_Metastasis
CDH1,SNAI2,0.32,pathway_Metastasis
CDH2,SNAI2,0.7016,pathway_Metastasis
SNAI2,VIM,0.6457,pathway_Metastasis
VIM,SNAI2,0.6816,pathway_Metastasis
TWIST1,ZEB1,0.3263,pathway_Metastasis
ZEB1,TWIST1,0.6935,pathway_Metastasis
TWIST1,ZEB2,0.6439,pathway_Metastasis
ZEB2,TWIST1,0.6549,pathway_Metastasis
CDH1,TWIST1,0.3573,pathway_Metastasis
CDH2,TWIST1,0.6155,pathway_Metastasis
TWIST1,VIM,0.704,pathway_Metastasis
VIM,TWIST1,0.5914,pathway_Metastasis
ZEB1,ZEB2,0.5482,pathway_Metastasis
ZEB2,ZEB1,0.6983,pathway_Metastasis
CDH1,ZEB1,0.4972,pathway_Metastasis
ZEB1,CDH2,0.5597,pathway_Metastasis
CDH2,ZEB1,0.5105,pathway_Metastasis
ZEB1,VIM,0.6931,pathway_Metastasis
VIM,ZEB1,0.3504,pathway_Metastasis
CDH1,ZEB2,0.5204,pathway_Metastasis
ZEB2,CDH2,0.5948,pathway_Metastasis
CDH2,ZEB2,0.6368,pathway_Metastasis
VIM,ZEB2,0.5532,pathway_Metastasis
CDH1,CDH2,0.6836,pathway_Metastasis
CDH2,CDH1,0.6968,pathway_Metastasis
CDH1,VIM,0.3457,pathway_Metastasis
VIM,CDH1,0.4809,pathway_Metastasis
CDH2,VIM,0.3294,pathway_Metastasis
VIM,CDH2,0.4518,pathway_Metastasis
CD274,PDCD1,0.5347,pathway_Immune
PDCD1,CD274,0.6843,pathway_Immune
CD274,CTLA4,0.6586,pathway_Immune
CTLA4,CD274,0.371,pathway_Immune
CD274,LAG3,0.3572,pathway_Immune
LAG3,CD274,0.5557,pathway_Immune
CD274,IDO1,0.5328,pathway_Immune
IDO1,CD274,0.4266,pathway_Immune
PDCD1,CTLA4,0.6798,pathway_Immune
CTLA4,PDCD1,0.6909,pathway_Immune
PDCD1,LAG3,0.481,pathway_Immune
LAG3,PDCD1,0.6761,pathway_Immune
PDCD1,IDO1,0.4736,pathway_Immune
IDO1,PDCD1,0.6147,pathway_Immune
CTLA4,LAG3,0.5104,pathway_Immune
LAG3,CTLA4,0.369,pathway_Immune
CTLA4,IDO1,0.6912,pathway_Immune
IDO1,CTLA4,0.5016,pathway_Immune
LAG3,IDO1,0.6138,pathway_Immune
IDO1,LAG3,0.4669,pathway_Immune
HK2,LDHA,0.3276,pathway_Metabolism
LDHA,HK2,0.3602,pathway_Metabolism
HK2,PKM,0.5185,pathway_Metabolism
PKM,HK2,0.596,pathway_Metabolism
HK2,GLS,0.4539,pathway_Metabolism
GLS,HK2,0.5982,pathway_Metabolism
HK2,FASN,0.5995,pathway_Metabolism
FASN,HK2,0.6016,pathway_Metabolism
HK2,SLC2A1,0.517,pathway_Metabolism
SLC2A1,HK2,0.686,pathway_Metabolism
LDHA,PKM,0.5157,pathway_Metabolism
PKM,LDHA,0.5001,pathway_Metabolism
LDHA,GLS,0.3998,pathway_Metabolism
GLS,LDHA,0.4431,pathway_Metabolism
LDHA,FASN,0.3369,pathway_Metabolism
FASN,LDHA,0.5734,pathway_Metabolism
LDHA,SLC2A1,0.4194,pathway_Metabolism
SLC2A1,LDHA,0.4417,pathway_Metabolism
PKM,GLS,0.6283,pathway_Metabolism
GLS,PKM,0.4509,pathway_Metabolism
PKM,FASN,0.4169,pathway_Metabolism
FASN,PKM,0.3876,pathway_Metabolism
PKM,SLC2A1,0.6299,pathway_Metabolism
SLC2A1,PKM,0.3719,pathway_Metabolism
GLS,FASN,0.5015,pathway_Metabolism
FASN,GLS,0.5228,pathway_Metabolism
GLS,SLC2A1,0.595,pathway_Metabolism
SLC2A1,GLS,0.5733,pathway_Metabolism
FASN,SLC2A1,0.6443,pathway_Metabolism
SLC2A1,FASN,0.3379,pathway_Metabolism
PIK3CA,KRAS,0.62,crosstalk
AKT1,BRAF,0.58,crosstalk
NFKB1,STAT3,0.71,crosstalk
SMAD4,SNAI1,0.74,crosstalk
EGFR,KRAS,0.85,crosstalk
EGFR,PIK3CA,0.82,crosstalk
ERBB2,PIK3CA,0.82,crosstalk
ARID1A,MTOR,0.48,crosstalk
HIF1A,HK2,0.81,crosstalk
GATA2,DIRAS3,0.4129,discovered
PTGES,GAD1,0.3239,discovered
AR,BCL2L11,0.4941,discovered
STAT1,PMAIP1,0.5137,discovered
MYCN,L3MBTL1,0.5468,discovered
CDKN1B,CYP7A1,0.4491,discovered
CREG1,CYP11A1,0.5828,discovered
HIP1R,PDK4,0.3615,discovered
HOXB7,NDUFV1,0.416,discovered
KDR,CDKN1A,0.4389,discovered
SP1,PAX3,0.4015,discovered
YBX1,EIF2AK1,0.3609,discovered
SMAD4,ATF4,0.4542,discovered
CEBPD,FCER1A,0.3826,discovered
SPIB,CDH1,0.4195,discovered
JUN,CEACAM1,0.5781,discovered
SP1,MCAM,0.3481,discovered
CAPN10,CXCL8,0.3251,discovered
ALB,EBNA1BP2,0.3039,discovered
TP53,CYP3A4,0.5769,discovered
AHR,HTT,0.3797,discovered
NFKB1,EAF2,0.4571,discovered
EGR1,INS,0.5395,discovered
MBD2,BAG3,0.3112,discovered
TP53,KRT15,0.5202,discovered
SPAG6,SHOX2,0.4283,discovered
GATA2,PLAU,0.5771,discovered
ATF6,VDR,0.3418,discovered
PITX1,CD24,0.3375,discovered
STAT6,NOL7,0.491,discovered
USF2,TNF,0.7722,discovered
RELA,SYN2,0.4761,discovered
GALNT3,MMP9,0.3798,discovered
HNF4A,IL5,0.5939,discovered
MAPK1,IL2,0.3347,discovered
TP63,FUT2,0.4206,discovered
DDX5,KRT12,0.3471,discovered
E2F4,IFNA1,0.5661,discovered
PAX6,TP53,0.4947,discovered
CDK6,XBP1,0.332,discovered
KLF8,MYC,0.3782,discovered
HIF1A,FBXO32,0.4129,discovered
ASPM,IFNA13,0.3628,discovered
SP3,BUB1B,0.5083,discovered
BSG,OXTR,0.7164,discovered
TFAP2A,IL23A,0.3483,discovered
AXIN1,GABPB1,0.3645,discovered
ERG,DDIT3,0.5389,discovered
SP1,INS,0.3375,discovered
HSF1,IL2RA,0.6191,discovered
SOX10,CDK2,0.3104,discovered
MTF1,CHGA,0.5755,discovered
CEBPA,WASF3,0.4787,discovered
E2F5,HMOX1,0.3765,discovered
HDAC3,MICA,0.3647,discovered
RELA,BTG3,0.4145,discovered
AR,HMGA1,0.3557,discovered
CREB1,FTO,0.4889,discovered
EGR1,DNMT1,0.403,discovered
NFKBIA,TRA,0.5693,discovered
FDFT1,CYP2E1,0.5741,discovered
RELA,GATA5,0.4519,discovered
BRCA1,INS,0.6142,discovered
SP3,LDHC,0.3103,discovered
SPIB,USP7,0.3703,discovered
NFIB,SCNN1A,0.4129,discovered
HIF1A,CDK4,0.4439,discovered
E2F3,SOX9,0.3624,discovered
EP300,DCN,0.3091,discovered
RFX2,POLR3D,0.5429,discovered
CREBBP,PRKCB,0.3513,discovered
RELA,ADM,0.6009,discovered
ATF2,TNPO1,0.5143,discovered
ERG,DAPK1,0.3275,discovered
WT1,TRAP,0.4044,discovered
ZBTB16,CDKN1A,0.3467,discovered
SP1,ICAM3,0.4635,discovered
NFKB1,PTPRZ1,0.5571,discovered
FABP4,ITGA5,0.3153,discovered
TP53,MYF6,0.3109,discovered
NFKB1,RHO,0.4499,discovered
F10,RASSF1,0.3918,discovered
HNF4A,FGF2,0.5302,discovered
MTF2,RICTOR,0.4453,discovered
JUN,TDG,0.4006,discovered
STAT3,YES1,0.361,discovered
STAT1,FOSL1,0.4516,discovered
NOTCH2,SPI1,0.3501,discovered
CYP2F1,SNAI2,0.4958,discovered
ADAM10,HIST2H4A,0.4062,discovered
ELK1,MKNK2,0.6355,discovered
NFYA,FOS,0.4737,discovered
GATA1,PIAS1,0.4624,discovered
RBMX,SLC22A2,0.3452,discovered
ING1,SMARCB1,0.3148,discovered
EOMES,ALDOB,0.3544,discovered
KRAS,ZNF652,0.4137,discovered
CEBPB,IFNG,0.4769,discovered
BAG1,ACO1,0.3156,discovered
FOXA1,IRF1,0.7551,discovered
HIF1A,PPARG,0.4315,discovered
NKX2-5,IL10,0.3224,discovered
CREB3L1,AXIN1,0.4513,discovered
SPEN,TSC2,0.3102,discovered
TOE1,SRY,0.3046,discovered
SP1,HP,0.5406,discovered
UHRF1,GLRA1,0.432,discovered
PAX2,IGF1R,0.5028,discovered
RUNX3,TNFRSF10B,0.6087,discovered
ETS2,BRCA2,0.3724,discovered
AHR,POR,0.4105,discovered
YY1,STAT3,0.4115,discovered
GABRB3,LOXL2,0.406,discovered
PFKP,CSH1,0.5219,discovered
MEN1,HOXB7,0.3728,discovered
ATF2,MCM5,0.3855,discovered
SLC22A10,IL6,0.4115,discovered
FOXE1,CHEK1,0.3631,discovered
NFKB1,NFKB2,0.3722,discovered
JUN,PTEN,0.3818,discovered
STAT1,SKP2,0.7115,discovered
PDX1,VWF,0.6373,discovered
MYC,EPHB2,0.4034,discovered
MTA1,BMI1,0.3456,discovered
EZH2,TBX5,0.378,discovered
STAT1,MLH1,0.5963,discovered
ANGPTL4,CCL13,0.4091,discovered
MCL1,TNF,0.6994,discovered
NANOG,SOX3,0.5322,discovered
BACH2,RPS3A,0.3222,discovered
SPI1,LDHC,0.3271,discovered
CNOT8,HDAC9,0.608,discovered
CREM,IRF7,0.3775,discovered
KDM2A,MUC4,0.445,discovered
HSF1,MYD88,0.5466,discovered
CREB5,MYB,0.3796,discovered
SMAD4,CGB5,0.5609,discovered
HDAC1,CDC25A,0.5316,discovered
PKLR,VEGFA,0.3623,discovered
SP1,MTF1,0.6403,discovered
RUNX1,ULBP1,0.5742,discovered
FMN2,IRF5,0.5417,discovered
NR1H3,RAF1,0.5611,discovered
EP300,IGF1R,0.3499,discovered
SP1,WISP2,0.499,discovered
MYC,STAT1,0.4834,discovered
TWIST2,SIGIRR,0.4502,discovered
LEF1,GATA1,0.4592,discovered
MITF,MUC1,0.3482,discovered
HSD3B2,TNFAIP3,0.4591,discovered
CSF2RA,IVL,0.3442,discovered
HNF1A,AQP3,0.392,discovered
RUNX1,TGFBR1,0.4593,discovered
FOXM1,TWIST1,0.4418,discovered
ERICD,PDGFRA,0.5504,discovered
ARID3A,CFTR,0.4595,discovered
STAT6,PF4,0.3452,discovered
SP1,CXCR5,0.3704,discovered
TIMP2,HLA-DRA,0.4377,discovered
NQO2,OTC,0.5214,discovered
SP1,FUT2,0.493,discovered
UXT,SRC,0.3956,discovered
OTX1,MMP14,0.3784,discovered
ZNF350,IL2,0.4361,discovered
SP1,PDK2,0.4432,discovered
STAT5A,TCF4,0.3396,discovered
AURKB,PRDM2,0.4791,discovered
DR1,DICER1,0.6722,discovered
PAX5,CD70,0.3813,discovered
TWIST1,SIRT2,0.5085,discovered
E2F3,HOXD3,0.331,discovered
HDAC1,SLC9A2,0.3678,discovered
POU2F2,IFNG,0.5572,discovered
LMO3,FAT1,0.3336,discovered
FOS,PIAS3,0.4825,discovered
RUNX3,TUBB3,0.7447,discovered
MYC,IVL,0.4588,discovered
SP1,JAK1,0.3052,discovered
RFX2,HLA-DRB4,0.4612,discovered
EZH2,PAX6,0.3567,discovered
EWSR1,ACACB,0.4607,discovered
NFATC1,MEP1A,0.3234,discovered
LHX2,IRF7,0.3859,discovered
HDAC10,HNF4A,0.3319,discovered
SERPINB9,PDGFRA,0.3768,discovered
JUN,PTH,0.4501,discovered
HDAC3,BIRC3,0.4088,discovered
SCD5,PTPN13,0.3899,discovered
GATA1,CDC25A,0.3592,discovered
SIX1,IPO7,0.3079,discovered
CHEK2,U2AF2,0.4548,discovered
TP63,MEP1A,0.5014,discovered
TLR6,TFAP2A,0.5304,discovered
MECP2,LEF1,0.5896,discovered
SP1,CCNE1,0.4798,discovered
STAT3,PCNA,0.6618,discovered
EED,CIP2A,0.4522,discovered
PPARA,ST3GAL4,0.4959,discovered
CREM,FDXR,0.4814,discovered
CREB1,CDK5R1,0.3855,discovered
VHL,NFKB1,0.3367,discovered
NFKB1,PPM1D,0.5433,discovered
KRAS,PSMC5,0.3158,discovered
MEF2D,TRAF1,0.3098,discovered
SSB,MAD1L1,0.4443,discovered
KRT20,LRRN3,0.3918,discovered
ACE,CXCL8,0.3313,discovered
AMH,RAD51,0.4207,discovered
MEG3,TWIST1,0.4956,discovered
LMO3,BARX2,0.5321,discovered
TBX5,SDC4,0.3194,discovered
E2F1,HOXA9,0.3491,discovered
PSMB9,CAV1,0.5304,discovered
WWTR1,APAF1,0.3759,discovered
MYC,TBP,0.3823,discovered
HNF4A,SOCS3,0.3561,discovered
SOX4,IL12B,0.5925,discovered
ESR1,JUND,0.3509,discovered
LEF1,ADAM12,0.389,discovered
CYP24A1,NCOR1,0.6869,discovered
ATM,H2AFX,0.4988,discovered
NR3C1,FGFR1,0.3894,discovered
KLF2,CHEK1,0.6,discovered
VDR,IL5RA,0.4292,discovered
ERCC2,ACACA,0.4497,discovered
DVL1,FAS,0.3365,discovered
HIRA,SLC6A4,0.3656,discovered
SOX4,MIF,0.3922,discovered
RELA,MAPK3,0.5244,discovered
MTF1,ASPM,0.4614,discovered
AR,TNF,0.4304,discovered
HNF4A,CYP19A1,0.4291,discovered
PPARG,IGF1,0.4108,discovered
CREB1,SOS1,0.4107,discovered
PIK3CA,RORA,0.3276,discovered
USF1,FANCA,0.5368,discovered
ATF2,PSG7,0.4571,discovered
NR2C2,DLG4,0.4265,discovered
CDX2,TNIP3,0.3075,discovered
MYCN,PAX6,0.3376,discovered
SPI1,FMR1,0.3828,discovered
MYCN,MEF2C,0.3547,discovered
MEF2A,HDAC1,0.679,discovered
CEBPA,IL27,0.4259,discovered
HDAC1,AKR1C2,0.3298,discovered
NPM1,STAR,0.4428,discovered
KLF16,CDX2,0.3682,discovered
GLI2,ERBB2,0.421,discovered
ERG,ZNF750,0.4846,discovered
SUZ12,SOX4,0.4611,discovered
GSK3B,JAK2,0.5452,discovered
CTNNB1,MAT2A,0.4122,discovered
EWSR1,NOX1,0.3183,discovered
LOXL4,MAD2L1,0.3733,discovered
GATA3,COL11A2,0.3907,discovered
STAT1,IGFBP3,0.5088,discovered
FGFR1,LRP8,0.3882,discovered
B4GALT1,TRPS1,0.3296,discovered
MYC,NR3C1,0.4653,discovered
RAP1A,TNFSF14,0.3824,discovered
TM4SF1,IL10,0.5203,discovered
SPI1,ADAM12,0.4002,discovered
PAX3,CYP19A1,0.4621,discovered
TP53,PDK4,0.6891,discovered
AR,CCND2,0.306,discovered
DNMT1,PIK3CA,0.3097,discovered
FOSL1,TH,0.3034,discovered
JDP2,DDR2,0.4719,discovered
RFXAP,GFI1B,0.304,discovered
HDAC4,IFNG,0.6296,discovered
ZEB1,DDIT3,0.4273,discovered
CEBPA,RHO,0.3061,discovered
ELK1,ALK,0.7461,discovered
NFATC1,PSIP1,0.6161,discovered
PMAIP1,ADIPOR2,0.4673,discovered
STAT1,RARA,0.3758,discovered
DEK,ELAVL1,0.4162,discovered
TWIST2,COL1A2,0.3363,discovered
STAT3,AGR2,0.3071,discovered
GLI2,TP73,0.5563,discovered
HDAC1,SLC39A3,0.332,discovered
ELK1,IL12B,0.4334,discovered
NFKB1,MKI67,0.4163,discovered
TLE3,RPS3A,0.6165,discovered
PAX2,CD69,0.5985,discovered
SPI1,ESR1,0.3839,discovered
TGFB1,TIMP1,0.324,discovered
PROX1,APOD,0.4077,discovered
KHSRP,HMOX1,0.3073,discovered
JUN,HIC1,0.3384,discovered
CEBPB,MUC6,0.3569,discovered
FOXM1,CSF3R,0.4073,discovered
SOX17,IGF1,0.353,discovered
RFXAP,TERT,0.3677,discovered
HSF1,TDRD1,0.369,discovered
KLF5,PLD1,0.4141,discovered
FOS,CD40,0.4916,discovered
GATA3,DLL1,0.5175,discovered
ETV7,UPF1,0.4655,discovered
GZF1,LEF1,0.432,discovered
EP300,HLA-DRA,0.5531,discovered
AURKB,TWIST1,0.5211,discovered
MYC,ICAM1,0.4026,discovered
ULBP1,MMP1,0.3136,discovered
GPX1,HNRNPA2B1,0.3423,discovered
E2F1,SP1,0.3296,discovered
USF1,TRB,0.4072,discovered
ACSL1,DDX18,0.5241,discovered
TP53,PRG2,0.5333,discovered
HOXC11,CXCL8,0.3338,discovered
ETS2,RSPO2,0.5139,discovered
MAX,CRYAB,0.4706,discovered
RELA,DLL4,0.3656,discovered
JAG1,ACE,0.5503,discovered
FASN,PTGS2,0.3183,discovered
LEF1,SUMO1,0.5637,discovered
NR1H3,ILK,0.3472,discovered
CDKN3,HDAC4,0.4825,discovered
NFATC2,PDGFC,0.5439,discovered
RASGEF1B,ABCG4,0.3207,discovered
MAP2K4,SFRP1,0.3374,discovered
KRAS,IL10,0.3943,discovered
PGR,AIRE,0.4385,discovered
GGPS1,TFRC,0.3672,discovered
HDAC9,NPY,0.3263,discovered
EP300,ZNF300,0.6444,discovered
RUNX1,EPAS1,0.3999,discovered
NPAS2,CDH1,0.318,discovered
MITF,TP53,0.4476,discovered
NFKB1,ARX,0.3508,discovered
NFKB1,SMAD3,0.5325,discovered
ATF4,MLANA,0.321,discovered
HSF1,CCR4,0.3469,discovered
EP300,BAD,0.5415,discovered
NFKB1,PADI1,0.4669,discovered
TLR7,IMPDH2,0.3271,discovered
SP1,IGK,0.4531,discovered
NFKB1,TWIST1,0.4679,discovered
NFKBIA,SP7,0.4007,discovered
FASN,SSPN,0.5811,discovered
MTOR,BRCA1,0.3317,discovered
FOXP3,REG4,0.5378,discovered
SP1,CABIN1,0.4846,discovered
PTEN,HCK,0.3393,discovered
GATA1,STAR,0.3704,discovered
PPARG,GATA4,0.3439,discovered
DNMT1,ALOX5AP,0.5213,discovered
WT1,AIRE,0.337,discovered
CREM,LDHA,0.4009,discovered
BRD7,PTGS2,0.3032,discovered
TOP2B,PHLDA1,0.3624,discovered
PHLDA1,IKBKB,0.4385,discovered
RUNX1,DBP,0.4328,discovered
SP1,FLT3,0.3511,discovered
PAX3,TSC2,0.3593,discovered
NOTCH1,SLC2A3,0.5184,discovered
ATF2,CPEB1,0.351,discovered
DLX3,CTNNBIP1,0.6937,discovered
HDAC2,NFKB1,0.3617,discovered
FLT3,F2R,0.5346,discovered
USF1,ZNF148,0.3757,discovered
RELA,H19,0.5015,discovered
FABP5,ELK4,0.4039,discovered
EBF3,PRDX3,0.5151,discovered
GFI1,IGF1R,0.3447,discovered
RFX1,DYRK1A,0.6191,discovered
DLX5,ABCC3,0.4989,discovered
EP300,GPR39,0.5609,discovered
MYC,PCK1,0.505,discovered
PLK1,CYP1A1,0.4126,discovered
GDAP1,CCNB1,0.5278,discovered
NFKB1,PHOX2A,0.4402,discovered
NPSR1,HLA-DOB,0.5005,discovered
E2F1,IFNG,0.3715,discovered
HNF4A,FSHB,0.4951,discovered
CEBPA,ULK1,0.4021,discovered
ERG,PTEN,0.4876,discovered
SP1,SFN,0.3815,discovered
ATF4,HSF2,0.4425,discovered
CDX2,MEIS1,0.394,discovered
NR4A2,TAP1,0.3434,discovered
TDRD1,SULT1E1,0.3878,discovered
HMGA1,RNF111,0.4387,discovered
TWIST1,RFX3,0.4333,discovered
IRF1,EXO1,0.5068,discovered
KAT6A,MYC,0.3713,discovered
AATF,PIK3CA,0.4127,discovered
IRF1,NR1H4,0.3031,discovered
TFAP2A,PAPSS2,0.6481,discovered
MEN1,HLA-DOB,0.3189,discovered
ZEB1,STAR,0.4335,discovered
YY1,E2F1,0.4392,discovered
NFKBIB,BCL2,0.4466,discovered
JUN,BLK,0.3454,discovered
STAT3,TNF,0.3464,discovered
RORA,ZEB1,0.4776,discovered
USF2,IRF2,0.3519,discovered
LGALS3,STAT6,0.4152,discovered
HDAC1,GCK,0.3285,discovered
TP53,IDO1,0.3728,discovered
CEBPB,GH1,0.3096,discovered
UHRF1,BRCA2,0.4693,discovered
CCL3,CXCL2,0.3734,discovered
STAT5B,HPGD,0.5235,discovered
PHOX2B,BAX,0.3723,discovered
NPAS2,SOST,0.3949,discovered
NFKBIA,HOXD3,0.5906,discovered
STAT1,LHB,0.5775,discovered
LGR5,PLD1,0.4457,discovered
DDX5,DICER1,0.6586,discovered
MYC,SERPINB5,0.34,discovered
SP1,MAVS,0.4671,discovered
YBX1,SPIB,0.5247,discovered
VAMP2,GSTA1,0.3888,discovered
SMARCA4,MCL1,0.3673,discovered
FUBP3,MUC6,0.5383,discovered
ETV6,CCND3,0.403,discovered
STAT6,PPM1D,0.3175,discovered
SP1,EED,0.4314,discovered
E2F1,CAPN6,0.3263,discovered
CASP3,IGF1,0.4435,discovered
LHX2,MID1,0.3871,discovered
MAP1LC3B,MMP9,0.3701,discovered
HIF1A,PTGS2,0.3423,discovered
VDR,NPAS3,0.4996,discovered
ANXA8,CCND1,0.4745,discovered
RARG,MIR27A,0.4417,discovered
PITX1,LAG3,0.4104,discovered
SLC25A27,LEF1,0.3466,discovered
ZBTB7A,NOS3,0.4005,discovered
CEBPA,DISC1,0.3884,discovered
RFX1,PDE6B,0.3563,discovered
ETS1,TP53BP2,0.307,discovered
DEK,E2F1,0.3171,discovered
SMAD4,BACE1,0.3047,discovered
MYC,YWHAQ,0.6474,discovered
HDAC2,BCAR1,0.5809,discovered
CCND1,LEF1,0.6256,discovered
WT1,RAD51,0.3663,discovered
BACH1,SOX10,0.4144,discovered
SOX9,RASGEF1B,0.5549,discovered
NFKB1,KDR,0.6101,discovered
HOXB7,APCS,0.6921,discovered
CASP9,TNFSF10,0.3216,discovered
ONECUT1,NPSR1,0.6074,discovered
JUN,DUSP6,0.4517,discovered
AKT1,HLA-DMB,0.4375,discovered
TFAP2A,IL1R2,0.344,discovered
NR3C1,FBP1,0.4822,discovered
VDR,CDK4,0.419,discovered
GREB1,OCA2,0.4665,discovered
WT1,HLA-DQA2,0.3183,discovered
CEBPD,THBD,0.5679,discovered
USF2,FASLG,0.5712,discovered
HDAC1,FAS,0.3336,discovered
SP1,AURKA,0.5672,discovered
HDAC1,KLF6,0.523,discovered
MAP2K1,RARB,0.6691,discovered
CXXC5,SLC22A6,0.3352,discovered
IRF1,FOXO3,0.4865,discovered
RFX3,JUNB,0.3684,discovered
MSL1,HSPA5,0.5474,discovered
FLT3,NTS,0.4127,discovered
HNF1A,MLX,0.5225,discovered
NF1,HBE1,0.3795,discovered
CDX2,CASP3,0.5405,discovered
KLF2,CD40LG,0.6468,discovered
NR4A2,DAPK2,0.5399,discovered
SPI1,MMP9,0.388,discovered
MYC,ZNF274,0.3643,discovered
APC,SFN,0.4033,discovered
KAT2B,DRG2,0.4009,discovered
EPB41L4B,CCND2,0.4321,discovered
GATA1,ETV2,0.6035,discovered
FOXA2,BGN,0.3789,discovered
SCNN1A,CNMD,0.437,discovered
HDAC7,CCND1,0.4008,discovered
SP1,ADGRB1,0.5383,discovered
PTH,TXNRD1,0.6074,discovered
DDB1,ITGA6,0.6073,discovered
KAT2B,MMP11,0.3011,discovered
APC,MGAT5,0.5651,discovered
BAD,EPAS1,0.3329,discovered
FDFT1,BHLHE41,0.4722,discovered
FGFR1,BRCA2,0.3683,discovered
MMP11,CCND1,0.4893,discovered
REL,MYC,0.4895,discovered
RB1,TFF1,0.424,discovered
NR1H2,CCND1,0.5184,discovered
NR4A3,FBP1,0.6288,discovered
SMAD1,SIDT1,0.5753,discovered
USF1,PIAS3,0.4183,discovered
CAD,ALOX15,0.4713,discovered
FOXM1,IGF2,0.3025,discovered
OTX2,TDGF1,0.3945,discovered
FLT3,DISC1,0.5248,discovered
DACH1,MYBL2,0.4861,discovered
HMMR,TIMP1,0.34,discovered
BRCA1,KLK3,0.5449,discovered
JUN,PRKCB,0.3263,discovered
HIF1A,HBB,0.4574,discovered
IPO13,CDKN1A,0.4127,discovered
SALL4,ABCG5,0.4149,discovered
RAB4B,NFKB1,0.4463,discovered
HDAC1,BRD7,0.3708,discovered
HDAC9,PSG5,0.3327,discovered
RUNX2,PRKCB,0.4999,discovered
POU2AF1,CDK5R1,0.3074,discovered
MYCN,SERPINE1,0.3284,discovered
TSC2,CCND2,0.4102,discovered
CREM,STAT3,0.3549,discovered
DDC,CDH2,0.6532,discovered
BST1,PPP2R2D,0.4281,discovered
THBS2,TGFB1,0.3527,discovered
EPCAM,ESR1,0.5927,discovered
ETS1,MEIS2,0.3381,discovered
MRVI1,CDKN1B,0.572,discovered
E2F1,FTH1,0.4084,discovered
PPARG,SLC6A4,0.4114,discovered
CTSV,MTA2,0.3936,discovered
PIM1,TP53,0.41,discovered
E2F1,GABPB2,0.3906,discovered
SMAD4,IHH,0.3788,discovered
ATF2,WIF1,0.3266,discovered
SP1,TXN2,0.3173,discovered
RELA,ARNTL,0.4255,discovered
MITF,MIR27A,0.6352,discovered
ABL1,BRCA2,0.5039,discovered
CTCF,LDHA,0.4352,discovered
SMARCA1,AGTR1,0.4547,discovered
HOXC9,HECA,0.3376,discovered
EAPP,DDB1,0.5584,discovered
LDHA,DIRAS3,0.3136,discovered
NES,F13A1,0.527,discovered
EPAS1,F2R,0.3953,discovered
SOX9,FAS,0.5521,discovered
TBX21,FOXO4,0.7014,discovered
EIF2AK2,PSMD11,0.3835,discovered
CCNE1,FAS,0.45,discovered
MYCN,CDH2,0.4042,discovered
STS,TAP2,0.4551,discovered
TEF,LDLR,0.3752,discovered
KAT5,TP53,0.4761,discovered
PLAC1,RXFP2,0.3041,discovered
PPIG,PIK3CA,0.6428,discovered
APOD,PTAFR,0.3338,discovered
TCF3,BDKRB1,0.3046,discovered
JUN,PDK4,0.5537,discovered
ACE,ALAS1,0.531,discovered
PHOX2A,CTSD,0.3185,discovered
DNMT1,PLK1,0.4986,discovered
HIF1A,TGFBR1,0.4225,discovered
TNFRSF11A,ITGAX,0.4129,discovered
RELA,SREBF2,0.3404,discovered
SCNN1B,CDKN1A,0.4967,discovered
YBX1,MCM4,0.3864,discovered
EGR1,CDKN1B,0.3849,discovered
CDO1,APOB,0.3778,discovered
SP3,HLA-B,0.4556,discovered
POU3F2,CDKN1A,0.4521,discovered
JAK1,ZNF350,0.3675,discovered
ASCL1,SHH,0.5636,discovered
XBP1,FN1,0.4878,discovered
RASGEF1B,GSK3B,0.3839,discovered
PIAS2,SFN,0.4924,discovered
DNMT1,IL10,0.3267,discovered
WT1,PAX5,0.3308,discovered
CEBPA,TGFB1,0.4254,discovered
GATA3,CGB5,0.44,discovered
TNFRSF21,VCAN,0.3979,discovered
KLF4,MCM5,0.3034,discovered
ELF1,NFKB1,0.3389,discovered
NFKBIA,PDGFB,0.5716,discovered
JUN,NFKB1,0.4156,discovered
RUNX1,TPT1,0.5212,discovered
ATF7,ABCB1,0.338,discovered
CLU,TIMP1,0.5143,discovered
CDX1,ERBB2,0.4376,discovered
RELA,KDM6A,0.319,discovered
CDK4,AQP3,0.5032,discovered
USF2,U2AF2,0.3286,discovered
NFKB1,SOCS1,0.5812,discovered
ACTC1,IPO7,0.4297,discovered
PITX1,SMAD3,0.5256,discovered
E2F4,TNFRSF10B,0.6872,discovered
SREBF1,FN1,0.3887,discovered
JUN,PIGR,0.4419,discovered
RB1,TOB1,0.3596,discovered
HDAC7,CDK2,0.4209,discovered
HDGF,E2F1,0.431,discovered
ATF2,CDKN1B,0.3566,discovered
NR0B2,U2AF2,0.329,discovered
DRAP1,MMP1,0.4168,discovered
JUN,SOS1,0.4772,discovered
USF2,STK11,0.3185,discovered
CEBPE,LCK,0.3258,discovered
EP300,KLF4,0.4033,discovered
MYC,EGFR,0.3233,discovered
CEBPA,CFTR,0.5292,discovered
HDGF,MAP1LC3A,0.6696,discovered
GATA1,ESR1,0.6027,discovered
SFPQ,SOX2,0.41,discovered
ATF6,EIF3M,0.3982,discovered
EGR1,HLA-DQA2,0.5179,discovered
POU2F3,ADRB2,0.3579,discovered
HOXB7,ERBB2,0.3271,discovered
MEF2C,SOD1,0.3202,discovered
SMAD7,BCL6,0.5266,discovered
GJD2,MMP2,0.5619,discovered
HDAC2,CSH2,0.5397,discovered
AES,WWP1,0.3141,discovered
HIF1A,NF1,0.4022,discovered
EP300,ANPEP,0.3523,discovered
SLC2A1,TOP2A,0.5123,discovered
SP1,FCER2,0.3367,discovered
TSC1,DUSP4,0.4373,discovered
HSF1,PRL,0.5191,discovered
IKBKG,MAPKAPK3,0.4611,discovered
TFAP2A,CDK4,0.3826,discovered
PPARGC1A,MCL1,0.3411,discovered
CYP7A1,MITF,0.5076,discovered
CDH2,OLR1,0.3032,discovered
PDCD11,BMI1,0.4991,discovered
ETS1,HMGA2,0.4794,discovered
REST,FUT2,0.362,discovered
ESR1,NGF,0.3508,discovered
HDAC3,MGMT,0.6434,discovered
FGFR1,DCN,0.6914,discovered
NFKB1,SPEN,0.371,discovered
TP53,GRK2,0.3104,discovered
HOXD9,RUNX3,0.5327,discovered
TDRD1,COX6A1,0.4113,discovered
CDX2,FCGRT,0.5485,discovered
IRF1,CDKN2A,0.3827,discovered
HLX,MME,0.3021,discovered
LILRB2,TWIST1,0.4084,discovered
NDUFV1,KLF9,0.3359,discovered
RARA,CD70,0.4078,discovered
AR,TRA,0.3791,discovered
TBL1X,HSPA8,0.741,discovered
TWIST1,CDKN1B,0.5064,discovered
CTNNB1,GAD1,0.3238,discovered
TCFL5,ESR1,0.4922,discovered
JUND,ADIPOQ,0.4482,discovered
ONECUT1,HSF1,0.3658,discovered
SKI,HPSE2,0.5406,discovered
POU3F2,LIF,0.5171,discovered
MYOG,NSFL1C,0.4237,discovered
ING4,CHEK1,0.6087,discovered
TAF1,HOXA2,0.5005,discovered
AR,BLMH,0.4921,discovered
SRPX2,IRF7,0.3909,discovered
G6PD,RPL3,0.32,discovered
UHRF1BP1,DVL1,0.321,discovered
MED15,CAMP,0.5419,discovered
SP1,CCL21,0.5376,discovered
GREB1,BDKRB1,0.3282,discovered
UPF1,TWIST1,0.5349,discovered
HES1,ERAP2,0.4329,discovered
TNFSF14,SLC13A4,0.5426,discovered
PPARG,NFKB1,0.4213,discovered
CBFB,DICER1,0.5703,discovered
HDAC11,SHBG,0.3768,discovered
BAX,VGF,0.4732,discovered
SMAD3,CDKN2B,0.3918,discovered
TBP,TP53,0.414,discovered
ZNF217,ACTA1,0.5274,discovered
RELB,BDKRB1,0.3802,discovered
PITX1,PTGS2,0.4543,discovered
TFAP2A,ACKR1,0.3769,discovered
IRF1,DDC,0.3969,discovered
GLS,CDK6,0.4409,discovered
PPARG,CCL2,0.3228,discovered
MSH6,BAX,0.3604,discovered
RELA,ZBTB2,0.3457,discovered
MAL,POU3F4,0.5833,discovered
KAT2B,CCND1,0.3646,discovered
CREM,MCTS1,0.4187,discovered
SYTL4,JCHAIN,0.3164,discovered
TCF3,PLAU,0.4898,discovered
LRP8,RELA,0.6488,discovered
BRCA1,ITGAV,0.6563,discovered
MAPK1,NFKB1,0.4144,discovered
ALOX15,CHI3L1,0.4832,discovered
TPT1,LDLR,0.4154,discovered
CLCN5,CYP19A1,0.4055,discovered
HSF1,TMPRSS2,0.51,discovered
TCF7L2,IFNL2,0.4602,discovered
KRT10,CDK6,0.5222,discovered
ATF1,SLC26A3,0.5343,discovered
RB1,PTGS2,0.4727,discovered
ETS1,TLR10,0.3578,discovered
ZNF350,PSG7,0.3691,discovered
HIF1A,DDIT3,0.4844,discovered
RORC,UGT2B15,0.3166,discovered
TFAP2A,RHO,0.5667,discovered
EGR1,CASP3,0.3545,discovered
HSF2,ACAN,0.3752,discovered
NR4A1,CDKN2A,0.5467,discovered
MUC5AC,GP1BB,0.3975,discovered
MMP1,RIPK2,0.3719,discovered
YY1,SLC22A6,0.3844,discovered
ELK1,TRA,0.4733,discovered
EP300,ME1,0.6644,discovered
CDX1,HES1,0.4211,discovered
SNAI1,DR1,0.727,discovered
CXCR5,MUC5AC,0.3738,discovered
IFNB1,NQO1,0.3151,discovered
SP3,GTF2I,0.3964,discovered
TBR1,UGT2B17,0.5793,discovered
E2F1,FGF10,0.4432,discovered
NFKB1,CDKN1B,0.386,discovered
FOXM1,ADRA1A,0.477,discovered
WT1,PAX3,0.39,discovered
TFAP2A,PCNA,0.3273,discovered
GATA1,LRIG2,0.5399,discovered
OSM,CDKN1B,0.307,discovered
BRCA1,WRN,0.4349,discovered
HLX,NR0B2,0.4482,discovered
FOXM1,ALB,0.3513,discovered
GLI1,EPCAM,0.4611,discovered
RELA,KLF2,0.6003,discovered
POU1F1,STARD3,0.3622,discovered
TBX2,MMP17,0.3529,discovered
MTOR,IFNG,0.3765,discovered
SOX17,ALK,0.4558,discovered
CASP8,CYP2B6,0.4525,discovered
NFKB1,HLA-DQA2,0.4503,discovered
MSC,SERPINE1,0.5517,discovered
MAX,TBP,0.4828,discovered
LMO4,SPP1,0.4907,discovered
CCL4,CD99,0.5284,discovered
MYCN,IVL,0.4059,discovered
CDKN1A,BRCA2,0.3302,discovered
YBX1,TP53,0.5749,discovered
TCFL5,SOCS2,0.6099,discovered
SLC22A2,HIST1H4L,0.369,discovered
USF1,CD44,0.4543,discovered
SPDEF,PMAIP1,0.5841,discovered
HMGA2,CEACAM1,0.3893,discovered
NFYB,TCF7,0.4971,discovered
STAT3,RB1,0.5644,discovered
BRCA1,RECQL4,0.4573,discovered
RELA,CD82,0.3541,discovered
PPARG,CD274,0.3943,discovered
IRAK2,NFKB1,0.5989,discovered
ATP6V0E1,STAT6,0.4357,discovered
TCF7L2,HBB,0.3291,discovered
VDR,MAVS,0.3062,discovered
UGDH,WT1,0.328,discovered
LMO2,DDIT3,0.3644,discovered
HDAC2,STAT3,0.4217,discovered
MAFB,XIAP,0.4436,discovered
NAT1,TNF,0.4357,discovered
ATF1,TP53,0.3076,discovered
SPRR3,SERPINE1,0.312,discovered
SPI1,BGLAP,0.3511,discovered
ARNTL2,RARA,0.3619,discovered
ARL6IP5,APLNR,0.5155,discovered
SP1,MMP3,0.5901,discovered
PGK1,VCAM1,0.5871,discovered
SNAI2,PDIA2,0.4595,discovered
TFAP2C,AFP,0.6327,discovered
HES6,ERCC4,0.3363,discovered
IRF2,TCF7L2,0.4011,discovered
HOXC11,FOXP3,0.3204,discovered
WT1,RAG1,0.4387,discovered
NR1I2,COL1A1,0.339,discovered
FMR1,CNR1,0.5473,discovered
BTF3,GTF2A1,0.4498,discovered
STAT6,PRKCB,0.462,discovered
SMARCB1,HOXB13,0.3422,discovered
ATR,JUN,0.3569,discovered
TRIB3,MYC,0.4329,discovered
ING4,CDK2,0.4143,discovered
SP1,TP65,0.4165,discovered
IRF2,FN1,0.3091,discovered
BDNF,IL18,0.537,discovered
HDAC1,ESRRG,0.3218,discovered
HK3,JUN,0.4407,discovered
COL1A2,PTGS2,0.3572,discovered
NFE2L2,NLRP2,0.4579,discovered
CTNNB1,WNT4,0.4253,discovered
TWIST2,KIR3DL1,0.353,discovered
NANOG,CCR3,0.5216,discovered
JUN,RCC1,0.5548,discovered
ZNF160,SFTPD,0.3628,discovered
SNAI1,SOD2,0.3884,discovered
IL6ST,SMAD4,0.6194,discovered
F13A1,GAST,0.5394,discovered
HOXA7,TBX18,0.5985,discovered
TBP,RBL2,0.3989,discovered
FOXC2,HBA2,0.5477,discovered
SMAD3,MSH6,0.5793,discovered
SP3,L1TD1,0.559,discovered
MEF2A,SLC6A4,0.582,discovered
SRF,RHO,0.5852,discovered
CTCF,LEF1,0.4321,discovered
CEBPB,RNF111,0.3013,discovered
NCOA3,AGO1,0.5526,discovered
USF2,FOXP3,0.3733,discovered
EBF1,EGFR,0.4361,discovered
ZNF148,ACLY,0.3508,discovered
FOSL2,ASS1,0.4299,discovered
NFE2L2,CCND1,0.3368,discovered
HLA-DQB2,CYP11A1,0.3931,discovered
TRIB3,VCAM1,0.3806,discovered
TCFL5,SRY,0.5261,discovered
KAT5,CASP3,0.3747,discovered
EGR1,KAT2B,0.4752,discovered
NGF,TAF1,0.4517,discovered
LMX1B,VWF,0.4076,discovered
SPINK4,PPARA,0.5359,discovered
TFAP2A,TXNRD1,0.4761,discovered
SEPT7,KLK3,0.6349,discovered
PITX2,NR1H3,0.5411,discovered
ITGB2,PNOC,0.665,discovered
RARA,VDR,0.4495,discovered
NR3C1,HOXA10,0.3054,discovered
HDAC7,ABCA1,0.3553,discovered
MYC,PBX2,0.5076,discovered
SP1,HLA-C,0.3314,discovered
E2F1,FAS,0.4212,discovered
SP1,RET,0.3056,discovered
SIRT1,CETP,0.5454,discovered
NR2F2,SMARCA1,0.6305,discovered
RUVBL1,APOB,0.322,discovered
EED,HDAC7,0.6258,discovered
AR,TNIP3,0.3572,discovered
JUN,TBX5,0.3557,discovered
REL,IFNA2,0.3246,discovered
CREBBP,CDC6,0.4711,discovered
ASCL1,BAD,0.593,discovered
ING1,CCK,0.3375,discovered
SCNN1A,TGFBR1,0.3895,discovered
TSC2,HTR1A,0.4651,discovered
NFKB1,FABP2,0.4509,discovered
MLL4,CGB5,0.4304,discovered
ATR,HNF4A,0.3087,discovered
SP1,EZH2,0.5359,discovered
PAX1,GDF15,0.5809,discovered
IGFBP3,RB1,0.3096,discovered
ZNRD1,IL2,0.39,discovered
NFKB1,CHGA,0.4747,discovered
ZEB2,FTH1,0.3472,discovered
PTTG1,SOX1,0.3997,discovered
SMAD3,NFATC2,0.3213,discovered
E2F1,COP1,0.6046,discovered
BRCA1,CDK6,0.4008,discovered
MYC,PENK,0.5611,discovered
CCNE1,RARB,0.6424,discovered
POU4F2,TRIM22,0.517,discovered
STAT5B,HDAC11,0.3814,discovered
RFXANK,MCPH1,0.4745,discovered
STAT6,RB1,0.6068,discovered
ETS1,HMMR,0.4155,discovered
ARL6IP5,MSLN,0.3846,discovered
ATF5,FASN,0.442,discovered
IFNB1,CCL13,0.3933,discovered
NR5A1,FASLG,0.5914,discovered
NR4A1,IL1RN,0.6404,discovered
MAPK1,ATF3,0.5504,discovered
BRCA1,HGF,0.3284,discovered
TGIF1,ABL1,0.5163,discovered
BCL2A1,MITF,0.371,discovered
E2F6,DDX18,0.3296,discovered
FOS,WNT4,0.3743,discovered
FOSL2,SH2D1A,0.3395,discovered
CEBPD,PDHA1,0.4005,discovered
NTS,CYP27A1,0.3731,discovered
MTA1,EBNA1BP2,0.5347,discovered
SIRT1,EGFR,0.419,discovered
NCOA1,BCL2,0.368,discovered
JUND,IRF4,0.5656,discovered
FOXO3,CXCL5,0.4268,discovered
EGR1,KRT14,0.3674,discovered
MPO,GRIP1,0.4431,discovered
TNFAIP3,KLF15,0.6366,discovered
TWIST1,ZBTB14,0.4301,discovered
E2F1,MTF2,0.3782,discovered
HSF1,MBD2,0.3898,discovered
MECP2,TWIST2,0.4029,discovered
SP1,DDIT3,0.4525,discovered
POU2F1,TNF,0.3511,discovered
RAB3A,SLC2A1,0.3111,discovered
E2F1,MSLN,0.4109,discovered
HNF4A,PSIP1,0.5946,discovered
HMGA1,UGT2B17,0.3773,discovered
RELA,TBXT,0.5634,discovered
HDAC1,RET,0.3923,discovered
ZEB1,IGFBP3,0.435,discovered
OTX2,TNIP3,0.4776,discovered
SMAD2,MECP2,0.4442,discovered
ESR1,LGALS3,0.3284,discovered
NR1I3,PCSK6,0.5442,discovered
MBD2,BCL2,0.3251,discovered
RHOC,SLC39A3,0.7266,discovered
ALDH1A2,IL1B,0.4735,discovered
NRAS,TNFRSF11A,0.3465,discovered
IRF4,CDKN1B,0.5472,discovered
PPARG,SMARCA1,0.6566,discovered
HDAC1,ACRV1,0.4607,discovered
F13A1,IFNA1,0.4517,discovered
SP1,TM4SF1,0.3539,discovered
REL,MUC1,0.3863,discovered
EZH2,POSTN,0.5581,discovered
NFKB1,TAC1,0.3194,discovered
IRF3,IL10,0.4357,discovered
RELN,TP53,0.3449,discovered
FOXP1,MRVI1,0.3734,discovered
BECN1,RUNX1,0.4941,discovered
NR5A2,HTR1A,0.5949,discovered
HNF1A,LY96,0.3879,discovered
MEF2D,SRCAP,0.4223,discovered
SP1,FOXN4,0.5803,discovered
PITX2,PPM1D,0.5863,discovered
CCND1,PPARA,0.5391,discovered
RORC,PLAU,0.4037,discovered
E2F6,LEF1,0.3189,discovered
ARG1,ATF4,0.377,discovered
TWIST1,NOS2,0.4715,discovered
E2F1,DVL1,0.536,discovered
CD274,ATF2,0.3765,discovered
ZEB1,FOSB,0.3957,discovered
REST,KCNIP3,0.4165,discovered
CDK4,DACT1,0.3394,discovered
NR5A1,HDAC7,0.3157,discovered
ETV4,AGO1,0.7157,discovered
BRAF,FGF19,0.5219,discovered
EP300,DBH,0.6149,discovered
LEF1,STAT1,0.4495,discovered
NOTCH2,ID2,0.4126,discovered
IRF1,CHUK,0.5253,discovered
IRF1,CARM1,0.3386,discovered
PREB,CASP8,0.6481,discovered
WNT5A,MICB,0.554,discovered
RELA,NRCAM,0.3287,discovered
HK2,STAR,0.4402,discovered
KCNIP3,SMARCA4,0.4361,discovered
PAX1,STAT3,0.3877,discovered
SPI1,PSG7,0.3176,discovered
CSF2RA,AKR1C2,0.5234,discovered
F13A1,GMPS,0.5523,discovered
CEBPB,IL1R1,0.3134,discovered
ASAP2,MSX2,0.4012,discovered
SP3,THBD,0.4719,discovered
HDAC1,SHOX,0.3073,discovered
CHEK1,CTCF,0.4556,discovered
CCND1,DUSP1,0.3327,discovered
MTF1,ECE1,0.5307,discovered
KL,HES1,0.3666,discovered
TWIST2,BRCA1,0.5457,discovered
BRCA2,RAB3A,0.3239,discovered
EPAS1,PTGS2,0.413,discovered
SIX1,FAS,0.408,discovered
PTN,IFNG,0.3744,discovered
ATF2,HTR1A,0.5055,discovered
SPRR2A,NOTCH2,0.3169,discovered
BRCA1,CCNE1,0.3354,discovered
EZH2,FSHB,0.5556,discovered
POU5F1,TK1,0.3863,discovered
ILK,NDRG1,0.3931,discovered
VDR,RTN3,0.3213,discovered
ELK4,FOXE1,0.4836,discovered
LEF1,HLA-DRB5,0.4022,discovered
ETS1,CASP7,0.3477,discovered
RB1,PGA5,0.4764,discovered
FOXC1,EBI3,0.5818,discovered
GATA3,HSF1,0.3931,discovered
MTDH,TP53INP1,0.5112,discovered
HNF4G,APP,0.3902,discovered
KPNA2,CDKN1A,0.5587,discovered
LMO4,AHR,0.3948,discovered
CASP3,S100A10,0.5024,discovered
ATF1,NFKB1,0.4522,discovered
AHRR,BAX,0.4103,discovered
E2F1,PSEN2,0.4236,discovered
TRPC1,ANPEP,0.5387,discovered
IRF1,NRXN1,0.63,discovered
EREG,CETP,0.3777,discovered
SLC3A1,RICTOR,0.363,discovered
NOTCH1,SIRT1,0.576,discovered
TBP,CD80,0.33,discovered
HDAC1,TBP,0.3215,discovered
DROSHA,CYP17A1,0.5405,discovered
CRMP1,CYP2E1,0.3534,discovered
SOCS1,TRPC1,0.3653,discovered
MKL1,KLK2,0.3159,discovered
FOS,NPC1L1,0.5066,discovered
RFXAP,TAC3,0.6881,discovered
STAT3,IFNA1,0.5263,discovered
STAT6,TCF4,0.3749,discovered
SFTPA1,KIR3DL1,0.4732,discovered
TIMP1,ABCB11,0.5136,discovered
ERG,IGF1,0.6303,discovered
HDAC5,GH2,0.4502,discovered
SP1,ZEB1,0.6221,discovered
RELA,PREB,0.5021,discovered
STAT3,HEPH,0.3809,discovered
NR1I2,GFI1B,0.6782,discovered
NFYA,PTP4A1,0.3713,discovered
SREBF2,PTGS2,0.3839,discovered
CIITA,DNAJB4,0.4528,discovered
CDK11B,ATR,0.6152,discovered
TAC3,CDKN1A,0.3972,discovered
ETV4,XRCC1,0.456,discovered
POU3F4,TRB,0.6323,discovered
TBP,VIP,0.427,discovered
APEX1,RBP3,0.3745,discovered
DDB2,GPNMB,0.4154,discovered
ETS1,SLC25A27,0.5184,discovered
NELFCD,TBX2,0.3231,discovered
TP73,TGFB3,0.5191,discovered
POU2F1,TRAF1,0.3389,discovered
VIM,IGFBP3,0.3727,discovered
TCF7L2,VEGFA,0.6825,discovered
KLF5,EGFR,0.539,discovered
OCLN,MMP3,0.3367,discovered
ZBTB7A,HMOX1,0.3863,discovered
TWIST2,ZNF202,0.4648,discovered
DBP,SOX3,0.311,discovered
GLS,TH,0.456,discovered
TRERF1,MYB,0.4111,discovered
PKNOX1,PTPN13,0.4484,discovered
ZNF202,BCAS3,0.3904,discovered
WT1,BRCA2,0.3928,discovered
SP1,SPARC,0.3538,discovered
UGT1A4,CD19,0.3249,discovered
CEBPB,TOMM34,0.6193,discovered
GATA4,CGB5,0.3015,discovered
RELA,APP,0.413,discovered
AXIN1,ZIC1,0.3746,discovered
KLF4,RGS4,0.4013,discovered
USF2,MCM2,0.3173,discovered
TP63,MYBL1,0.3555,discovered
GAD1,RNF8,0.3578,discovered
ZIC1,MUC17,0.3514,discovered
FHL2,ESR1,0.4596,discovered
IKBKB,FAS,0.4399,discovered
HOXA11,HDAC7,0.4796,discovered
EDEM2,IL6,0.6286,discovered
TCF3,THBD,0.3883,discovered
E2F1,MYF6,0.4328,discovered
ABCG1,POLR3D,0.4536,discovered
HNF1A,ADAMTS1,0.3336,discovered
AHR,UBC,0.4566,discovered
HIF1A,SMURF2,0.3335,discovered
APC,GH2,0.3174,discovered
NR2F2,PTGDS,0.3353,discovered
CYP2C8,IL10,0.4844,discovered
NCOR2,ITGAV,0.3788,discovered
HIF1A,ADH6,0.3877,discovered
JUN,IL10,0.4679,discovered
NR1H3,RRM2B,0.3704,discovered
ETS1,CGA,0.5194,discovered
RELA,RBBP8,0.63,discovered
FGFR1,CXCR1,0.4368,discovered
NRF1,HOXB13,0.3947,discovered
FLI1,EED,0.3231,discovered
ING1,GML,0.4959,discovered
TWIST1,SLBP,0.3519,discovered
DDB1,AFP,0.4387,discovered
RARA,APOC3,0.4681,discovered
BRCA1,IL10,0.3743,discovered
NFYA,DNMT3A,0.5383,discovered
HDAC2,HIST2H4A,0.404,discovered
KIN,GATA3,0.3693,discovered
GATA4,ALK,0.6171,discovered
KIT,FAP,0.3314,discovered
RFX1,MMP9,0.4194,discovered
HIF1A,COL1A1,0.3246,discovered
MSC,STAT1,0.4728,discovered
SP1,SLC5A5,0.3503,discovered
RB1,CA9,0.4639,discovered
DEAF1,HBB,0.6742,discovered
SP1,AKR1C2,0.5566,discovered
MYCN,YY1,0.6563,discovered
IDO1,CD83,0.4254,discovered
NFE2L2,SFRP1,0.4583,discovered
TNFRSF11A,JUN,0.6725,discovered
SGPL1,BTRC,0.3502,discovered
MYC,PDE6B,0.4131,discovered
STAT1,CDH1,0.4836,discovered
KLF4,NFKB1,0.3648,discovered
SOX11,GSTA1,0.3292,discovered
NFKB1,MMACHC,0.4174,discovered
NCOR1,CSTA,0.3577,discovered
USF1,MCM5,0.4512,discovered
NME1,IL2,0.5261,discovered
PARP1,IL1B,0.4481,discovered
CAPN10,FGF10,0.3139,discovered
MUC5AC,VEGFC,0.3842,discovered
ARNT,ADRB3,0.4933,discovered
NFKBIA,ABCC4,0.3533,discovered
ESR1,CDC20,0.4853,discovered
NR2F1,EMSY,0.3108,discovered
ARID3A,GML,0.4065,discovered
FOSL2,CXCL8,0.6418,discovered
RFXANK,ERAP1,0.3522,discovered
RECK,IKBKG,0.3591,discovered
CTNNB1,MBD2,0.3853,discovered
PAK1,IKBKG,0.3279,discovered
USF2,TNFRSF10B,0.37,discovered
GRHL2,FUS,0.5158,discovered
ARX,AR,0.3759,discovered
FCGR3B,MYD88,0.3831,discovered
TNFRSF21,COPS5,0.4572,discovered
PAX5,CEBPA,0.4162,discovered
TFDP1,ITGB3,0.5602,discovered
EP300,KCNH2,0.3187,discovered
TFAP2A,NEUROD1,0.7568,discovered
TNFRSF10B,HDAC9,0.6168,discovered
MUC5B,IL23A,0.3027,discovered
USF2,MDM2,0.3223,discovered
DNMT1,APP,0.3362,discovered
SP1,SYN2,0.4244,discovered
BRCA2,NTS,0.4237,discovered
ALDH1A2,EZR,0.4245,discovered
NEDD4,CHGA,0.4845,discovered
ARNTL,C4A,0.4447,discovered
SREBF1,PLAU,0.3639,discovered
STAT3,TGFB2,0.479,discovered
RB1,SCNN1B,0.5865,discovered
APEX1,PCSK9,0.3477,discovered
FOSL1,HLA-DRA,0.6888,discovered
EP300,NOX4,0.4717,discovered
NAB2,MTOR,0.457,discovered
MYC,SERPINE1,0.402,discovered
WWTR1,LOR,0.3729,discovered
AGTR1,SLC25A27,0.4475,discovered
TSC2,SPI1,0.367,discovered
RBMX,UPP1,0.3746,discovered
USF1,NOTCH2,0.4526,discovered
UTRN,SIRT1,0.3316,discovered
JUND,TNFAIP3,0.4043,discovered
PGR,EPO,0.4845,discovered
TAF1,ITGA6,0.569,discovered
STAT6,TP53,0.431,discovered
POU2F2,VEGFA,0.3976,discovered
TEF,THBD,0.523,discovered
SP4,OPRM1,0.3118,discovered
GATA1,SAA1,0.4476,discovered
ETV4,TFRC,0.4998,discovered
USF2,SOCS3,0.3607,discovered
HSF1,ERBB2,0.5912,discovered
SP1,NRAS,0.3701,discovered
KLF4,GATA1,0.4184,discovered
PAX2,CAT,0.3729,discovered
FOXO4,ECD,0.3818,discovered
STAT3,S100B,0.3142,discovered
HERC2,SNCB,0.5577,discovered
YBX1,MELTF,0.6188,discovered
CCNE1,MAPK8,0.4959,discovered
NKX3-1,BIRC5,0.3462,discovered
RGS10,BCL2,0.5856,discovered
NFKB1,TYRP1,0.4576,discovered
PCGF2,ERF,0.3126,discovered
SCTR,TK1,0.6765,discovered
NFYB,RELA,0.3418,discovered
CDC20,ODC1,0.3342,discovered
SPI1,SNRPN,0.31,discovered
RUNX1,THRSP,0.465,discovered
KAT5,TFF1,0.3149,discovered
NFKB1,DGCR5,0.557,discovered
MLH1,MAPK3,0.4219,discovered
SND1,CREM,0.397,discovered
RNASE2,PDCD2,0.3953,discovered
RAD51,POLR3D,0.6316,discovered
LIN54,ZNF202,0.4158,discovered
PCBD1,PCNA,0.4199,discovered
TP53,TCF4,0.5405,discovered
E2F3,ABCB1,0.6607,discovered
SPI1,VEGFA,0.4646,discovered
EP300,HBE1,0.364,discovered
LMO3,CD40,0.3449,discovered
RREB1,HESX1,0.3399,discovered
MAZ,PPP1R3C,0.3585,discovered
CCL19,PCK2,0.6002,discovered
NR5A2,VEGFA,0.4619,discovered
CDCA7,MDM2,0.4056,discovered
PSMB5,COL2A1,0.4981,discovered
ESR1,IPO13,0.3415,discovered
HDAC7,LYL1,0.3198,discovered
IL23A,PSMB9,0.4679,discovered
JUND,IL2,0.302,discovered
MYCN,PRL,0.4102,discovered
ING1,RPS6KA3,0.6002,discovered
RFXAP,LBP,0.578,discovered
SYTL4,SFTPD,0.5278,discovered
BMI1,BIRC2,0.5044,discovered
NR1I2,MITF,0.3655,discovered
MXD4,MMP3,0.3673,discovered
PAX8,ALDH1A3,0.5649,discovered
SP1,DDC,0.4135,discovered
EGR1,XPC,0.4479,discovered
KRAS,NOL7,0.6462,discovered
FOSL1,GLS,0.3635,discovered
NFKBIA,CRY1,0.3211,discovered
AES,OAS1,0.5498,discovered
WDR5,CXCL8,0.4658,discovered
HIF3A,RARA,0.3295,discovered
SLC25A20,SQSTM1,0.4272,discovered
HSPA4,MYL7,0.4726,discovered
SOX17,NR0B2,0.5617,discovered
ETV4,FGF2,0.4011,discovered
NFATC1,GP9,0.4971,discovered
AREG,XPC,0.4375,discovered
MITF,H19,0.395,discovered
CTCF,CSH1,0.4073,discovered
JUND,WDFY4,0.3509,discovered
NELFB,TRIM16,0.438,discovered
ESR1,MTF1,0.3237,discovered
AR,WRN,0.3783,discovered
IL1B,FAT1,0.48,discovered
CTCF,MIA,0.4341,discovered
GATA3,HSPA5,0.4596,discovered
OTX2,IKBKB,0.3828,discovered
PAX2,OAS1,0.6113,discovered
CREM,GSK3B,0.4802,discovered
SCNN1A,KRT10,0.3835,discovered
JUN,SMAD3,0.5475,discovered
TCF3,IRF2,0.3131,discovered
TRAF2,TEK,0.3846,discovered
NFKB1,ZEB1,0.6302,discovered
STAT3,LAG3,0.3483,discovered
TP53,CYP11B2,0.3482,discovered
POU2F1,MSR1,0.3445,discovered
PROC,TF,0.4478,discovered
NR1H2,CACNA1H,0.5876,discovered
BRCA1,PON2,0.3017,discovered
HDAC1,DAPK2,0.4002,discovered
FOXA1,RRM2B,0.3841,discovered
E2F1,CAV1,0.4345,discovered
CLOCK,IPO7,0.4263,discovered
JUNB,HOXB7,0.4295,discovered
RFX2,FOXP3,0.3049,discovered
ZEB1,IL12B,0.3576,discovered
SUZ12,PRL,0.4862,discovered
LMO4,ADAMTS5,0.3367,discovered
NANOG,FCGR2B,0.4045,discovered
ZNF160,EGFR,0.348,discovered
RELB,ATP2A2,0.4793,discovered
PPARA,CCNB1,0.6648,discovered
APP,PGR,0.3534,discovered
RBP3,BDKRB1,0.3122,discovered
NR3C1,VCP,0.4478,discovered
FOXO1,DST,0.3683,discovered
CLU,RUNX1,0.489,discovered
ID1,RB1,0.4655,discovered
TBR1,BRCA2,0.5117,discovered
FURIN,FGFR1,0.3461,discovered
TFEB,ELANE,0.4892,discovered
DMD,CD22,0.5822,discovered
E2F1,IL10,0.3218,discovered
HDAC4,EGLN1,0.3896,discovered
HLA-DRB5,APP,0.4388,discovered
NOS3,HDAC9,0.4264,discovered
CIAO1,CDH1,0.5015,discovered
DNMT3A,EPAS1,0.5786,discovered
FOXO4,CDKN1B,0.6192,discovered
KDM4B,ADH6,0.3869,discovered
ETV3,DKK1,0.3745,discovered
TNFSF14,AICDA,0.7076,discovered
WT1,TP73,0.3685,discovered
ELK1,PELO,0.3641,discovered
BRCA1,DDX18,0.3359,discovered
STAT1,CSH1,0.3502,discovered
CEBPG,PIAS3,0.3858,discovered
AIP,IFNLR1,0.3196,discovered
SP1,PIGR,0.4007,discovered
MCL1,FGL1,0.5587,discovered
PAX6,IDO1,0.5701,discovered
GATA1,CD6,0.4214,discovered
ATF6,TYR,0.3973,discovered
MSR1,HEY1,0.5634,discovered
E2F4,KLF11,0.6286,discovered
HLA-DQA1,PCK1,0.4073,discovered
CEBPA,STAT1,0.3014,discovered
TGIF1,AFP,0.5029,discovered
NPM1,IDO1,0.4823,discovered
HOXA9,SEMA6A,0.5048,discovered
HOXA10,RELA,0.5553,discovered
NKX2-5,CCND1,0.4345,discovered
VIM,STK11,0.312,discovered
ING4,EIF2AK2,0.7321,discovered
SMAD3,KIR2DL3,0.4344,discovered
CARD8,UGT1A10,0.3081,discovered
SRF,GSK3B,0.3349,discovered
BRCA1,POU3F1,0.3174,discovered
KLF4,S100A2,0.3309,discovered
SCAND1,IKBKB,0.5535,discovered
APOBR,LAG3,0.4205,discovered
POU3F2,GSTA1,0.6215,discovered
HFE,TNIP3,0.3217,discovered
SP3,PRL,0.4732,discovered
HDAC2,ATP2A3,0.3097,discovered
LEF1,RARA,0.4255,discovered
SP1,TSHB,0.6337,discovered
NFKB1,SYN2,0.3603,discovered
STAT1,CCNE1,0.4792,discovered
CREB1,NPHS2,0.3673,discovered
CCNB1,TCF7,0.5384,discovered
PPARA,TFF1,0.3069,discovered
HDAC2,IFNG,0.4644,discovered
IL12RB2,CXCL10,0.3547,discovered
CPEB1,FGL1,0.5817,discovered
ATF4,GATA1,0.3637,discovered
DDIT3,INSR,0.3573,discovered
CDK6,HLA-A,0.3434,discovered
WWTR1,PTN,0.5734,discovered
ZNF175,IFNB1,0.6297,discovered
MYC,FOXD1,0.3859,discovered
GLI1,PLXNA1,0.4043,discovered
HDAC1,MYC,0.3568,discovered
DNASE1,ERBB2,0.398,discovered
RUNX3,SERPINE1,0.3798,discovered
NFYB,CHGA,0.5729,discovered
CCNB1,SYN1,0.4971,discovered
HDAC2,STK11,0.3247,discovered
SLC39A8,CDH1,0.3465,discovered
ETS2,MAT2A,0.3219,discovered
LAMA3,TCERG1,0.5094,discovered
RLN1,LDHC,0.4405,discovered
NKX3-1,PAK1,0.3877,discovered
RELA,FOXO1,0.4193,discovered
MLLT3,POU2F1,0.4913,discovered
NR3C1,PRAM1,0.473,discovered
DNASE1,CD40,0.4729,discovered
CDKN1A,EDA,0.5291,discovered
ENO1,CDK6,0.3551,discovered
CDKN1A,CD1D,0.6791,discovered
GATA3,BCL2A1,0.4422,discovered
MYC,BHMT,0.4621,discovered
SP1,OLR1,0.3384,discovered
RFXAP,TWIST1,0.3425,discovered
XBP1,SLC22A2,0.3482,discovered
LSP1,SLC5A5,0.474,discovered
E2F3,CDK4,0.3281,discovered
RUNX1,IHH,0.3263,discovered
EP300,TP53,0.4292,discovered
RELA,RBP3,0.5373,discovered
DR1,BTG2,0.3335,discovered
KIT,GFER,0.6357,discovered
MAT2B,SERPINB5,0.4223,discovered
SOX6,TYMP,0.396,discovered
PIK3CA,CD24,0.43,discovered
DNMT1,TP73,0.3607,discovered
REPS2,MYCN,0.3657,discovered
PPARA,ATF4,0.5409,discovered
ALK,PPARA,0.4935,discovered
ONECUT2,G0S2,0.313,discovered
NR2F6,ASPM,0.4829,discovered
WT1,TSC1,0.5142,discovered
NKX2-1,BDKRB1,0.5281,discovered
NRAS,FUT4,0.3483,discovered
ABCC4,PTTG1,0.6972,discovered
JUND,CD80,0.3454,discovered
E4F1,HSD17B11,0.5311,discovered
STAT6,CDKN1B,0.5886,discovered
CR1,SCNN1A,0.3334,discovered
NFYB,CABLES1,0.331,discovered
KLF3,HLA-DRB5,0.3953,discovered
PARP1,MAT2B,0.4252,discovered
E2F1,ELF4,0.3497,discovered
MYC,NFIC,0.5213,discovered
CREB1,CCND1,0.3184,discovered
PIAS4,RAF1,0.4677,discovered
NFKB1,ICAM3,0.3473,discovered
ESRRA,FBXO32,0.427,discovered
GPA33,TFF3,0.3814,discovered
ATF6,CREB1,0.345,discovered
VHL,IL5,0.3241,discovered
KLF4,SOX3,0.5649,discovered
ZNF148,CARTPT,0.5965,discovered
POU2F1,CBFB,0.3988,discovered
MYC,CD40,0.4757,discovered
RELA,PAX2,0.3733,discovered
RELA,CASP7,0.3732,discovered
PTTG1,PROM1,0.514,discovered
SP1,PPARD,0.4136,discovered
NFKB1,BRD7,0.4527,discovered
DNMT3A,TNIP3,0.3436,discovered
PA2G4,IL2RA,0.6947,discovered
PGR,HMOX1,0.3757,discovered
RUNX1,TIMP2,0.3622,discovered
MIP,SLC1A3,0.4983,discovered
ID1,SLC2A3,0.4592,discovered
RELA,FABP5,0.3087,discovered
SMAD3,MLX,0.5025,discovered
NFKB1,MMP7,0.553,discovered
WHSC1,TRIM22,0.4838,discovered
PDCD4,BIRC5,0.3472,discovered
NFKB1,PER2,0.3626,discovered
STAT3,EZH2,0.5833,discovered
HDAC2,PDGFRA,0.434,discovered
WT1,ID1,0.4262,discovered
CASP3,PIAS3,0.3851,discovered
TP53,RPTOR,0.5388,discovered
PCBD1,TNFRSF9,0.5249,discovered
TP53,GCM1,0.3991,discovered
NFKB1,E2F3,0.3875,discovered
FOXF2,MEIS2,0.662,discovered
HDGF,PDGFB,0.3287,discovered
NKX2-3,EPB41L3,0.4301,discovered
SP3,IGF1R,0.3532,discovered
PPARA,CD2,0.3798,discovered
SOX2,PPARA,0.4308,discovered
TEF,STAT3,0.3225,discovered
JUND,CYP19A1,0.4028,discovered
BRCA2,IL23A,0.4683,discovered
CEBPA,TWIST1,0.3557,discovered
PDCD4,PECAM1,0.3921,discovered
NFIC,DKK1,0.4542,discovered
IRF1,TRPC1,0.4196,discovered
PITX1,WASF3,0.5357,discovered
SP1,CDH1,0.4581,discovered
BCL6,CD44,0.3409,discovered
CDK4,HMOX1,0.3611,discovered
CEBPA,XRCC5,0.3825,discovered
PITX1,F2R,0.4275,discovered
TWIST1,BLMH,0.5227,discovered
GATA3,NPPA,0.421,discovered
HMGA1,IL2,0.3813,discovered
MYC,CYLD,0.3226,discovered
SP1,IL2RA,0.3564,discovered
EZH2,FLI1,0.357,discovered
MYB,PFDN4,0.5531,discovered
ASPH,HPSE2,0.3545,discovered
KLF4,WRN,0.4407,discovered
WT1,CCND1,0.4169,discovered
KDM4C,SF1,0.5567,discovered
PPARA,CDX2,0.333,discovered
NFIC,IL10,0.311,discovered
HMGB2,SYK,0.4977,discovered
STAT3,SIN3A,0.4403,discovered
STAT3,CCR3,0.3489,discovered
TFAP4,KCNJ11,0.3851,discovered
IKBKG,CHRNA3,0.3451,discovered
CREB3,CD163,0.4475,discovered
ALDH1A1,DUSP1,0.3432,discovered
NR1I2,TP53,0.6537,discovered
CREB1,ABCB1,0.3945,discovered
HDAC2,GSK3A,0.3935,discovered
RELA,EYA3,0.5236,discovered
EGR1,HBD,0.316,discovered
WT1,TPH1,0.4393,discovered
CHEK1,TK1,0.501,discovered
ATOH1,CDKN2A,0.3455,discovered
HES6,IFNB1,0.3205,discovered
SP7,TNFAIP3,0.3928,discovered
ERG,MCAT,0.4368,discovered
PPARG,TNFAIP3,0.7258,discovered
FOXP3,FHL2,0.5264,discovered
IFNB1,KPNA1,0.469,discovered
E2F1,LMO3,0.3976,discovered
YY1,EBI3,0.6018,discovered
GCM1,MT2A,0.3927,discovered
FUS,TCERG1,0.5901,discovered
VDR,DBH,0.3589,discovered
POU2F1,HSPD1,0.3338,discovered
AR,GCSAM,0.4497,discovered
E2F1,FUT2,0.3592,discovered
SPAG6,DEAF1,0.3907,discovered
REST,WRN,0.308,discovered
E2F1,ETV6,0.3225,discovered
STAT3,APOC3,0.6086,discovered
JUNB,TSHB,0.3165,discovered
STAT6,FMR1,0.3287,discovered
SLC15A1,UGT1A6,0.3628,discovered
E2F1,POU3F2,0.3409,discovered
RUNX1,IL10,0.3296,discovered
RBPJ,ADIPOQ,0.477,discovered
JAG1,ERBB4,0.5,discovered
ATF2,CD58,0.3464,discovered
TBX3,ALOX15,0.3561,discovered
ZFP36,APOC3,0.5807,discovered
NFKB1,APP,0.3022,discovered
PLK1,PHGDH,0.5014,discovered
RUNX3,PRC1,0.4576,discovered
CUX1,IL4,0.4161,discovered
RHOA,ZNF202,0.3638,discovered
DDX5,TERT,0.5775,discovered
HDAC9,GATA3,0.5151,discovered
AR,CSF1,0.415,discovered
FOXP2,BHLHE40,0.3616,discovered
WT1,IRF2,0.4754,discovered
POU2F2,SAA1,0.5656,discovered
RB1,ZNF202,0.4435,discovered
SALL4,TERT,0.3738,discovered
RUNX2,PDCD1,0.3746,discovered
SOX10,EMX2,0.6248,discovered
SOX2,MCM7,0.601,discovered
TGFB1,L1TD1,0.7514,discovered
TFAP2A,RICTOR,0.5201,discovered
SP1,RAD51,0.3598,discovered
NKX2-1,PIAS2,0.3368,discovered
NFYB,ASAP2,0.4099,discovered
RBL1,TNFRSF10A,0.7018,discovered
KLK2,FOXP3,0.4057,discovered
SOX17,HOXB13,0.3043,discovered
NR1D1,CDH1,0.4817,discovered
NANOG,CEACAM1,0.3079,discovered
ING2,LTF,0.3219,discovered
SOS1,PIK3R3,0.4212,discovered
IRF1,GSK3A,0.5264,discovered
BTS1,CD69,0.3318,discovered
CLOCK,NEFL,0.4186,discovered
E2F1,ISG20,0.3569,discovered
ETV3,TCF3,0.4205,discovered
KLF2,MYC,0.3383,discovered
RFXAP,LCT,0.3828,discovered
AHRR,CRABP1,0.5174,discovered
HNF4A,PPARG,0.627,discovered
NFKB1,RORA,0.4506,discovered
SIRT3,DNMT1,0.3811,discovered
EBF1,ZNF350,0.6149,discovered
SLC2A1,MLANA,0.6186,discovered
MTF2,PCK2,0.5933,discovered
CHEK2,CD38,0.4969,discovered
RPTOR,BCL6,0.3735,discovered
LHX4,RB1,0.4661,discovered
ESR1,PLAT,0.4251,discovered
RXRA,SLC3A2,0.4884,discovered
DACH1,CDH1,0.4847,discovered
KIR2DL3,PLXNA1,0.4798,discovered
NRAS,ARX,0.5105,discovered
DSC2,MMP2,0.3795,discovered
NCOA6,DNMT3B,0.5251,discovered
RARA,OXTR,0.3731,discovered
MYC,GUCA2B,0.4172,discovered
ESR1,CXCL8,0.4995,discovered
USF1,CASP3,0.3287,discovered
NFIC,ORMDL3,0.5475,discovered
WWTR1,BCL2,0.5024,discovered
DNMT3A,SOS1,0.4156,discovered
EGR1,HLA-DPB1,0.3764,discovered
SSPN,CYP3A7,0.4794,discovered
LMO1,HBEGF,0.3507,discovered
ATF4,HBE1,0.3326,discovered
FCGR3B,MMP1,0.3379,discovered
YBX1,HLA-DMB,0.502,discovered
HDAC2,CCL21,0.4065,discovered
AR,SLC10A2,0.3074,discovered
FOSL2,PDGFB,0.4284,discovered
MUC2,HMGCR,0.6527,discovered
REST,GADD45G,0.3156,discovered
TEAD1,PCNA,0.4193,discovered
VHL,CDC25A,0.4693,discovered
EP300,JAK2,0.3128,discovered
TFAP2C,E2F1,0.378,discovered
SMAD4,FOXI1,0.3665,discovered
HDAC1,MUC4,0.4975,discovered
NFKB1,MBD2,0.3584,discovered
CES1,IRF7,0.3567,discovered
SIRT1,CHEK2,0.3556,discovered
MLYCD,MLH1,0.564,discovered
PARP1,IL2,0.3691,discovered
SOX17,TNFSF4,0.5822,discovered
TWIST1,IRF2BP2,0.6501,discovered
TRIB3,NRP1,0.3486,discovered
HBG1,CDH1,0.3013,discovered
ZEB2,MAL,0.4482,discovered
DDB1,BATF3,0.326,discovered
FOXC2,RSPO2,0.4346,discovered
SOST,PLRG1,0.6892,discovered
RELA,BCL2L13,0.4398,discovered
CREM,FOXM1,0.3557,discovered
RUNX2,CDK6,0.3826,discovered
NOTCH2,SOD1,0.3554,discovered
TP53,EPO,0.4011,discovered
CD46,HLA-DRB1,0.6292,discovered
NFATC2,BRS3,0.3231,discovered
HDGF,COX6A1,0.3586,discovered
BRCA1,MITF,0.5831,discovered
SP1,CYBB,0.4709,discovered
CDH2,MAX,0.7657,discovered
MITF,IDO1,0.4827,discovered
CR2,ZNF148,0.4452,discovered
NANOG,CENPH,0.465,discovered
SATB1,DEFB103A,0.5081,discovered
NFKB1,ST6GAL1,0.45,discovered
CDC20,HOXA9,0.3729,discovered
HES1,TERT,0.5927,discovered
NONO,PTGS2,0.4754,discovered
ATM,EGR1,0.3279,discovered
HIF1A,NOTCH4,0.4678,discovered
ASCL1,CCND3,0.4536,discovered
WWP1,MMACHC,0.4654,discovered
RARA,KHSRP,0.3351,discovered
CEBPD,PLIN1,0.4999,discovered
ATF6,CHEK1,0.5467,discovered
STAT3,EPHA2,0.4685,discovered
SMARCA4,MAPK1,0.4549,discovered
PTTG1,HMOX1,0.3561,discovered
KAT5,E2F1,0.4065,discovered
CXXC5,IFNG,0.3139,discovered
JUN,RGS4,0.5632,discovered
NCOA6,CLDN7,0.6663,discovered
SFRP1,PMAIP1,0.4277,discovered
UPP1,CEBPB,0.3563,discovered
TBX5,SLC22A2,0.3281,discovered
MYB,PDGFRA,0.5163,discovered
CASP8,FN1,0.4351,discovered
PARP1,CDKN1B,0.3713,discovered
GLI2,ARF1,0.3479,discovered
SOX10,ERG,0.3596,discovered
PPARD,MMP1,0.5288,discovered
ETS1,MYC,0.3715,discovered
EZH2,EGFR,0.4684,discovered
HOXA1,DEFA1,0.578,discovered
ZEB1,BAX,0.3469,discovered
GTF2F1,CDKN1B,0.4132,discovered
MUC17,CTNNB1,0.3923,discovered
AURKA,MMP3,0.4844,discovered
NFIA,BUB1B,0.4385,discovered
STAT5A,DNMT3A,0.4266,discovered
ERCC2,AR,0.4079,discovered
SLC25A20,HMOX1,0.5051,discovered
PPARA,HIST1H2AE,0.4447,discovered
SP3,RAD51,0.3496,discovered
PADI1,CXCL8,0.3123,discovered
SPI1,GATA3,0.3459,discovered
BRCA1,TRPS1,0.3538,discovered
NANOG,TNFRSF12A,0.3059,discovered
IRF9,SIRT2,0.3387,discovered
SRF,AKT1,0.4589,discovered
ERAP2,SPP1,0.3738,discovered
SNAP91,SESN1,0.5091,discovered
SRSF1,E2F1,0.3837,discovered
HOXA5,COL2A1,0.5404,discovered
FOXM1,TSC1,0.4349,discovered
PARP1,IL5RA,0.5244,discovered
CIITA,PTGS2,0.494,discovered
SMARCA1,FMR1,0.3411,discovered
NFKB1,VCP,0.3604,discovered
IKBKB,CASP3,0.3935,discovered
FOXA1,MMP10,0.5662,discovered
YY1,EGLN1,0.4961,discovered
ABL1,FXR2,0.4553,discovered
KIT,LIN54,0.516,discovered
NFKBIZ,EGFR,0.3915,discovered
TP53,MAP3K1,0.521,discovered
CHEK1,HES1,0.4052,discovered
UCN,PF4,0.3107,discovered
RPA2,MMP2,0.6926,discovered
USF1,TCF3,0.4085,discovered
NFKB1,TNFRSF11B,0.4106,discovered
AGO1,TIMP1,0.3735,discovered
PAX2,EBNA1BP2,0.4435,discovered
RAD51,COX1,0.3338,discovered
WT1,NFIC,0.367,discovered
NFKB1,GCK,0.662,discovered
BRCA1,VIP,0.4024,discovered
CREB3,GCK,0.3505,discovered
PARP1,CHD8,0.3956,discovered
HAP1,FAS,0.5962,discovered
CCNE1,BAD,0.5205,discovered
FUT4,HLA-DRB4,0.4134,discovered
REST,NDUFV2,0.3773,discovered
PPARG,ZEB2,0.4168,discovered
TP53,VCP,0.5277,discovered
SMARCA1,SHBG,0.354,discovered
NR1H3,HFE,0.4031,discovered
HDAC4,ADIPOR1,0.3633,discovered
AR,MIA,0.4933,discovered
NFKB1,HBA2,0.6611,discovered
CREM,APP,0.5532,discovered
RB1,FAS,0.3341,discovered
ALK,MKNK2,0.4048,discovered
MUC5B,PKM,0.3538,discovered
LEF1,TAP2,0.3657,discovered
NFIC,SPI1,0.6289,discovered
IRF9,IL2RA,0.3528,discovered
ING4,PDGFRA,0.4121,discovered
TINF2,MYC,0.3471,discovered
KLF4,IFNL1,0.5278,discovered
IL4,ALDH1A1,0.4243,discovered
CREB1,GJC2,0.403,discovered
HDAC5,FGFR1,0.4943,discovered
AIP,PCNA,0.4924,discovered
RFXAP,SERPINC1,0.4932,discovered
RXRA,KLK3,0.4011,discovered
TBPL1,ICAM1,0.3091,discovered
NR4A1,DST,0.3949,discovered
IRF9,APH1A,0.4382,discovered
FOXF2,JUN,0.409,discovered
YY1,PAX6,0.37,discovered
PIAS2,SYN1,0.3171,discovered
YY1,RASSF1,0.3671,discovered
FDPS,HMGA1,0.4136,discovered
IRS2,SCARB2,0.3998,discovered
ELK1,APC,0.5879,discovered
MYBL2,TSHR,0.7415,discovered
NFIB,HSF4,0.3291,discovered
NRF1,PTPA,0.3968,discovered
MCL1,TERT,0.3423,discovered
DEK,MBP,0.3399,discovered
CD274,IFNG,0.6492,discovered
SP3,MYH10,0.396,discovered
ZIC1,FOXM1,0.4297,discovered
BCL2L1,CDK4,0.4876,discovered
SOX9,CPT1A,0.594,discovered
SP1,TP53,0.4636,discovered
TERT,ABCB1,0.6943,discovered
POU5F1,IGFBP3,0.3595,discovered
HOPX,CCNT1,0.3283,discovered
BAD,SRCAP,0.5054,discovered
FOXO1,MET,0.5079,discovered
RELA,CLDN2,0.6331,discovered
NR1I2,APBB1,0.3319,discovered
ERVFRD-1,CYP3A4,0.4997,discovered
MAPK1,SYP,0.5257,discovered
CDC20,SUZ12,0.3778,discovered
ALOX15,ESR1,0.3838,discovered
GSK3B,MYBL2,0.3622,discovered
TP53,CETP,0.3638,discovered
E2F1,TLR6,0.3769,discovered
ERG,ILF3,0.3832,discovered
KLF13,CASP3,0.6592,discovered
NFKB1,CRH,0.4168,discovered
TP53,SYN1,0.379,discovered
PITX1,ME1,0.5051,discovered
HNF1A,CD86,0.4835,discovered
SP1,NOX1,0.5743,discovered
ZEB1,RPTOR,0.3328,discovered
UGT1A1,ERBB2,0.4255,discovered
MYC,TNFRSF11B,0.4354,discovered
MYC,USP7,0.5788,discovered
HOXC11,BRS3,0.4579,discovered
SP1,CCR7,0.3414,discovered
MTA1,PCSK9,0.6541,discovered
GRK2,HSPA5,0.4097,discovered
BTF3,CEACAM5,0.6795,discovered
BRD7,CFTR,0.4933,discovered
UBE2I,FASN,0.6612,discovered
SP1,GNRH2,0.3931,discovered
SRY,CORO1C,0.3513,discovered
EGR2,PTN,0.3478,discovered
ZNRD1,STAR,0.4989,discovered
EPAS1,LMO3,0.333,discovered
NFKB1,SNAI2,0.7237,discovered
HTATIP2,MLLT3,0.3105,discovered
CREB1,CYP1A1,0.6035,discovered
TP53,RFXAP,0.4833,discovered
ZNF148,STAR,0.655,discovered
TP53,ACAT1,0.6649,discovered
JUN,MECP2,0.3664,discovered
TP53,ADAM23,0.3578,discovered
JUND,SALL2,0.6331,discovered
MYCN,RUNX2,0.4331,discovered
EP300,PPARG,0.6806,discovered
WWTR1,MSH2,0.525,discovered
ING4,RASSF1,0.4503,discovered
ERG,KLF4,0.5233,discovered
HDAC1,IBSP,0.4465,discovered
NOLC1,CCNA1,0.5224,discovered
GK,CD82,0.4083,discovered
DEAF1,IRF1,0.3739,discovered
HNF1A,IGF1R,0.4293,discovered
SLPI,PLAUR,0.4691,discovered
CDC25B,PDE6B,0.3455,discovered
CEBPB,ODC1,0.5992,discovered
CEBPB,NF1,0.3488,discovered
RS1,CHEK2,0.4201,discovered
AKT1,FHL1,0.4882,discovered
E2F1,CDH1,0.5072,discovered
HNF1A,DHFR,0.4611,discovered
TRIB3,STIM1,0.651,discovered
WWTR1,KLK3,0.3203,discovered
PPARA,AKR1C2,0.5589,discovered
FOXK2,PGR,0.5098,discovered
SF1,GNMT,0.4158,discovered
HDAC2,CDKN2C,0.3432,discovered
KLF13,HCK,0.5604,discovered
CDX2,S100A2,0.5186,discovered
PAX5,PTEN,0.3822,discovered
CREB1,ERAP1,0.4582,discovered
WT1,TFF1,0.5135,discovered
ESRRA,NOTCH1,0.6307,discovered
BAD,KLF1,0.5662,discovered
GATA4,NAB2,0.3863,discovered
TWIST1,COL10A1,0.3773,discovered
BRAF,STAT3,0.3042,discovered
LILRB2,FAS,0.5563,discovered
NF1,SMAD4,0.5645,discovered
POU3F2,TNF,0.5254,discovered
NFKB1,GDF3,0.3146,discovered
SPI1,SLC9A3,0.3814,discovered
STAT1,PLAU,0.5793,discovered
GAD1,VEGFA,0.4269,discovered
TGFB1,ESR1,0.4584,discovered
AR,ZNF202,0.5058,discovered
MLL4,MMP20,0.5071,discovered
NFKB1,HBE1,0.3024,discovered
NFKB1,SCN9A,0.355,discovered
RELA,ITGB1,0.4332,discovered
RUNX1,BTK,0.4949,discovered
SIGMAR1,PLAT,0.3344,discovered
TP53,ADIPOR2,0.6153,discovered
BRCA1,NFKB1,0.3541,discovered
AR,DISC1,0.3224,discovered
TFAP2A,TP53,0.3655,discovered
RAB3A,REEP5,0.4458,discovered
E2F1,TGFB1,0.3644,discovered
SPI1,CYP8B1,0.4176,discovered
BCL6,SLC26A4,0.4382,discovered
EGR1,CCR7,0.4076,discovered
OLIG2,SOCS7,0.3384,discovered
CEBPB,SRR,0.3674,discovered
RUNX1,IL1B,0.4735,discovered
NFKB1,FLG,0.3102,discovered
CIITA,ERVW-1,0.3546,discovered
JUND,CAT,0.5288,discovered
MED23,SPRR1B,0.3714,discovered
MC2R,HLA-DQB1,0.3443,discovered
E2F1,LTC4S,0.4854,discovered
OPRM1,ATF2,0.4149,discovered
STAT1,VWF,0.38,discovered
MSH2,SFN,0.4137,discovered
CD4,SPINK4,0.3386,discovered
APC,IGFBP3,0.3905,discovered
SP7,SSTR1,0.5076,discovered
RXRA,C1QTNF5,0.4011,discovered
TBX20,CXCL12,0.4078,discovered
EPO,WNT2,0.419,discovered
POU5F1,CPEB1,0.386,discovered
WT1,PSIP1,0.4262,discovered
BCL6,SMAD7,0.4145,discovered
MEG3,MMP2,0.3918,discovered
CCL5,IFNB1,0.4745,discovered
E2F1,FCGR3B,0.3139,discovered
FOXO3,GATA1,0.5177,discovered
BAD,WASF3,0.3702,discovered
TGFB1,ELF1,0.5441,discovered
STAT1,AR,0.3455,discovered
LDHA,JAG1,0.3037,discovered
IRF2,INS,0.4767,discovered
SREBF1,XPC,0.4725,discovered
HDAC3,NMNAT2,0.3968,discovered
IRF1,LEP,0.4852,discovered
ATM,LPIN1,0.3403,discovered
SREBF2,RELA,0.433,discovered
NCOR2,FLT1,0.4472,discovered
HMGA1,WRN,0.3364,discovered
YY1,JUN,0.5049,discovered
RUNX2,LMO3,0.4044,discovered
PTTG1,CCL3,0.5357,discovered
ARNTL,TNFRSF11B,0.3273,discovered
MAP3K14,TBP,0.4044,discovered
HDAC4,ALOX12,0.4359,discovered
ZNF382,TRAF1,0.3762,discovered
NCL,NOS3,0.333,discovered
HNF4A,ZNF750,0.3242,discovered
JUN,SLC25A20,0.3417,discovered
NF1,APP,0.4128,discovered
TFAP2B,CCR3,0.5975,discovered
PARP1,ITGAL,0.4095,discovered
CEBPZ,IFNL1,0.3618,discovered
CDKN1A,IGF2,0.443,discovered
CTNNB1,KLF10,0.4741,discovered
KLF4,NKX2-1,0.5079,discovered
BCL6,WNT2,0.3902,discovered
ATF4,BSG,0.6381,discovered
KRAS,PCNA,0.5297,discovered
SP1,MEF2D,0.3689,discovered
TP63,PSG3,0.5753,discovered
BUB1B,PLAT,0.5049,discovered
TCF4,AATF,0.4471,discovered
CD86,PRNP,0.5413,discovered
A2M,TOMM34,0.451,discovered
TNFAIP3,MDM2,0.5182,discovered
YY1,BCL2,0.441,discovered
WT1,HSPA5,0.3199,discovered
PARP1,VDR,0.4303,discovered
ETV7,TWIST1,0.4724,discovered
OTC,E2F1,0.3256,discovered
IDO1,HDAC7,0.5173,discovered
SERPINC1,RECK,0.3072,discovered
MED1,NDUFV2,0.3609,discovered
RELA,MAPK14,0.3996,discovered
KLF4,UCP1,0.3058,discovered
SP1,ECE1,0.4294,discovered
WT1,ASPM,0.6006,discovered
DEAF1,GCLC,0.4033,discovered
KDM4C,PML,0.5874,discovered
CA9,SAA2,0.3617,discovered
ELK1,DOK1,0.3527,discovered
HSF2,CRISP3,0.3236,discovered
STAT3,TNC,0.4684,discovered
ACE,STARD4,0.4577,discovered
HDGF,TCF7L2,0.3037,discovered
KRT10,THBD,0.8093,discovered
JUND,DDIT3,0.3977,discovered
RFXAP,EPO,0.5074,discovered
BRAF,JUN,0.3289,discovered
KLF7,SART3,0.3671,discovered
SREBF1,ADAM17,0.4023,discovered
MYB,GREB1,0.3142,discovered
ELK1,CDK6,0.4741,discovered
DDC,SLC2A1,0.4041,discovered
SOX17,HTR1A,0.5075,discovered
ZNF350,GLIS3,0.3951,discovered
MSC,JDP2,0.4569,discovered
GKN2,IL1RN,0.4174,discovered
TRB,IHH,0.6166,discovered
JAG1,HLA-E,0.4162,discovered
ESR1,DACT3,0.5924,discovered
PHF10,E2F1,0.3655,discovered
NPAS2,JUN,0.3052,discovered
TBX2,TRAF1,0.5805,discovered
HIPK2,RAF1,0.3564,discovered
JUN,FOS,0.5357,discovered
SP1,DKK4,0.4181,discovered
NR1H3,SIRT1,0.5149,discovered
CEBPA,PTPA,0.3951,discovered
RELA,LDHA,0.4971,discovered
TWIST1,L1TD1,0.4747,discovered
GATA2,ZNF202,0.322,discovered
TDRD1,IL10,0.4366,discovered
STAT3,GDNF,0.3335,discovered
SIRT2,PGR,0.4949,discovered
MSC,POR,0.3286,discovered
XPC,NFAT5,0.6981,discovered
YY1,CTSD,0.3356,discovered
MC2R,VWF,0.5693,discovered
PAX8,IL6ST,0.368,discovered
YY1,TSHB,0.3527,discovered
FLT1,AGT,0.4714,discovered
CEBPA,TLR4,0.3643,discovered
ZBTB7A,FABP1,0.5342,discovered
RARB,IFNAR1,0.345,discovered
ATF3,TMPRSS2,0.5379,discovered
BID,CYP11A1,0.3038,discovered
EP300,CEACAM5,0.3192,discovered
ADGRE5,INS,0.3256,discovered
TFAP2A,ACADL,0.4132,discovered
GATA3,CXCR4,0.3957,discovered
SP1,BCL2L1,0.3945,discovered
ZNF143,NDRG2,0.5402,discovered
AURKA,MMP9,0.6206,discovered
MYCN,ADORA3,0.3881,discovered
LEF1,CRHBP,0.3932,discovered
RELA,VHL,0.4942,discovered
STAT1,RAG2,0.3099,discovered
WT1,MCM4,0.4387,discovered
AR,RAF1,0.453,discovered
SMAD4,SRR,0.3292,discovered
KIN,NRXN1,0.5994,discovered
ATF2,NPSR1,0.5761,discovered
TK1,NR4A3,0.4247,discovered
REST,SSX2,0.4873,discovered
CEBPB,CYP11A1,0.3917,discovered
GCM1,HSD17B1,0.3094,discovered
SP1,CRP,0.4765,discovered
IRF7,PSG5,0.3636,discovered
NR2C2,TP73,0.4331,discovered
AKR1C2,STAR,0.4257,discovered
TFAP2A,TP63,0.478,discovered
KIT,PRKCB,0.5425,discovered
PITX1,HMOX1,0.4848,discovered
RET,LEP,0.5663,discovered
YY1,KRT16,0.3822,discovered
RELA,IGF1R,0.3151,discovered
SOX2,LTBP4,0.5408,discovered
ZNF24,IL2,0.3128,discovered
SP3,PLSCR1,0.3819,discovered
YBX1,SLC22A3,0.3178,discovered
SOX14,ABCA1,0.3125,discovered
PTMA,DCT,0.4858,discovered
BRCA1,IPO13,0.3115,discovered
STAT3,SFRP1,0.3789,discovered
GSC,CCL19,0.7643,discovered
RFXAP,ADRA2B,0.3235,discovered
MYCN,SOX3,0.3789,discovered
CEL,ICAM1,0.4032,discovered
STAT1,COMP,0.4503,discovered
WT1,RELA,0.6244,discovered
HMG20B,DNAJB4,0.4877,discovered
SP3,CYP27B1,0.5249,discovered
DDIT3,IGF2,0.4406,discovered
CA9,TNFSF4,0.5091,discovered
SALL3,ZNF202,0.3366,discovered
EGFR,CYP11A1,0.5697,discovered
ETV5,CYP2B6,0.4432,discovered
RELA,SLC20A1,0.3688,discovered
MAVS,CDC20,0.3171,discovered
ABCB8,STAR,0.3515,discovered
MECP2,HIC1,0.3733,discovered
SNW1,TLR2,0.4328,discovered
SIX1,WFDC2,0.4426,discovered
ULBP1,KLK3,0.5973,discovered
THBD,IL5RA,0.4421,discovered
CDX2,DCC,0.6119,discovered
USF2,OXTR,0.332,discovered
HDAC1,SNAP91,0.5293,discovered
FOXO4,ACAT1,0.3527,discovered
GABPB1,EIF2AK2,0.5325,discovered
MECP2,IFNA13,0.4748,discovered
TNF,CDCA7L,0.3591,discovered
TWIST2,MUC1,0.4306,discovered
IRF1,GCLC,0.3406,discovered
E2F4,NOX1,0.3476,discovered
FLI1,SOCS3,0.3978,discovered
ARNT,E2F1,0.6005,discovered
LEF1,CDK4,0.3501,discovered
SMAD6,MBD1,0.3987,discovered
RUNX2,NFKB1,0.4882,discovered
MYCN,ST3GAL1,0.3516,discovered
SOX2,CCNB1,0.3143,discovered
REL,EBI3,0.5094,discovered
ETS1,SERPINB5,0.5185,discovered
JAK1,FAS,0.3434,discovered
KCNQ2,PLK1,0.4221,discovered
DNMT1,IL4,0.3496,discovered
TAL1,TP53,0.4951,discovered
CHEK1,HBEGF,0.6664,discovered
HOXA10,SPINK4,0.3196,discovered
IKZF1,KLK1,0.3123,discovered
EP300,DPYSL2,0.4222,discovered
NR3C1,RICTOR,0.407,discovered
BDP1,MLH1,0.3433,discovered
RUNX2,SIRT1,0.4428,discovered
IRF4,SIM2,0.5174,discovered
HIPK2,BDKRB1,0.3346,discovered
FOXO1,ITGB1,0.3694,discovered
KDM4C,TP53,0.4081,discovered
DDIT3,CYP1A1,0.3473,discovered
RUNX3,CCNB1,0.3646,discovered
RFX1,NOTCH3,0.3887,discovered
BTK,PSIP1,0.3912,discovered
WRN,CHGB,0.4729,discovered
MEN1,ISYNA1,0.5031,discovered
NR1I2,PAWR,0.4343,discovered
EP300,CCL7,0.6098,discovered
BRCA1,CD40LG,0.3552,discovered
RARB,GLI1,0.6097,discovered
MYC,MFSD2A,0.4071,discovered
USF1,GALNT3,0.346,discovered
SPIC,ITGA5,0.523,discovered
KLF13,PEBP1,0.3225,discovered
SKIL,CD82,0.6789,discovered
RNF8,FOS,0.41,discovered
USF1,BCL2,0.5915,discovered
SNAI2,FOS,0.3959,discovered
CDC6,ESCO2,0.4874,discovered
CREB1,CERS2,0.4019,discovered
IRF1,TFAP2C,0.435,discovered
STAT6,MAT2A,0.4527,discovered
NFE2L1,HLA-DQB1,0.4722,discovered
HEXIM1,CDKN1A,0.3856,discovered
PGR,TERT,0.5495,discovered
SEPT7,RECQL4,0.3476,discovered
SCD5,IFIT3,0.307,discovered
CASP1,MTA2,0.4568,discovered
FOXA2,CTLA4,0.3264,discovered
PAX4,BCL2L11,0.3334,discovered
RUNX1,POLR1A,0.4529,discovered
CTCF,CYP3A4,0.3064,discovered
POU2F1,IL1B,0.3115,discovered
ERG,TP53,0.3721,discovered
NR2F6,CDKN2A,0.357,discovered
JUN,ILF3,0.3644,discovered
MKI67,TH,0.4549,discovered
TBX2,CYP1A1,0.4879,discovered
CEBPB,IER3,0.36,discovered
EGFR,LHB,0.5046,discovered
BRIP1,CDKN2B,0.3787,discovered
HDAC4,UPP1,0.6329,discovered
MAT2B,TSC1,0.5432,discovered
SSB,TNC,0.5512,discovered
FOXM1,ERN1,0.3631,discovered
CXCR3,IGFBP3,0.5987,discovered
CREM,CDH1,0.3626,discovered
JUN,CD36,0.5751,discovered
PRDM2,MYC,0.3462,discovered
MYC,VDR,0.3259,discovered
MYC,ASPH,0.3806,discovered
DDIT3,FOS,0.4063,discovered
ABCG1,SLC20A1,0.3883,discovered
AR,MPZ,0.5492,discovered
CBX8,RAD51,0.3465,discovered
TP53,THBD,0.3128,discovered
RUNX1,SMAD2,0.3381,discovered
MSX1,CDK2,0.6299,discovered
SP1,ERCC4,0.4547,discovered
TP53,MAPK1,0.3132,discovered
BRCA2,HLA-A,0.3717,discovered
NEAT1,CACNA1H,0.4293,discovered
BRCA1,HHEX,0.5494,discovered
PPARA,VDR,0.3436,discovered
ITGB3BP,SHH,0.6108,discovered
SP2,CYBB,0.5957,discovered
EGR1,CHEK1,0.5603,discovered
EZR,HSPA5,0.5646,discovered
STAT5A,EPAS1,0.4431,discovered
TP73,DST,0.548,discovered
POU2F1,PTGS2,0.3519,discovered
EP300,PIK3CA,0.508,discovered
TRAF6,POU1F1,0.7333,discovered
HOXA9,IL5RA,0.5148,discovered
ETS1,MET,0.3134,discovered
CDH1,BRCA1,0.528,discovered
POU2F1,ABCB1,0.4408,discovered
ETS1,ZNF143,0.4152,discovered
TFAP2A,HLF,0.4627,discovered
HOXC11,CDH2,0.5778,discovered
IRF7,FUT7,0.5139,discovered
WT1,GJA5,0.3178,discovered
FADD,GSTP1,0.4733,discovered
CD274,IL3,0.6053,discovered
BRCA1,IPO7,0.542,discovered
GATA1,DKK3,0.3305,discovered
PHOX2A,PKNOX1,0.3462,discovered
TP53,CHST4,0.387,discovered
SMAD3,FOXM1,0.3582,discovered
WIF1,HSPA5,0.3621,discovered
NFKB1,TSHR,0.4307,discovered
E2F6,CD1D,0.4616,discovered
RAD51,PTGS2,0.5094,discovered
E2F1,ID2,0.3559,discovered
HSF1,RPS3A,0.4478,discovered
WWTR1,MTTP,0.53,discovered
PPARG,IL23A,0.6999,discovered
MEF2D,STAT1,0.6072,discovered
FOXL1,ARG1,0.5147,discovered
EGR1,LAG3,0.4034,discovered
SATB1,TCF7,0.6482,discovered
FOXM1,TNFRSF12A,0.4899,discovered
NFKB1,PCSK1,0.4589,discovered
CDKN1A,NFATC1,0.4599,discovered
NFYA,GRIN1,0.4587,discovered
HDAC1,GATA1,0.3063,discovered
SP1,HBD,0.6501,discovered
ERG,CD36,0.4188,discovered
E2F1,TFF3,0.5068,discovered
BDNF,CUX1,0.3798,discovered
IL11,STAT6,0.3461,discovered
HOXA10,NR2F1,0.3615,discovered
NFKB1,PANK2,0.5202,discovered
XRCC1,NOX4,0.4927,discovered
KDM4C,HBEGF,0.321,discovered
KLK4,RASGEF1B,0.4202,discovered
NR4A2,FABP1,0.3266,discovered
ERCC2,GKN2,0.3761,discovered
UPF3B,FCGR1A,0.3817,discovered
SIN3A,TAGLN,0.4406,discovered
YY1,HLA-DRB1,0.5878,discovered
NR1I3,EPAS1,0.4308,discovered
CBFB,SMAD7,0.6509,discovered
SP1,SLC2A3,0.3641,discovered
ZNF383,CDH1,0.4819,discovered
RSF1,NDUFV1,0.3939,discovered
JUND,BIRC5,0.4575,discovered
KLF8,PLK1,0.3486,discovered
PDGFRA,MT1E,0.3286,discovered
TCF4,FCER1A,0.5062,discovered
KIF2C,NPY,0.5998,discovered
PPARG,MCL1,0.4528,discovered
GLI3,CCNE1,0.458,discovered
WWP1,STS,0.4286,discovered
NFKB1,LEF1,0.5773,discovered
IRF1,TCF19,0.3025,discovered
CDKN1A,SI,0.4203,discovered
ATF3,EP300,0.3035,discovered
HIF1A,APCS,0.551,discovered
TCF7L2,RICTOR,0.306,discovered
PAX2,CDKN2A,0.3282,discovered
KLF15,COL11A1,0.3738,discovered
RB1,COL4A3,0.4076,discovered
FOXF2,SIN3A,0.5106,discovered
SATB1,NKX2-1,0.4268,discovered
HIF1A,ENPP2,0.4583,discovered
CYP24A1,TIMP1,0.3097,discovered
BAX,TLR9,0.3984,discovered
HDAC1,BCL2,0.5715,discovered
TBX3,CPT1A,0.5259,discovered
HSF2,GM2A,0.4031,discovered
USF2,CASP9,0.4625,discovered
CASP1,ATF5,0.4825,discovered
ZNF382,KIT,0.3477,discovered
KLF4,DEFA1,0.4157,discovered
CYC1,TRPC1,0.3544,discovered
SCAND1,PSIP1,0.4965,discovered
CREB3L1,FASN,0.3889,discovered
MEF2D,ATR,0.3537,discovered
SIRT1,CDH2,0.4332,discovered
CDX2,PSMC5,0.6203,discovered
FOS,HSPA5,0.4502,discovered
PAX6,MUC1,0.4643,discovered
SP1,LEF1,0.3326,discovered
GATA2,CRP,0.5664,discovered
GATA6,MZF1,0.4528,discovered
KDM6A,ADM,0.4456,discovered
CDK6,POU2F1,0.4151,discovered
SOX17,MSL1,0.4907,discovered
DEAF1,GSK3B,0.3126,discovered
SMAD3,F7,0.3419,discovered
ZNF350,VIM,0.3449,discovered
WWTR1,MMP7,0.4794,discovered
PLK1,TOP3A,0.5105,discovered
HIF1A,NAT1,0.3523,discovered
ATP2A2,PCSK9,0.412,discovered
KDM4C,BLK,0.3893,discovered
BAK1,TWIST1,0.3639,discovered
MCM4,MMP9,0.501,discovered
RUNX1,CYP17A1,0.3933,discovered
STAT3,TNPO1,0.5331,discovered
PTTG1,OPTN,0.4521,discovered
ING1,UGT1A6,0.3324,discovered
LHX4,IFNG,0.3229,discovered
NELFCD,PTN,0.6354,discovered
IKBKB,TFF1,0.4107,discovered
USF1,CABLES1,0.3045,discovered
TNIP3,ICAM1,0.4139,discovered
RFX5,ARHGEF1,0.3295,discovered
LMO7,CDH13,0.4173,discovered
IRF7,HDAC8,0.6681,discovered
PDGFRA,INS,0.6123,discovered
PTTG1,SART3,0.4128,discovered
NFAT5,COL7A1,0.488,discovered
RAD51,IL1RL1,0.3117,discovered
POU4F1,CCK,0.4942,discovered
CXCL1,HDAC1,0.4356,discovered
RAD51,CXCL8,0.353,discovered
PAX5,NPPB,0.4904,discovered
SP1,DUSP10,0.346,discovered
USF1,CDKN1A,0.4079,discovered
E2F1,VIM,0.3267,discovered
ST3GAL3,POLD1,0.3589,discovered
BRCA1,PIK3CA,0.4478,discovered
ATF6,PIK3CA,0.4186,discovered
APBB1,PCNA,0.5033,discovered
SLC22A2,REL,0.4644,discovered
SP3,PELO,0.3484,discovered
CREB5,HNRNPA2B1,0.5384,discovered
ZNF350,VEGFB,0.3209,discovered
SP1,KLF17,0.3401,discovered
UBTF,DDB2,0.4651,discovered
E2F4,SRY,0.3324,discovered
DDB1,KL,0.3827,discovered
ATM,GUCY1B1,0.5095,discovered
CDKN1C,EGFR,0.3412,discovered
NFKB1,ALDOA,0.3105,discovered
RET,MYC,0.6551,discovered
NR1H4,BCL6,0.4918,discovered
SRY,CDKN1A,0.3725,discovered
MYC,GREB1,0.4007,discovered
ERBB2,SRC,0.5308,discovered
PMEPA1,PCK2,0.4633,discovered
UXT,CCNB1,0.3945,discovered
GFAP,CXCL12,0.316,discovered
SREBF2,TP73,0.3425,discovered
USF1,OPRM1,0.5502,discovered
AR,CYP1A1,0.6952,discovered
CDKN1A,ONECUT2,0.5713,discovered
TSC2,AES,0.3135,discovered
E2F6,HLA-C,0.3656,discovered
HMGA1,VLDLR,0.419,discovered
PDGFRA,TFDP3,0.5486,discovered
MYC,ATM,0.5267,discovered
GATA4,APP,0.5326,discovered
TG,RNF111,0.5488,discovered
MTA2,CCND1,0.3294,discovered
TFAP2A,HSPA5,0.6391,discovered
PIGR,NAMPT,0.5806,discovered
SP1,FCGR3B,0.3209,discovered
JUN,TNFRSF12A,0.3579,discovered
SRCAP,STAT1,0.6273,discovered
RFXANK,BRD7,0.3404,discovered
DRAP1,MST1,0.4265,discovered
USF1,HOXC8,0.3579,discovered
STAT3,ALDH1A2,0.3453,discovered
KCNMA1,IL13,0.4075,discovered
ZNF76,SOCS2,0.5577,discovered
STAT1,RBP3,0.3284,discovered
CEBPB,OTC,0.3081,discovered
CREBBP,RET,0.4301,discovered
RUNX3,PLK1,0.5078,discovered
NFKB1,DBH,0.4046,discovered
NFKB1,ACAT1,0.3079,discovered
TRIM28,APOA5,0.4792,discovered
NFATC2,APOD,0.334,discovered
MYC,ITGB3,0.4162,discovered
CORO1C,PTGIR,0.4256,discovered
POU2F1,UGT2B4,0.3073,discovered
RPS6KA3,PF4,0.393,discovered
ESRRA,FDPS,0.45,discovered
E2F1,PARG,0.3271,discovered
RUNX3,ID2,0.3782,discovered
PTK6,CHEK1,0.486,discovered
HOXA10,CDH1,0.3735,discovered
REN,HES1,0.4817,discovered
SPI1,YY1,0.5135,discovered
HLX,TEAD1,0.4718,discovered
TCF4,SOX14,0.3104,discovered
HLA-DRB3,BTG2,0.3055,discovered
KIT,ARNTL,0.4076,discovered
STAT6,RASGEF1B,0.3432,discovered
NKX3-1,TCFL5,0.365,discovered
ABCC6,FLI1,0.6134,discovered
MMP9,MYD88,0.4896,discovered
ETS1,E2F6,0.4481,discovered
RFX2,SLC19A3,0.4214,discovered
YY1,C4A,0.4057,discovered
CREB1,FAS,0.3769,discovered
WT1,MICB,0.4368,discovered
CREB1,GSTP1,0.4691,discovered
SP1,PLOD1,0.4248,discovered
MPO,CX3CL1,0.3395,discovered
PDE6B,SURF1,0.3461,discovered
CEBPB,ZBTB2,0.4473,discovered
FOS,GDF15,0.5464,discovered
DNMT1,BBC3,0.4668,discovered
ATF2,TNFRSF12A,0.4036,discovered
PARP1,PLAUR,0.4938,discovered
IL22,OAS1,0.3849,discovered
FAM57A,AREG,0.4766,discovered
NOS1,DUSP4,0.3528,discovered
RUNX1,GNMT,0.4465,discovered
USF2,BMI1,0.3716,discovered
AURKB,CRH,0.4487,discovered
MYCN,NR1I2,0.402,discovered
NF1,SUGP1,0.3928,discovered
JUN,HOXC8,0.4172,discovered
PITX2,TP73,0.3847,discovered
RELA,SMAD3,0.4067,discovered
BRD3,CDC25A,0.4396,discovered
NFIC,MLH1,0.4055,discovered
CEBPB,BAX,0.5265,discovered
FOXM1,GJB1,0.5123,discovered
EAF1,TWIST1,0.5817,discovered
HOXA5,FHL1,0.4753,discovered
SLC39A1,SPI1,0.4607,discovered
TFAP2A,FMO3,0.7434,discovered
TIAL1,MTA1,0.4187,discovered
USF1,BCL2A1,0.4545,discovered
PIK3CA,ARX,0.7981,discovered
SPI1,TP53,0.3831,discovered
JUN,DNMT3B,0.3944,discovered
PTTG1,CASP8,0.3886,discovered
TBP,CCL20,0.3736,discovered
E2F4,CREB1,0.3697,discovered
USF1,KLK3,0.3269,discovered
JUN,ODC1,0.3482,discovered
RUNX2,CSNK2A1,0.3439,discovered
PGR,TAF12,0.6191,discovered
IL12RB2,KCNH2,0.4818,discovered
TP53,VEGFD,0.3819,discovered
AR,FGFBP1,0.4427,discovered
NR0B1,CRABP2,0.391,discovered
RASGEF1B,MZF1,0.6109,discovered
POU5F1,PTGFR,0.3715,discovered
YBX1,IGFBP5,0.3664,discovered
FLT3,CCL5,0.5826,discovered
PHF8,CCND1,0.5155,discovered
ETS2,GAPDH,0.3426,discovered
VIM,ESR1,0.3501,discovered
NRF1,KCNQ3,0.3845,discovered
ASCL1,MAOA,0.3112,discovered
KLF6,FOS,0.3297,discovered
SDC1,CYP2F1,0.5787,discovered
FOXM1,ABCC6,0.4249,discovered
JCHAIN,APAF1,0.4647,discovered
FGFR1,SH2D1A,0.4787,discovered
LTC4S,TFE3,0.3377,discovered
STAT6,ICAM1,0.4885,discovered
TP53,MAPK3,0.467,discovered
MYC,BAG3,0.4208,discovered
CBX8,ATP2A2,0.3387,discovered
JUND,SERPINB1,0.6188,discovered
RB1,COL1A2,0.4308,discovered
RARG,SLC22A6,0.3939,discovered
MAPK3,NPPA,0.4446,discovered
POU3F2,SOX7,0.5346,discovered
BAX,WRN,0.5325,discovered
ARNT2,SREBF2,0.4704,discovered
PPARD,IL12B,0.3137,discovered
KLF4,UGT1A8,0.3893,discovered
USF1,TEK,0.3369,discovered
RELA,FOS,0.4447,discovered
ASCL1,HDC,0.4226,discovered
JUN,TNFRSF9,0.3134,discovered
IRF7,AKR1C2,0.3382,discovered
EPAS1,CYP2C19,0.4204,discovered
HSF1,FTH1P18,0.531,discovered
ZNF143,PTGIR,0.3219,discovered
ATF1,SLCO1B3,0.4422,discovered
SREBF1,BRAF,0.5506,discovered
NCOR2,SP7,0.4497,discovered
ABCC6,CTSD,0.327,discovered
LRRFIP1,HLTF,0.3344,discovered
KDM4B,BCAR1,0.6014,discovered
RAD51,NFKB1,0.4773,discovered
GLI2,PRL,0.3524,discovered
RELA,CHEK2,0.305,discovered
ETS2,CLCNKA,0.5514,discovered
TFAP2A,CCL4,0.3195,discovered
CDX2,MDM2,0.465,discovered
MZF1,MYD88,0.4506,discovered
ELK4,CYP7A1,0.421,discovered
CEBPB,TFAP2A,0.3522,discovered
PBX1,RELA,0.4247,discovered
MYC,DNMT1,0.3872,discovered
AR,CASP3,0.4728,discovered
CDX1,SIRT2,0.336,discovered
CEBPD,ERBB2,0.5068,discovered
RPA2,KLF11,0.4763,discovered
FOXM1,ASCL1,0.3541,discovered
RUNX1,RB1,0.4873,discovered
FGFR1,EP300,0.5403,discovered
MAFG,PON2,0.5182,discovered
E4F1,CD4,0.5845,discovered
MYC,HOXA2,0.4886,discovered
THRSP,TP53BP2,0.4562,discovered
SP1,BMP2,0.4141,discovered
MYD88,BMP4,0.4185,discovered
GATA2,VEGFB,0.3354,discovered
MTA1,KLF6,0.5772,discovered
ATOH1,PDK4,0.3967,discovered
FOXQ1,EWSR1,0.679,discovered
HPSE,SOX9,0.4758,discovered
EAF2,PCNA,0.589,discovered
ATF5,SATB2,0.5126,discovered
HIPK2,BIRC7,0.3393,discovered
EIF2AK2,HES1,0.3469,discovered
NHLH2,CCR3,0.3654,discovered
HDAC3,LHB,0.4978,discovered
PDCD1,SOX1,0.3128,discovered
CDK6,S100A9,0.4876,discovered
BCL6,TAF5,0.317,discovered
OTX1,FOS,0.569,discovered
TP53,GDA,0.342,discovered
PML,SYN1,0.6783,discovered
FASN,AGGF1,0.3687,discovered
EIF2AK2,SRR,0.3676,discovered
EGR1,SERPINA3,0.3125,discovered
MYC,HDC,0.3788,discovered
HDAC9,DEFB4A,0.3165,discovered
SLC2A3,LDHA,0.3224,discovered
PML,KRT14,0.4651,discovered
MCL1,NRL,0.5538,discovered
SMAD2,HRH1,0.3234,discovered
UGT1A1,BCL2,0.3598,discovered
WWTR1,EED,0.4106,discovered
ING4,HNRNPD,0.3263,discovered
LHX4,A2M,0.4178,discovered
E2F1,SCARF1,0.3592,discovered
RUNX1,CDO1,0.3982,discovered
PAX2,PMAIP1,0.4575,discovered
GREB1,CCNA2,0.4443,discovered
SETDB1,ACTA1,0.3672,discovered
CTCF,ESR1,0.5533,discovered
CREB1,SKP2,0.3636,discovered
CYP7B1,CEACAM1,0.3834,discovered
CDKN1A,MYL9,0.4386,discovered
ZFP36L1,CREBBP,0.3484,discovered
MITF,CXXC5,0.3894,discovered
STAT1,POU2F1,0.4232,discovered
LIN28B,PROS1,0.3226,discovered
FLT3,FCER2,0.5385,discovered
TCF4,HERC2,0.3811,discovered
SEC14L2,GAST,0.3837,discovered
GATA3,MLH1,0.4137,discovered
IL12B,CEBPD,0.3293,discovered
BRCA1,SNAI1,0.4087,discovered
HLA-G,TUBB3,0.475,discovered
HOXA5,HDAC1,0.4433,discovered
NFKB1,OAT,0.5514,discovered
DAPK1,MYC,0.381,discovered
CREB1,CYP46A1,0.351,discovered
MAFB,SIX3,0.5518,discovered
GFI1,CCND3,0.4034,discovered
NFIC,LDHA,0.6154,discovered
NKX2-5,CDKN1A,0.4559,discovered
POU5F1,TSC2,0.5949,discovered
YBX1,BRD3,0.4626,discovered
ARNT,PCNA,0.378,discovered
TFAP2A,PLD1,0.4433,discovered
SOX9,JUND,0.3902,discovered
UBTF,GRM2,0.4028,discovered
HLF,L1TD1,0.6326,discovered
TP63,HDAC1,0.3876,discovered
LAG3,COL18A1,0.6332,discovered
JUN,CDK4,0.4721,discovered
IL17RB,SFTPD,0.3944,discovered
NRF1,PIK3CA,0.4465,discovered
CDK4,CYP2A6,0.4251,discovered
IRF2,CREB1,0.4013,discovered
BHLHE22,ZNF202,0.5819,discovered
MCL1,EZH2,0.4596,discovered
HIPK2,BGLAP,0.3945,discovered
SP1,PFKFB3,0.555,discovered
NRL,PPP2CA,0.4194,discovered
ETS2,SMAD4,0.6594,discovered
RUNX3,CD44,0.4034,discovered
EZH2,CXCL14,0.5833,discovered
LEF1,MMP9,0.3639,discovered
KRT10,ESR1,0.3677,discovered
RELA,RAG2,0.6739,discovered
CDKL5,TEK,0.454,discovered
NFKBIB,SOCS1,0.3547,discovered
SNAP25,CASP3,0.5775,discovered
IRF8,APOBR,0.3207,discovered
ERG,LRRFIP1,0.6076,discovered
PRDM1,LDHA,0.3672,discovered
CDK4,FCGR2B,0.4807,discovered
USF2,PTEN,0.548,discovered
TFAP2A,F7,0.3126,discovered
GATA1,OLR1,0.3918,discovered
CCL5,NR1H4,0.334,discovered
FOXI1,XIAP,0.4273,discovered
STAT1,ZNF205,0.4004,discovered
DNMT3A,HSPA5,0.3194,discovered
HES1,MMP2,0.3751,discovered
GATA1,ASF1B,0.3115,discovered
NRF1,SOX9,0.4995,discovered
EGFR,TGIF1,0.3469,discovered
ILF3,MYC,0.3699,discovered
KHSRP,ILK,0.4976,discovered
STAT1,CTNNB1,0.3498,discovered
E2F1,HLA-DOB,0.3776,discovered
FOXM1,HLA-DRA,0.3568,discovered
EP300,FASN,0.6253,discovered
KLF8,IL5,0.7633,discovered
RORA,MLLT3,0.5335,discovered
CDKN1A,RUNX1,0.4103,discovered
EZH2,MT1E,0.579,discovered
MLLT3,HBEGF,0.4164,discovered
PARP1,SFTPB,0.6192,discovered
CDCA7,F3,0.4054,discovered
EDEM2,TP53,0.4854,discovered
HES1,CD46,0.4372,discovered
DDB1,ZNF410,0.3322,discovered
HOXA5,TF,0.3709,discovered
MTF1,POU3F2,0.3537,discovered
FOXH1,TYR,0.4484,discovered
IER3,BCL2,0.507,discovered
COL4A3,SGK1,0.3807,discovered
MYB,SLPI,0.482,discovered
POU2F1,AKT1,0.3092,discovered
RXRA,NEUROG3,0.4371,discovered
NR1H4,THRSP,0.3801,discovered
SP1,IL5,0.4411,discovered
HCN4,PROX1,0.4471,discovered
MAPK3,TNFRSF9,0.4526,discovered
KLF1,AGTR1,0.4635,discovered
RUVBL1,AGER,0.3294,discovered
SURF1,HYAL1,0.4416,discovered
RELA,ALKBH2,0.425,discovered
E2F1,TIMP2,0.6,discovered
CYP46A1,DDX18,0.6234,discovered
CEBPA,TCN2,0.5497,discovered
ERBB2,IL2RA,0.513,discovered
LMTK2,UHRF1,0.4627,discovered
CRHR1,EED,0.5131,discovered
NFKBIA,BCL2,0.6063,discovered
NOTCH1,SLC5A5,0.5132,discovered
EGR1,STK11,0.5324,discovered
USF1,NOS2,0.3693,discovered
FOXF2,PON2,0.4507,discovered
RELA,PPP2R2D,0.3927,discovered
JUN,IGF2,0.3336,discovered
AGGF1,CCNB1,0.4302,discovered
ID2,BRCA1,0.3081,discovered
IL10,IFNA1,0.3923,discovered
AURKB,CDK6,0.3151,discovered
ESR1,ADORA2A,0.3138,discovered
PTTG1,MT1E,0.3897,discovered
SLC22A8,CD14,0.3636,discovered
LEF1,PHLDA1,0.3631,discovered
NFKB1,SERPINC1,0.4493,discovered
IAPP,PCK1,0.427,discovered
MUC5B,RELA,0.3951,discovered
HIF1A,CXCL8,0.3241,discovered
SMAD3,GAD1,0.312,discovered
HIF1A,BLK,0.3694,discovered
HDAC3,NPY,0.3314,discovered
STAT6,FGFR1,0.7219,discovered
ATF4,LTF,0.4222,discovered
GLI1,PDLIM7,0.3513,discovered
F10,ICAM3,0.5093,discovered
KCNQ2,STAT3,0.3579,discovered
EGR1,S100A4,0.4278,discovered
RLN2,DNMT1,0.5083,discovered
CHEK1,ZEB2,0.5093,discovered
KLF10,RASGRP1,0.3415,discovered
ATF6,POU5F1,0.3718,discovered
GATA2,HEY1,0.3238,discovered
POU2F1,ETS2,0.4923,discovered
AATF,SCARB1,0.4261,discovered
SP3,GJB1,0.5663,discovered
NR5A1,NDRG2,0.5122,discovered
ETS1,MUC1,0.3202,discovered
FLI1,IFIT3,0.3724,discovered
CASP3,BCL2L11,0.3361,discovered
DNMT1,CYC1,0.3098,discovered
ING2,SPRR3,0.3909,discovered
CEBPB,SERPINC1,0.4557,discovered
GATA1,IRF2BP2,0.4451,discovered
RELA,SOX7,0.4472,discovered
RELA,POU4F2,0.3612,discovered
EZH2,CCND2,0.3458,discovered
CARD8,APP,0.3926,discovered
RELA,HSPA1B,0.3318,discovered
TBX21,CHEK1,0.6072,discovered
RELA,PELP1,0.3975,discovered
FOXQ1,AR,0.3476,discovered
ARID3A,PIM1,0.4133,discovered
RUNX3,GATA1,0.5603,discovered
CDX1,SRD5A3,0.5963,discovered
SIRT1,TNFRSF10A,0.3302,discovered
PARP1,TNFRSF11B,0.6477,discovered
RUNX3,E2F8,0.5081,discovered
PTTG1,CA9,0.4112,discovered
RACGAP1,PLTP,0.3614,discovered
TK1,MMP14,0.4112,discovered
BRCA1,CDKN2C,0.611,discovered
RET,FSHB,0.3727,discovered
MSC,PLK1,0.3238,discovered
PTTG1,CREM,0.5866,discovered
NRAS,UTRN,0.4242,discovered
ETS2,RBBP8,0.3059,discovered
SIRT1,CCL21,0.6506,discovered
MAFB,ATM,0.3579,discovered
NFKB1,INS,0.3801,discovered
YBX1,ZFP42,0.5944,discovered
TNFSF4,TGFA,0.5862,discovered
SMARCA4,CTNNB1,0.3388,discovered
PREB,RHOB,0.5939,discovered
TP53BP1,PCNA,0.7088,discovered
CHEK2,HTT,0.3489,discovered
TCF3,LIPC,0.3574,discovered
IRF1,S100A9,0.5181,discovered
IPO13,NPPA,0.3552,discovered
SOCS1,JUN,0.7702,discovered
EGR1,TGFA,0.4368,discovered
CCL2,SLC20A1,0.4785,discovered
LDHA,TFAM,0.4112,discovered
NPAS2,GINS3,0.3656,discovered
ITGB4,ATF7,0.3572,discovered
NR3C1,POLE2,0.5843,discovered
PPARG,F8,0.4735,discovered
PGR,CCNG2,0.379,discovered
BID,HLA-F,0.4019,discovered
MTF1,CYBB,0.5226,discovered
JUND,RELA,0.4174,discovered
E2F1,APOA2,0.3054,discovered
SIM2,MMP13,0.3427,discovered
GML,AKR1C2,0.5771,discovered
GFER,ATP6V0A2,0.4218,discovered
SOX17,GPNMB,0.3713,discovered
CCNB1,MMP1,0.3955,discovered
RELA,SOX3,0.3297,discovered
MAP1LC3B,UGDH,0.3448,discovered
SP1,IL1B,0.5061,discovered
GABPA,IL6,0.4977,discovered
ULBP1,CTNNB1,0.3276,discovered
E2F2,IL1B,0.3608,discovered
E2F3,CYP2B6,0.4784,discovered
RUNX3,CDH2,0.3078,discovered
DDC,TYR,0.3523,discovered
RRM2,DNMT3A,0.44,discovered
EP300,BCL2,0.3421,discovered
PPARG,IRF3,0.4681,discovered
ETS2,HLA-DRB1,0.6509,discovered
UBE2I,EZR,0.3135,discovered
E2F1,IL6,0.6582,discovered
HDAC9,MAPK8,0.4302,discovered
ARL6IP5,RELA,0.6256,discovered
NFKB1,ERG,0.4627,discovered
PLAGL1,RAP1A,0.3868,discovered
RB1,ATG5,0.3176,discovered
STAT6,PGR,0.6105,discovered
GATA1,ACAN,0.6191,discovered
PPARA,CDK4,0.3141,discovered
STAT3,ERBB3,0.4741,discovered
E2F2,CASP3,0.3711,discovered
YBX1,CISH,0.6784,discovered
ATF4,FABP7,0.3767,discovered
SP1,KDM6A,0.4967,discovered
SP3,HDAC1,0.4421,discovered
ILF3,IRF4,0.4222,discovered
HK2,FASLG,0.4393,discovered
TFAP2A,BRCA1,0.3421,discovered
POU2F2,CCND2,0.3473,discovered
HHEX,COL1A2,0.5635,discovered
CTNNB1,TP53,0.5149,discovered
RFXAP,IKBKG,0.6803,discovered
RFX5,CTSD,0.3598,discovered
KLF4,PCGF2,0.5054,discovered
MYCN,MUC2,0.541,discovered
ERG,HSP90AA1,0.327,discovered
NFATC2,ADORA2A,0.4259,discovered
GSTP1,PCK2,0.4348,discovered
ZNF160,CDKN1B,0.6477,discovered
BTF3,SMARCB1,0.3886,discovered
ETS1,PDGFRA,0.5692,discovered
RFX1,SMAD3,0.6115,discovered
E2F1,FOSL1,0.4688,discovered
NFYB,ERCC4,0.6408,discovered
CREM,CCND1,0.389,discovered
ATM,CXCL8,0.4291,discovered
SLC2A1,EBI3,0.4128,discovered
MEF2D,PPP2R2D,0.351,discovered
BCL3,ATM,0.3373,discovered
FOXP3,PENK,0.3486,discovered
AXIN1,DHCR24,0.3875,discovered
RFX2,NF1,0.4612,discovered
EIF2AK2,CD44,0.5009,discovered
ETV4,ESR1,0.4678,discovered
GLI2,CCNA2,0.4086,discovered
KRAS,VEGFA,0.3658,discovered
E2F1,PDGFRA,0.3735,discovered
CRYGC,FGF9,0.3305,discovered
CDX2,CBS,0.6062,discovered
SP1,BAD,0.3971,discovered
SOX4,NRAS,0.6545,discovered
TNF,MAP1LC3A,0.4208,discovered
CTBP1,SLC2A3,0.3805,discovered
HDAC3,ALK,0.3674,discovered
HIF1A,CRH,0.4367,discovered
ABCC2,AURKA,0.3608,discovered
MYBL2,GCM1,0.4827,discovered
POU5F1,HLA-A,0.5293,discovered
SLC1A3,IL4,0.4964,discovered
RELA,SKP2,0.4095,discovered
CD274,PTP4A1,0.3972,discovered
HDAC1,CDK4,0.5934,discovered
JUN,POR,0.4026,discovered
SP1,MSR1,0.4476,discovered
SOCS1,EDNRB,0.4154,discovered
STAT6,PLAT,0.343,discovered
HLA-DPA1,PER2,0.5295,discovered
RELB,PIAS1,0.3343,discovered
WT1,TBX2,0.4308,discovered
DLX3,SIRT1,0.4049,discovered
HDAC10,HIF1A,0.5031,discovered
HOXA10,XRCC1,0.363,discovered
DNASE1,LIN28B,0.5917,discovered
FOXA3,EDN1,0.4202,discovered
RELA,PSG5,0.4276,discovered
HNF4A,EGFR,0.489,discovered
CTCF,TERF1,0.4036,discovered
NFKB1,XBP1,0.3415,discovered
SP3,PPARD,0.5532,discovered
EGR1,PAX6,0.3568,discovered
JUN,GAST,0.3871,discovered
MYOG,SP1,0.5659,discovered
SLC25A20,CYP2B6,0.5527,discovered
ATF3,TGM4,0.3274,discovered
HES1,JUN,0.3161,discovered
NPM1,DEFB1,0.3241,discovered
APC,ALAS2,0.3228,discovered
PPARG,TWIST1,0.5615,discovered
EP300,SLC22A3,0.369,discovered
PIAS2,GATA4,0.3385,discovered
NFKBIA,SLC19A3,0.5734,discovered
ELF3,GDF15,0.3676,discovered
ATF1,CASP1,0.3309,discovered
HIF1A,IGFBP3,0.4888,discovered
HNF4A,NR1H4,0.4543,discovered
LEF1,PRSS50,0.3726,discovered
HMGA2,IL10,0.3969,discovered
ZNF410,RB1,0.3925,discovered
PKLR,MMP3,0.4931,discovered
JCHAIN,PIK3CA,0.3632,discovered
EVX1,MDC1,0.324,discovered
CDK4,PIAS1,0.3633,discovered
SP3,APOC3,0.4875,discovered
FHL2,SMARCB1,0.3911,discovered
BRCA1,EZH2,0.5937,discovered
ELK1,RGS4,0.4193,discovered
STAT3,CCL4,0.5255,discovered
NOLC1,FUT7,0.5135,discovered
KLF16,HBA2,0.3517,discovered
NFKB2,GREB1,0.4493,discovered
JUND,SNAI2,0.3238,discovered
ADRA1A,SERBP1,0.4957,discovered
MEF2A,ZNF202,0.3313,discovered
CEBPA,ARG1,0.4348,discovered
TP53,MEF2A,0.4981,discovered
MKL1,CCND1,0.4868,discovered
MUC17,SCARB1,0.3678,discovered
PBX2,TXN2,0.3597,discovered
ETS1,NR1I2,0.3578,discovered
JUN,TFAP4,0.4577,discovered
CDK6,IKBKB,0.3057,discovered
NOTCH2,SOST,0.6901,discovered
FHL2,SH2D1A,0.3679,discovered
ATF2,IRS2,0.5472,discovered
NR5A1,ATP6V0A2,0.3195,discovered
NR2C2,MYC,0.4096,discovered
LMX1B,F2R,0.4017,discovered
SNAP91,FOXP3,0.5653,discovered
DNMT1,XPC,0.3376,discovered
MYC,FABP4,0.3277,discovered
TEF,CHD8,0.3317,discovered
RELA,SNAI2,0.3615,discovered
POLD2,BRAF,0.3596,discovered
KRAS,CPEB1,0.4494,discovered
HDAC1,MME,0.4041,discovered
ETS2,CYP1B1,0.5527,discovered
SPDEF,FAAH,0.3535,discovered
SP1,ADM,0.5536,discovered
KAT5,NTF3,0.5115,discovered
XBP1,GATA3,0.3292,discovered
TBX2,IL6,0.375,discovered
RELA,EIF2AK1,0.3368,discovered
TP53,NAB1,0.3774,discovered
HDAC1,TRA,0.49,discovered
EGR1,CYP11B1,0.3698,discovered
ESR1,ABCC6,0.8158,discovered
LEF1,DUSP6,0.5969,discovered
GLI1,VIM,0.3265,discovered
HLTF,HP,0.5217,discovered
EHF,FASLG,0.4963,discovered
CD24,LIPC,0.397,discovered
GATA4,HLA-B,0.3052,discovered
CEBPB,VEGFA,0.3779,discovered
CTNNB1,E2F3,0.3118,discovered
MAP4,NES,0.476,discovered
RFX2,CDH2,0.3058,discovered
WNT3A,BTG2,0.3479,discovered
SREBF2,NR1H4,0.318,discovered
TP53,IL1B,0.5615,discovered
EGFR,ICAM3,0.4891,discovered
IRF9,BGLAP,0.5406,discovered
WWTR1,SLC20A1,0.3731,discovered
SMAD2,ICAM1,0.3543,discovered
BRCA1,AURKA,0.392,discovered
JARID2,CDKN1A,0.4188,discovered
FOXO3,NOTCH4,0.5386,discovered
NR2F2,CD82,0.3257,discovered
TP53,CRY1,0.4812,discovered
IL17RB,TSHB,0.3993,discovered
MTOR,E2F1,0.3315,discovered
EGR3,CBFB,0.6794,discovered
GREB1,VIM,0.4509,discovered
MIR708,FOXP3,0.3622,discovered
DNM3,SP1,0.4211,discovered
CTLA4,MATN1,0.4846,discovered
ASAP2,ALOX5,0.5669,discovered
SPI1,HDAC3,0.3383,discovered
PER2,IL12B,0.5053,discovered
PAX2,FUT7,0.3115,discovered
POU2F1,ELL,0.4245,discovered
MLL3,CDKN1A,0.473,discovered
PPARG,CD14,0.4307,discovered
ETS2,PTPA,0.3743,discovered
FOXG1,TERT,0.4139,discovered
JUN,S100A10,0.3035,discovered
SP1,BRD3,0.5006,discovered
ONECUT2,HLA-E,0.3539,discovered
SIRT1,GBP1,0.4968,discovered
SETDB1,HLA-DOB,0.379,discovered
NR2F2,LDLR,0.519,discovered
EPCAM,SLC19A3,0.5176,discovered
STAT1,RXRA,0.3049,discovered
EGR1,MCPH1,0.3324,discovered
MYCN,ANKRD1,0.5869,discovered
SP1,HOXB13,0.5468,discovered
HSF1,KRT13,0.3541,discovered
SPI1,RBP3,0.3244,discovered
HLA-F,NPY,0.4969,discovered
MITF,PLAC1,0.3208,discovered
ANGPT2,CD28,0.4164,discovered
SP3,CEBPZ,0.3391,discovered
TFAP2A,CEL,0.3029,discovered
CEP55,LOX,0.5455,discovered
MSX2,IL10,0.336,discovered
SP1,FABP1,0.5624,discovered
ATM,TIMP2,0.336,discovered
SPRY2,MSMB,0.3783,discovered
STAT1,MTOR,0.5573,discovered
TEAD4,MITF,0.336,discovered
PTTG1,NES,0.3385,discovered
HNF1A,REN,0.372,discovered
TFAP2A,ZEB1,0.5637,discovered
SP3,SMAD7,0.4182,discovered
LAMC2,GCGR,0.3166,discovered
PRKCQ,LYL1,0.4142,discovered
DLX5,ILK,0.3783,discovered
MYD88,ANGPT2,0.6315,discovered
RARG,IGF1,0.3719,discovered
NKX2-5,FANCA,0.3898,discovered
PPARA,HOXA10,0.3226,discovered
FOSL1,ERVW-1,0.5563,discovered
SP3,WNT7B,0.4027,discovered
RICTOR,MMP1,0.6106,discovered
IRF1,PLAC1,0.3787,discovered
KLF4,PSG7,0.3149,discovered
FOXF2,NF1,0.5676,discovered
IRF3,EGR1,0.4544,discovered
ASCL1,FOS,0.6632,discovered
FOXD3,ATP6V0A2,0.712,discovered
SIRT1,RARA,0.4326,discovered
AHR,PLAU,0.4747,discovered
DEAF1,CAMP,0.3512,discovered
NFYC,LPAR2,0.4831,discovered
SLC22A8,MEF2C,0.5301,discovered
CD3G,PLAU,0.4565,discovered
NFKB1,MTA2,0.4323,discovered
SP1,ALDH1A1,0.4034,discovered
TLR4,IFNG,0.343,discovered
JUN,ADRA1A,0.4471,discovered
CIITA,PDK2,0.3945,discovered
CCL26,FASN,0.3286,discovered
PPL,FOXM1,0.4538,discovered
NFATC2,CLU,0.379,discovered
S100P,PPARA,0.5102,discovered
KAT2B,PMEL,0.3954,discovered
PARP1,LAMC2,0.3536,discovered
PPARD,HLA-DOB,0.4138,discovered
PGR,APH1A,0.4072,discovered
NFKBIA,ALK,0.5709,discovered
KLF4,CGB5,0.3552,discovered
PPP2R2B,IL4,0.5725,discovered
KLF8,PPARA,0.498,discovered
HDAC4,CD19,0.303,discovered
TWIST1,HLA-C,0.4056,discovered
E2F1,IL2,0.4488,discovered
STAT4,IRF4,0.5241,discovered
HIF1A,MVP,0.3973,discovered
SEMG1,CYP3A5,0.5103,discovered
ESRRA,TRAP,0.4938,discovered
EP300,BDP1,0.4145,discovered
IL15,NCF2,0.4124,discovered
RFX5,VSX2,0.4109,discovered
MTA3,E2F1,0.4646,discovered
RELA,MET,0.4038,discovered
HDAC1,NQO1,0.5226,discovered
ELK4,GSC2,0.3213,discovered
NFE2L1,CCND2,0.6502,discovered
PKM,H2AFX,0.5787,discovered
SUGP1,COL1A2,0.6171,discovered
E2F1,FLT3,0.5074,discovered
AATF,ATM,0.4819,discovered
GDF3,NRF1,0.417,discovered
ELK1,BIRC5,0.315,discovered
CEBPB,ROS1,0.4384,discovered
NKX2-5,CDC6,0.5593,discovered
NR3C2,BCL2,0.539,discovered
PITX2,FXR2,0.4744,discovered
CDX1,CXCL12,0.3542,discovered
KCNN2,ACLY,0.4952,discovered
RAP1A,NF1,0.4193,discovered
ALK,CDKN1A,0.3562,discovered
NFKB1,AURKA,0.5315,discovered
AHRR,MSL1,0.5031,discovered
MSL1,FOS,0.3412,discovered
ERG,IRF1,0.3812,discovered
ARID3A,FST,0.5193,discovered
SLC3A1,CASP8,0.4858,discovered
NKX2-1,SYN1,0.6558,discovered
FOXO4,PENK,0.6029,discovered
S100B,FADD,0.3258,discovered
POU3F2,PARP1,0.348,discovered
UBE2S,CTNNB1,0.3142,discovered
NFYC,ATM,0.5108,discovered
SERPINE1,TF,0.3852,discovered
GATA1,CSH2,0.3792,discovered
TWIST2,LEF1,0.4461,discovered
TRIM25,CXCL12,0.3258,discovered
LGALS1,HLA-DOB,0.3544,discovered
MYC,UBE2I,0.5944,discovered
SEPT7,LRIG2,0.3064,discovered
HDAC4,NOS3,0.3591,discovered
SURF2,ARHGEF1,0.3213,discovered
HAP1,GCK,0.3755,discovered
HDAC2,TNFRSF10A,0.3207,discovered
FHL5,NTS,0.3269,discovered
DNMT1,APOA5,0.5384,discovered
CTNNB1,AIP,0.3204,discovered
RORC,CYP11A1,0.4659,discovered
RB1,ASAH1,0.3469,discovered
KCNIP3,SNAI2,0.614,discovered
JUN,DUSP1,0.6124,discovered
CTCF,IL10,0.631,discovered
STAT1,XRCC5,0.3501,discovered
FOXP1,SOS1,0.3842,discovered
RUNX2,COL18A1,0.5119,discovered
SP1,NPHS2,0.406,discovered
GLS,PDK4,0.3325,discovered
HNF1A,DUSP6,0.3082,discovered
SP1,CRYGA,0.3093,discovered
REST,SLC20A1,0.4755,discovered
USF2,TFF1,0.6381,discovered
CDKN1A,GJC2,0.5397,discovered
USF2,MFN2,0.4649,discovered
NR3C2,CA9,0.3637,discovered
CCND3,SHOX,0.5515,discovered
CREB1,CD274,0.3546,discovered
HLTF,BCAR1,0.7109,discovered
MYEF2,IRF4,0.5043,discovered
FOSL2,LDHA,0.6844,discovered
BST1,MAPK3,0.3036,discovered
FOXM1,STARD4,0.4098,discovered
NAT1,USP7,0.3684,discovered
E2F1,TH,0.5578,discovered
BCL6,CYP3A4,0.4911,discovered
KAT2B,AR,0.3539,discovered
HSF1,NCAM1,0.5002,discovered
FOXO3,DAPK2,0.471,discovered
SOX2,TNC,0.5372,discovered
EGR1,IPO7,0.3786,discovered
NFKB1,MDM2,0.3497,discovered
MYC,PLAU,0.4085,discovered
FLI1,MDM4,0.3511,discovered
JUNB,MUC5AC,0.5652,discovered
MYC,NOV,0.3509,discovered
TWIST1,SPRY2,0.367,discovered
SUGP1,SELE,0.4645,discovered
HIF1A,CCND2,0.4547,discovered
PTEN,IL23A,0.4868,discovered
STAT1,TFEB,0.3368,discovered
TP73,AGT,0.3992,discovered
ZFP36L1,CSF3R,0.3833,discovered
SUZ12,NPAS2,0.5599,discovered
CEBPB,BCAS3,0.3711,discovered
ERAP1,MSR1,0.3536,discovered
HDAC1,MUC17,0.3397,discovered
GATA4,PTEN,0.5895,discovered
EP300,NQO1,0.4294,discovered
FLI1,ESR1,0.7062,discovered
SIM2,FLI1,0.3996,discovered
ETS1,STAT6,0.3488,discovered
HIF1A,KCTD11,0.3738,discovered
TWIST1,DACT1,0.7024,discovered
GATA4,SPRY2,0.3802,discovered
FOS,BCAR1,0.669,discovered
FMR1,FOXP3,0.4346,discovered
BRD7,PDX1,0.4211,discovered
ESR2,WRN,0.3833,discovered
CEBPA,PENK,0.3474,discovered
YBX1,RGS10,0.3413,discovered
GATA1,CDK4,0.4505,discovered
NFKB1,IFIT3,0.5206,discovered
FOXM1,MMP1,0.3416,discovered
FHL2,SLC20A1,0.5604,discovered
ESR1,DNMT3A,0.3234,discovered
HIC1,RAG2,0.7338,discovered
HDAC1,RORA,0.5303,discovered
TP53,HLF,0.4446,discovered
PPARGC1A,ACADL,0.4281,discovered
NOTCH1,SNCB,0.3266,discovered
HDAC1,FGFR4,0.4432,discovered
TOP1,COPS5,0.5337,discovered
STAT1,BRD7,0.3603,discovered
ZNF350,FLT3,0.3802,discovered
PIAS3,CRP,0.3433,discovered
PANK2,MYC,0.6396,discovered
SOX10,CDC42BPG,0.4977,discovered
LMO2,UHRF1,0.3312,discovered
ITGA5,PAPSS2,0.4405,discovered
RFX5,G0S2,0.4895,discovered
KLF13,HLA-DQB1,0.5333,discovered
SNAP25,ERO1A,0.6419,discovered
PITX2,WT1,0.5039,discovered
HDAC10,FAP,0.3909,discovered
TP53,FOXA2,0.3532,discovered
RUNX1,SFTPD,0.373,discovered
BRCA1,PCNA,0.4837,discovered
YBX1,CCL11,0.3365,discovered
HDAC1,LRRN3,0.4897,discovered
KLF4,IMPDH2,0.3293,discovered
RBMX,DCN,0.5468,discovered
E2F1,CBFB,0.5745,discovered
DNMT1,APOM,0.5451,discovered
CTCF,CFTR,0.5503,discovered
BTRC,SPI1,0.3436,discovered
E2F1,CCNA1,0.5434,discovered
FOXA2,TGFBR2,0.4585,discovered
USF1,ESRRA,0.5863,discovered
BTF3,JUN,0.6189,discovered
EBF1,SERPINA3,0.4129,discovered
MADCAM1,ACADL,0.3951,discovered
STAT1,SIN3A,0.6308,discovered
HDAC4,COL1A2,0.5171,discovered
CEBPD,MUC5AC,0.6627,discovered
PAX6,FOXA2,0.3484,discovered
RFX5,TERT,0.4577,discovered
PDK1,STAR,0.4501,discovered
PRAM1,SLC13A4,0.3952,discovered
ATF3,BRCA2,0.3082,discovered
NKX2-1,PTPN6,0.4594,discovered
RELA,ST6GAL1,0.3889,discovered
MYC,KLK3,0.697,discovered
BRCA1,TYR,0.5383,discovered
PML,IL1B,0.4411,discovered
PARP1,MAT2A,0.5643,discovered
KLK4,NME3,0.4793,discovered
HIC1,STARD7,0.3523,discovered
THBS2,HBE1,0.5611,discovered
ARX,MMP3,0.4855,discovered
GLCE,SNAI2,0.5577,discovered
DNMT1,TK1,0.577,discovered
SP7,CDKN1A,0.4014,discovered
HMGA1,ZNF350,0.3275,discovered
BRCA1,MUC1,0.455,discovered
MAOB,TNFRSF11B,0.4426,discovered
FOS,TGFB2,0.4128,discovered
EZH2,HOXC6,0.3121,discovered
LIN54,LITAF,0.5305,discovered
HLA-DQB2,JUN,0.5924,discovered
SOX17,NRP1,0.4457,discovered
SP3,COL1A2,0.3361,discovered
HSF1,CA9,0.5386,discovered
SREBF2,HIF1A,0.3806,discovered
EP300,RNF144A,0.3401,discovered
TERF2,YES1,0.3349,discovered
ELK1,TNFAIP3,0.4739,discovered
PDCD1,SLC2A3,0.3957,discovered
TP73,NOX4,0.3867,discovered
FTO,CLEC4G,0.5019,discovered
TCF7L2,CPEB1,0.5073,discovered
VHL,RUNX1,0.3816,discovered
EGR1,ALDH1A1,0.5437,discovered
PFKP,PTPN13,0.3196,discovered
POU1F1,SGK1,0.3109,discovered
TTK,POU5F1,0.3248,discovered
RUNX1,PSMB10,0.4005,discovered
MC1R,RPLP0,0.3959,discovered
SLC22A2,BAX,0.4308,discovered
REST,NRXN1,0.5193,discovered
SNAI2,FAT1,0.3424,discovered
WFDC2,RASGEF1B,0.3581,discovered
PGR,MT1F,0.4935,discovered
MYCN,FGF2,0.4837,discovered
CARD8,IER3,0.4027,discovered
GLI1,GADD45G,0.3257,discovered
FOSL2,IL6,0.4883,discovered
TRERF1,NDRG2,0.3599,discovered
F13A1,THBS1,0.4419,discovered
AES,IL4,0.4625,discovered
JUN,BTG2,0.5802,discovered
VDR,ALOX15,0.535,discovered
RREB1,ATG7,0.5604,discovered
SP1,PHOX2B,0.4957,discovered
TP73,IL10,0.4329,discovered
CYC1,CTSB,0.5466,discovered
NPM1,SLC20A1,0.3964,discovered
SP1,FOXO3,0.4758,discovered
JUND,CCL7,0.3779,discovered
YY1,NOS3,0.3098,discovered
NR1H4,CD6,0.3988,discovered
ONECUT1,EYA3,0.3662,discovered
CFB,MUC5AC,0.5085,discovered
CCL5,ECE1,0.4322,discovered
ESR1,HLA-DRB5,0.4919,discovered
GSK3B,CLDN7,0.3272,discovered
USF1,BIRC5,0.4645,discovered
EZH2,CXCR4,0.6533,discovered
ETV7,MMP3,0.4039,discovered
VDR,HESX1,0.4093,discovered
HDAC5,GGPS1,0.5189,discovered
TWIST1,CFI,0.4761,discovered
SMAD7,CHEK1,0.5348,discovered
YY1,ATM,0.3205,discovered
EWSR1,GMPS,0.3146,discovered
SP3,CXCR4,0.3515,discovered
ERG,BCL2,0.3574,discovered
RUNX1,ELL,0.6185,discovered
NAB1,CSF2,0.4656,discovered
SRF,CAPN6,0.426,discovered
MYC,TIMP1,0.3483,discovered
SOX10,ALOX12,0.3268,discovered
DNMT3A,NR4A1,0.332,discovered
CRISP3,PF4,0.3655,discovered
E2F1,APOA5,0.3153,discovered
GABPB2,TFPI2,0.4967,discovered
RUNX3,TCF7,0.5307,discovered
RET,AKT1,0.499,discovered
PIAS4,ACOX1,0.415,discovered
CTCF,CYR61,0.4608,discovered
EP300,NPPB,0.5611,discovered
GATA3,TRPC1,0.489,discovered
STAT3,DEDD,0.557,discovered
CEBPB,TIMP1,0.5217,discovered
IRF7,IL1A,0.4488,discovered
ELF4,MMP7,0.6183,discovered
BRCA1,ACTG2,0.4164,discovered
CREB1,MC1R,0.4648,discovered
FOXF2,IRF2,0.494,discovered
WISP2,LCAT,0.4453,discovered
STAT4,MMP2,0.3249,discovered
MECP2,ODC1,0.5215,discovered
TLR4,THBD,0.4909,discovered
TFAP2A,CD40LG,0.3255,discovered
BDP1,PENK,0.3958,discovered
SMO,PSMD11,0.4928,discovered
SP1,GAD1,0.4363,discovered
TFCP2L1,DUSP1,0.3042,discovered
SP3,RPS3A,0.7394,discovered
GATA2,IL18,0.3951,discovered
SP4,STAT3,0.3383,discovered
SP1,CTNNB1,0.4553,discovered
FLT3,HSD17B6,0.3492,discovered
SP1,CXCL2,0.5362,discovered
CIITA,CDK4,0.3699,discovered
WWP1,SERPINC1,0.399,discovered
KLF2,IRF5,0.456,discovered
NKX2-3,SFRP5,0.5042,discovered
CEBPB,SMUG1,0.425,discovered
KLF2,CIAO1,0.3171,discovered
TP53,SPP1,0.3725,discovered
TP53,GSK3B,0.582,discovered
HLA-E,RPTOR,0.3135,discovered
PPARGC1A,CGA,0.3809,discovered
HIF1A,TRB,0.4869,discovered
NFKB1,GCSAM,0.3125,discovered
ZEB1,BRD7,0.3077,discovered
IRF2,CDC6,0.3216,discovered
XAF1,PIK3CA,0.4316,discovered
SMARCA1,USP7,0.6829,discovered
SP1,MTA2,0.315,discovered
HSF1,MT2A,0.4062,discovered
TIMP2,MBD1,0.369,discovered
SPI1,CREM,0.3848,discovered
SMAD4,EPAS1,0.6488,discovered
SMAD4,WRN,0.3775,discovered
ATF2,E2F1,0.5459,discovered
ZNF350,PDCD2,0.3782,discovered
RB1,BRAF,0.4038,discovered
AR,TNFRSF10B,0.4839,discovered
ARNT,IL11,0.4091,discovered
APC,MUC1,0.3876,discovered
FOXL2,SLC2A4,0.3273,discovered
RUNX2,DUSP4,0.4404,discovered
E2F1,IL1RN,0.5181,discovered
NR4A1,AFP,0.558,discovered
YBX1,MMP7,0.4867,discovered
SP1,S100A6,0.4246,discovered
FUBP3,WWOX,0.3497,discovered
JUN,CDKN1B,0.5684,discovered
CHD4,ATP2A3,0.5535,discovered
HDC,CDH1,0.3513,discovered
CRHBP,FLT1,0.4507,discovered
NUPR1,CCR7,0.5195,discovered
HDAC5,BMI1,0.3632,discovered
YY1,CDK4,0.3266,discovered
CXCR2,CYFIP2,0.5389,discovered
ATM,SPINK4,0.6503,discovered
PSMC5,PCK2,0.3762,discovered
KRT10,CYP11A1,0.5892,discovered
EIF2AK2,SMAD3,0.5516,discovered
HEY1,PTGFR,0.5937,discovered
ELF2,SOCS1,0.3234,discovered
WT1,PROX1,0.3265,discovered
PAX8,RUNX2,0.3764,discovered
PAWR,IL23A,0.3578,discovered
BRCA1,CDC20,0.5965,discovered
NOTCH3,FOXP3,0.4478,discovered
SP1,L1CAM,0.4889,discovered
MAX,TNF,0.5083,discovered
GSTP1,CCNE1,0.3466,discovered
USF2,PLK1,0.3316,discovered
GATA3,PRDM2,0.4511,discovered
SOX10,EPHB2,0.536,discovered
STAT1,CDKN1B,0.3701,discovered
ATF4,COL1A2,0.3405,discovered
CREB1,GREB1,0.4686,discovered
USF1,HSD3B1,0.412,discovered
SP1,HIPK2,0.4475,discovered
MTF1,SLC9A2,0.407,discovered
ATF1,SMARCA4,0.4212,discovered
MYBL2,HPSE2,0.3129,discovered
ERCC2,SCNN1B,0.4279,discovered
ATF2,IL32,0.417,discovered
NPC1L1,PHB,0.4209,discovered
TFAP2A,IFNG,0.4371,discovered
NFE2L2,PIK3CA,0.5319,discovered
NFKB1,TRA,0.7002,discovered
RARA,IL5,0.4296,discovered
EVX1,HNRNPD,0.3285,discovered
RPLP0,MIF,0.4263,discovered
ESR1,MXD1,0.38,discovered
MITF,CD36,0.3125,discovered
HNF1A,AR,0.4521,discovered
NFKBIZ,KLF4,0.6905,discovered
SP1,CASP8,0.7284,discovered
RXRA,CCND1,0.4944,discovered
GLS,CDH1,0.4034,discovered
NANOG,HAS2,0.409,discovered
TAL1,SPRY2,0.3032,discovered
NF1,NGF,0.3678,discovered
ATR,BHLHE40,0.6066,discovered
STAT3,INS,0.3946,discovered
NELL2,SCNN1A,0.4208,discovered
USF1,ACAT1,0.5105,discovered
TFAP2A,PSMB10,0.4289,discovered
NFKB1,PHB,0.3774,discovered
TALDO1,THY1,0.3374,discovered
PTEN,FN1,0.4348,discovered
MAZ,CITED2,0.3109,discovered
NFKB1,NELL2,0.3726,discovered
IRF4,NEUROD1,0.3745,discovered
HDAC1,TLR3,0.6481,discovered
TBX2,CCL21,0.5872,discovered
APEX1,ATOH1,0.43,discovered
E2F1,RELA,0.3599,discovered
NFE2L2,ZFP36,0.3792,discovered
IDO1,TWIST1,0.5265,discovered
SOX2,GAPDH,0.5861,discovered
FOS,GNRH2,0.6414,discovered
HDAC4,TAF5,0.411,discovered
ATF1,ID3,0.3252,discovered
AR,RBL2,0.429,discovered
CDK11B,CASP9,0.5572,discovered
FSHB,TAF12,0.3433,discovered
USF1,SNAI1,0.6051,discovered
SMAD4,GATA3,0.4212,discovered
STAT1,HEY1,0.4845,discovered
SP1,ACE,0.35,discovered
STAT6,TLR2,0.5546,discovered
CYP24A1,MMRN1,0.3618,discovered
DRAP1,MYC,0.5047,discovered
E2F1,NPHS1,0.5271,discovered
E2F1,LAMB1,0.5612,discovered
DAXX,PLAGL1,0.4943,discovered
STAT3,STARD3,0.6159,discovered
OSM,IFNB1,0.346,discovered
SIX1,BSG,0.311,discovered
E2F1,ESR1,0.4049,discovered
MXI1,RET,0.3194,discovered
FOXC1,NFKBIZ,0.3765,discovered
TBX21,PPARA,0.3593,discovered
E2F1,ITGB1,0.3235,discovered
PREB,TFEB,0.322,discovered
CDCA7,HDAC9,0.3841,discovered
MET,BHLHE41,0.3729,discovered
GTF2B,ABCB11,0.434,discovered
AR,AKT2,0.4301,discovered
HDAC1,FUS,0.4814,discovered
USF1,TP53,0.3457,discovered
TFPT,PDGFB,0.4193,discovered
LMX1B,HESX1,0.4554,discovered
E2F1,CD163,0.417,discovered
NFKB1,RB1,0.3946,discovered
RUNX2,COL7A1,0.3865,discovered
ZNF382,DNASE2,0.5376,discovered
HIST1H4L,MED15,0.4463,discovered
KLF6,IL2RA,0.4797,discovered
SPI1,PTEN,0.4567,discovered
TBX2,TCF19,0.5778,discovered
CYBB,IGF1R,0.3257,discovered
HSF1,ZEB1,0.4208,discovered
SP3,IVL,0.4712,discovered
HEY2,HLA-DQA2,0.5586,discovered
ETV5,AKT1,0.4436,discovered
IL6ST,LTF,0.3602,discovered
GJC2,SOX14,0.3847,discovered
SOX9,ARX,0.3503,discovered
JUN,SCARB1,0.3778,discovered
CREB3L1,B4GALT1,0.3403,discovered
JUN,PHLDA1,0.5932,discovered
FGFR1,HMGA2,0.5421,discovered
AR,CHAT,0.4229,discovered
MYCN,SHOX2,0.404,discovered
ETS1,KLK1,0.3282,discovered
TFAP2C,BAX,0.3111,discovered
SATB1,SIDT1,0.5421,discovered
RELA,MYEF2,0.455,discovered
DDIT3,MCM10,0.4328,discovered
CEBPB,CD82,0.5179,discovered
PLAGL2,NFKBIZ,0.3417,discovered
HIF1A,SHH,0.3354,discovered
STAT3,CPEB1,0.312,discovered
JUND,CRABP2,0.4901,discovered
ARID1A,USF2,0.3636,discovered
SIN3A,SLC34A2,0.4411,discovered
RELA,SOX4,0.3472,discovered
EPAS1,ITGA9,0.3468,discovered
NANOG,TWIST1,0.3117,discovered
SP1,ATF3,0.3942,discovered
MYCN,EBNA1BP2,0.4992,discovered
DNMT1,NR1I2,0.426,discovered
PAX2,FOXI1,0.3458,discovered
IL27,SIRT1,0.3222,discovered
EGR1,CREG1,0.3714,discovered
CDC20,DACH1,0.747,discovered
TERF2,BIRC5,0.4587,discovered
ESR2,MMP3,0.649,discovered
FOS,GLI1,0.4778,discovered
ELF3,MMP7,0.4674,discovered
VDR,CDK2,0.6093,discovered
GSC,ALK,0.4011,discovered
SP1,PPARG,0.4255,discovered
CEBPE,BHLHE22,0.3228,discovered
PAX2,MMP2,0.3495,discovered
EP300,ATF3,0.3896,discovered
E2F1,FABP6,0.4159,discovered
AIRE,PIK3R3,0.4404,discovered
SP1,PEG10,0.5738,discovered
E2F1,CRHBP,0.4154,discovered
RELA,WBP1,0.6419,discovered
STAT3,TFF1,0.4763,discovered
RORA,DDR2,0.3802,discovered
OTX2,BCL2,0.398,discovered
STAT1,TYRP1,0.4316,discovered
TOP2A,PLD1,0.3869,discovered
CCL5,CD163,0.3288,discovered
SIRT1,CDK1,0.5001,discovered
HOXA9,STAR,0.3842,discovered
ESR2,CXCL12,0.6838,discovered
PDE7A,MME,0.386,discovered
MYC,CRY1,0.3356,discovered
YBX1,FADD,0.3333,discovered
SP1,BPI,0.3553,discovered
MEF2C,PRF1,0.3979,discovered
NRF1,PCK1,0.3993,discovered
CREB1,MCM5,0.6066,discovered
FOSL2,FGFBP1,0.4556,discovered
PPARA,SMAD7,0.3971,discovered
DNMT1,DLG4,0.5726,discovered
ESR1,EGR2,0.3792,discovered
ETS1,DCBLD2,0.3529,discovered
SP1,MEAF6,0.3543,discovered
BTG2,PTPA,0.4725,discovered
SP1,OAS1,0.3622,discovered
FOXP2,PODXL,0.3436,discovered
JUN,PHB,0.5127,discovered
ETS1,RECK,0.3024,discovered
FOXM1,ASPM,0.3432,discovered
RELA,ATRX,0.3571,discovered
NANOG,ELF4,0.3923,discovered
RFC3,MYC,0.4985,discovered
IL1B,CCL2,0.4471,discovered
NR2F1,IKBKB,0.4239,discovered
RFX3,LCN2,0.3644,discovered
RB1CC1,BRCA2,0.3883,discovered
RELA,L1TD1,0.5002,discovered
ALB,XAF1,0.3102,discovered
FOXN4,XIAP,0.3646,discovered
BDP1,SOX9,0.3358,discovered
LHX4,MEIS2,0.3367,discovered
HDAC3,DUSP1,0.3436,discovered
EGR1,TBX5,0.4859,discovered
CREB1,CDK6,0.3805,discovered
NFAT5,VHL,0.6482,discovered
SP1,SMURF2,0.3335,discovered
FOXP3,SIAH1,0.4551,discovered
SNAI1,CDK4,0.5011,discovered
NLK,CDK4,0.4465,discovered
POU5F1,TERT,0.3977,discovered
MYH9,PAX6,0.3575,discovered
LEFTY1,IL21,0.6966,discovered
RFX2,HLA-DMA,0.316,discovered
NR3C1,NR2E3,0.4907,discovered
CDX2,LDHA,0.3159,discovered
CTNNB1,HMGA2,0.3869,discovered
EGR1,CPT1A,0.4523,discovered
IRF1,SLC25A20,0.5077,discovered
PTAFR,GLI3,0.4785,discovered
SIRT1,GRIN1,0.4848,discovered
EHMT2,GLI2,0.3758,discovered
CBX7,MYC,0.5015,discovered
BRCA1,NCF2,0.3125,discovered
APBB1,CCNB1,0.593,discovered
SATB1,SOST,0.3308,discovered
LMO4,CFB,0.3721,discovered
ETV4,TPT1,0.6677,discovered
STAT1,BRIP1,0.4057,discovered
EGR1,MMP9,0.4854,discovered
YY1,TFDP1,0.4242,discovered
CEBPA,TFDP3,0.4252,discovered
KRAS,VAMP2,0.6736,discovered
RFXAP,MXI1,0.3054,discovered
AES,CCND2,0.45,discovered
HSPA4,IFNB1,0.3971,discovered
E2F1,FGFBP1,0.4758,discovered
SP1,DROSHA,0.4189,discovered
MITF,CLDN7,0.3905,discovered
FBXO32,MICA,0.325,discovered
CTNNB1,LBP,0.6408,discovered
CDX2,AURKA,0.4303,discovered
NEDD4L,PF4,0.4053,discovered
HDAC4,TPT1,0.5786,discovered
MYBL2,CCND2,0.3139,discovered
BDKRB1,VEGFA,0.5729,discovered
TBX21,CCR3,0.419,discovered
PTEN,SPP1,0.3415,discovered
HEY1,ERCC4,0.42,discovered
GTF2I,VIM,0.688,discovered
PPARGC1A,FABP7,0.3142,discovered
MYC,PF4,0.3394,discovered
BRCA1,PIAS3,0.3612,discovered
LBP,CYP11A1,0.4834,discovered
NFYA,UGT1A6,0.3189,discovered
NR2F2,STARD7,0.5498,discovered
ORMDL3,MMP9,0.4494,discovered
SOX9,PDGFRA,0.574,discovered
NOTUM,SCNN1A,0.4135,discovered
SNAP25,PLG,0.3432,discovered
NOTCH3,TP53,0.4026,discovered
MYC,MBD2,0.4455,discovered
KLF10,ATF5,0.3618,discovered
NR1H3,KCNIP3,0.4032,discovered
KDM6A,CHST4,0.4902,discovered
RAP1A,CLDN7,0.4031,discovered
POU2F1,ERBB2,0.381,discovered
PGR,MMP9,0.5576,discovered
KLF4,SPRY2,0.5953,discovered
POU4F2,PTPA,0.4406,discovered
RFXAP,PC,0.389,discovered
HIPK2,GLI1,0.3932,discovered
NFKB1,PMAIP1,0.5817,discovered
DIRAS3,ERBB2,0.4986,discovered
CTBP1,EHMT2,0.7259,discovered
KAT2B,TRIB3,0.4676,discovered
JUN,FOXM1,0.7733,discovered
KRT10,HIPK2,0.3638,discovered
TWIST2,BHLHE22,0.3437,discovered
IRF4,S100A2,0.364,discovered
TRIM22,EGR3,0.4745,discovered
HBG1,MT1E,0.3271,discovered
SREBF1,APP,0.3229,discovered
GATA6,DDR2,0.5134,discovered
CEBPA,LPIN1,0.4971,discovered
STAT6,SALL4A,0.6289,discovered
IRF8,NKX6-1,0.4637,discovered
REL,LDLR,0.4453,discovered
E2F1,CCNE2,0.5627,discovered
HDAC1,MAD1L1,0.5116,discovered
NFATC1,REPS2,0.3121,discovered
SP3,MID1,0.3892,discovered
RUNX1,ADGRB1,0.3835,discovered
FOXO1,ZEB1,0.4645,discovered
CLDN3,PTPA,0.6083,discovered
DNMT3A,ABCA1,0.4686,discovered
NFKB1,TH,0.4887,discovered
SP1,TLR3,0.3858,discovered
EP300,SERPINE1,0.5961,discovered
KLF2,CDK6,0.4805,discovered
NFIX,FGF9,0.3547,discovered
SP1,CHEK2,0.3796,discovered
VIM,NFKBIZ,0.3364,discovered
FDFT1,MEF2B,0.5462,discovered
RELA,NOD1,0.5511,discovered
LEF1,SQSTM1,0.3698,discovered
STAT2,PRKCQ,0.4213,discovered
MUC1,ZEB1,0.4744,discovered
AR,DACT1,0.4127,discovered
TTF2,IFIT3,0.393,discovered
DDIT3,ACACB,0.5064,discovered
TP53,IRF5,0.3493,discovered
RORC,NOTCH3,0.4456,discovered
NR1H4,ZEB1,0.4572,discovered
TAF1,FAT1,0.5184,discovered
SP1,AKAP12,0.5104,discovered
CD40LG,HLA-B,0.5704,discovered
IRF9,MGMT,0.5755,discovered
SP3,SPINK4,0.4771,discovered
HEY1,VCP,0.4895,discovered
CASP3,PLG,0.3325,discovered
SIRT1,CYBB,0.3634,discovered
EGLN1,CDKN1A,0.3105,discovered
CDX2,NEUROD1,0.4581,discovered
GRHL1,SNAI1,0.3714,discovered
HSF1,EZR,0.4117,discovered
CBFA2T3,VEGFA,0.4122,discovered
CDKN1A,F2R,0.4429,discovered
TRIM22,KIF2C,0.4544,discovered
NPAS2,PSEN2,0.4013,discovered
HOXD1,ZEB1,0.3247,discovered
CEBPB,RUNX2,0.5414,discovered
SMAD4,XIAP,0.5259,discovered
CEBPB,SP1,0.5979,discovered
NFKB1,CDH5,0.3771,discovered
FOXO1,SNAI2,0.426,discovered
PPARG,APOA4,0.5656,discovered
HSD17B11,EZR,0.4138,discovered
TRIB3,BRD3,0.3847,discovered
RELA,IGF1,0.3705,discovered
MYCN,CDX2,0.3739,discovered
CHEK1,MYC,0.3644,discovered
RELA,BUB1B,0.6673,discovered
NFKBIA,S100A4,0.354,discovered
TSC2,AKR1C3,0.7359,discovered
E4F1,BARX2,0.3268,discovered
SMAD4,BHLHE40,0.6032,discovered
HDAC1,IRF2,0.4656,discovered
NFKBIA,MAPK1,0.4356,discovered
AIRE,ST6GAL1,0.5687,discovered
PIAS1,CDH1,0.5524,discovered
CCL4,ITGB1,0.3093,discovered
E2F1,CA9,0.4946,discovered
CRHR1,MMP17,0.399,discovered
KLF6,MUC1,0.4898,discovered
KLF8,HTR1A,0.3134,discovered
EPAS1,ITGAV,0.4986,discovered
TFAP4,APOA4,0.3368,discovered
PTGER4,IRF1,0.499,discovered
RELA,NT5E,0.3189,discovered
ETS1,HLA-DQB2,0.4566,discovered
RELA,EN1,0.3505,discovered
NUPR1,PSMB10,0.5664,discovered
HDAC1,NLK,0.3415,discovered
CDX1,IL2RB,0.3353,discovered
CEBPA,METAP2,0.4891,discovered
SRF,C3,0.3545,discovered
MYCN,EPB41L3,0.6258,discovered
CDH2,RELA,0.4695,discovered
MYCN,CDC73,0.401,discovered
NR1I3,REPS2,0.4841,discovered
RELA,MBP,0.3386,discovered
CARTPT,MEAF6,0.3566,discovered
AR,AGGF1,0.5042,discovered
HNF1A,POU5F1,0.3715,discovered
FGF16,DOCK1,0.4402,discovered
HNF4A,SLC22A3,0.3518,discovered
ATF5,GABPA,0.3393,discovered
OTX2,INS,0.3898,discovered
PCSK1,NR4A1,0.5477,discovered
MMP3,POU2F3,0.3476,discovered
BRD4,JUN,0.3834,discovered
EGR1,MTF1,0.3584,discovered
RAD51,HES1,0.6024,discovered
SP3,KLF11,0.7511,discovered
POU3F1,NEUROG3,0.5703,discovered
PIK3CA,HBE1,0.4666,discovered
MUC5B,DCT,0.3871,discovered
FIGLA,AMACR,0.3844,discovered
POU3F2,UXT,0.3865,discovered
EGR2,CCK,0.5716,discovered
HDAC3,MAT2B,0.3523,discovered
AR,RPTOR,0.5745,discovered
NODAL,LDHC,0.3468,discovered
JUN,MLH1,0.4471,discovered
DDIT3,FABP7,0.3755,discovered
SOX9,SLC25A20,0.4228,discovered
RELA,BAALC,0.3596,discovered
SPDEF,LBP,0.3823,discovered
UMOD,FOXP3,0.4751,discovered
SP4,FAAH,0.4467,discovered
MSC,PARP1,0.3365,discovered
YY1,ASPM,0.4112,discovered
TP53,HIF1A,0.3782,discovered
JUND,CYP46A1,0.3621,discovered
IGK,PIAS3,0.3274,discovered
HRK,SHOX2,0.4579,discovered
ATF4,GSK3B,0.4536,discovered
ATM,SOD1,0.3814,discovered
RB1,INO80,0.34,discovered
TP73,PIN1,0.4468,discovered
SP1,KLF2,0.5667,discovered
SP1,SF1,0.5798,discovered
NKX2-5,TGFBR3,0.5379,discovered
SMARCA4,SMURF2,0.4104,discovered
CYP11B1,CDKN1A,0.4204,discovered
IRF1,DOCK1,0.3591,discovered
ATM,PELP1,0.465,discovered
TP53,LDHA,0.3923,discovered
ZIC2,SOX10,0.3928,discovered
SMAD4,ME1,0.4869,discovered
RUNX1,TRIM22,0.439,discovered
MTA1,KRT16,0.3139,discovered
HDAC1,NRAS,0.3528,discovered
FOS,VEGFA,0.5411,discovered
SP1,SERBP1,0.5989,discovered
STAT1,BCL2,0.321,discovered
SP1,SFRP1,0.4931,discovered
GATA1,CKM,0.3187,discovered
CREB1,GLS,0.6961,discovered
URI1,HES1,0.4804,discovered
CTNNB1,CDK1,0.4665,discovered
A2M,TMPRSS2,0.6652,discovered
DEAF1,ETV6,0.6807,discovered
STAT6,MIF,0.3373,discovered
MLLT10,POR,0.3367,discovered
MET,PCNA,0.3595,discovered
HDAC2,IL2,0.3817,discovered
RELA,NFKB2,0.3732,discovered
TNFSF14,EBNA1BP2,0.4175,discovered
IFNB1,TIMP2,0.5937,discovered
ARID1A,FOXO3,0.3293,discovered
NFKB1,ORMDL3,0.3422,discovered
LEF1,SLC20A1,0.3207,discovered
NKX3-1,HAMP,0.7207,discovered
GABPB2,GIPR,0.3228,discovered
FOXO3,ZNF300,0.482,discovered
SP3,CYP19A1,0.4203,discovered
HOXB7,HDAC1,0.326,discovered
KRAS,ATM,0.5009,discovered
DSC2,AES,0.4517,discovered
APEX1,IL1B,0.5768,discovered
BRCA1,PTGES,0.519,discovered
CHEK1,E2F8,0.4932,discovered
RARG,FGFBP1,0.3781,discovered
LCOR,SNIP1,0.42,discovered
RARA,BCL2,0.3537,discovered
PIAS3,NR4A2,0.3232,discovered
MACC1,NDUFV1,0.3361,discovered
SP1,WNT2,0.517,discovered
MAD2L1,HOXA7,0.3263,discovered
THBD,ABCB1,0.3124,discovered
ESR1,CIITA,0.3668,discovered
LIPC,PCK2,0.5256,discovered
HEY1,BSG,0.3781,discovered
JUN,CYP3A7,0.3651,discovered
ERG,AFP,0.3275,discovered
GNLY,NR1H3,0.4554,discovered
BTG2,ECM1,0.4192,discovered
LEF1,CSNK2A1,0.375,discovered
SNAI1,CD14,0.5424,discovered
STAT1,EZH2,0.3986,discovered
IL10,CYP3A5,0.3702,discovered
KLF1,CTSL,0.4517,discovered
TP53,TAC1,0.528,discovered
ARNT,MITF,0.5305,discovered
TCF7,HBEGF,0.5283,discovered
NFKB1,CASR,0.423,discovered
CEBPA,SPRY2,0.308,discovered
RELA,RPTOR,0.3684,discovered
ESRRA,JUND,0.3254,discovered
GATA4,NRAS,0.404,discovered
MTF2,COL18A1,0.6802,discovered
JAG1,IGFBP5,0.5932,discovered
GATA1,ERAP1,0.4629,discovered
STAT3,TCF3,0.3406,discovered
RELA,GDF5,0.307,discovered
RUNX2,HES1,0.3631,discovered
DUSP10,IL10,0.5024,discovered
NR2F1,GH2,0.4362,discovered
ASAP2,AGER,0.3673,discovered
SH3BP2,SREBF2,0.4265,discovered
MCM8,FAS,0.6217,discovered
TP53,ACVRL1,0.4431,discovered
NR2F1,CXCL8,0.5686,discovered
OLIG2,RAP1A,0.3313,discovered
CREB1,MPO,0.4698,discovered
TBPL1,TYR,0.5393,discovered
CEBPA,OPTN,0.4154,discovered
TP53,MICA,0.3161,discovered
STAT3,GLS,0.3336,discovered
TFAP2A,IL2RA,0.303,discovered
E2F1,ANPEP,0.4807,discovered
BHLHE41,PF4,0.5583,discovered
SP1,DDX18,0.5427,discovered
NFKB1,SLC7A5,0.5336,discovered
POU2F2,APOA2,0.3313,discovered
HK2,POLB,0.4891,discovered
NFATC2,ABCA1,0.3666,discovered
HOXD13,HLA-DRB1,0.3276,discovered
CDKN1A,CXCL8,0.393,discovered
GLI1,SAA1,0.3683,discovered
SP1,UGT2B4,0.4639,discovered
FOXQ1,BCAS2,0.3266,discovered
SREBF2,GAST,0.6366,discovered
NANOG,CDH2,0.3155,discovered
CEBPB,IL2,0.3636,discovered
MYB,TP53INP1,0.3037,discovered
NOTCH2,IL2RA,0.5028,discovered
NFYA,KDM6A,0.3384,discovered
SOX4,ITGA2,0.4329,discovered
PPARGC1A,BST1,0.4717,discovered
PIK3CA,ERBB2,0.4604,discovered
ZNF148,DRG2,0.317,discovered
TFDP3,FCER1A,0.3302,discovered
ETS1,RET,0.4358,discovered
ATF2,MET,0.3338,discovered
CNP,CDK4,0.3087,discovered
CDH1,HTR1A,0.303,discovered
MMP1,STAT1,0.6313,discovered
FXR2,CD4,0.4068,discovered
RARA,IVL,0.3916,discovered
KLF8,TP53,0.4828,discovered
RFX5,CFTR,0.5845,discovered
FAM57A,PSG7,0.5547,discovered
CREB1,FOXA2,0.3957,discovered
UBE2D3,TP53,0.3428,discovered
GATA4,CTCF,0.5895,discovered
TCF7L2,STAT1,0.3578,discovered
FOXF2,CREB3,0.4335,discovered
UPF1,MMP14,0.4064,discovered
TNFSF14,MPZ,0.402,discovered
PPARG,TLR9,0.3891,discovered
LGALS3,BRCA2,0.3277,discovered
PCYT2,EBI3,0.3929,discovered
FOXO1,KDR,0.4333,discovered
MSH2,MYC,0.4846,discovered
RELA,POLK,0.3582,discovered
KDM4C,SPRR2A,0.4522,discovered
KIT,POU3F2,0.3493,discovered
RXRA,PRKCB,0.3368,discovered
SOX4,CDKN1A,0.3552,discovered
USF1,HPR,0.4001,discovered
STAT6,IBSP,0.3521,discovered
IRF1,E2F4,0.4245,discovered
EGFR,RAF1,0.6488,discovered
LRRFIP1,KIR3DL1,0.3467,discovered
PAX2,BIRC5,0.4384,discovered
JUN,ID2,0.456,discovered
EPAS1,CD22,0.3686,discovered
CEBPE,IGFBP4,0.584,discovered
SP3,BCL2,0.3617,discovered
EGLN1,IL2,0.3534,discovered
KLF4,STK11,0.4823,discovered
CDK6,GSC2,0.3765,discovered
HSF1,COL11A1,0.4843,discovered
SOX18,RBL2,0.343,discovered
EVPL,MNAT1,0.6937,discovered
RUNX3,MSH6,0.4646,discovered
EED,PELO,0.3675,discovered
E4F1,TGM4,0.4643,discovered
MED23,PLAUR,0.3743,discovered
DDIT4,SRPX,0.4443,discovered
MED1,ZNF148,0.4609,discovered
CREB1,IFNA1,0.3391,discovered
ESR1,IL10,0.4534,discovered
FOXF1,DNAJC3,0.4347,discovered
CDK4,SOX9,0.3988,discovered
REL,UGT2B15,0.3136,discovered
SF1,FBN1,0.5989,discovered
PML,CSH1,0.4296,discovered
NFYA,SLC22A6,0.4585,discovered
KLF6,MUC2,0.3873,discovered
NR2F1,TAP1,0.3167,discovered
EPAS1,FOXD3,0.4411,discovered
SP1,EMX2,0.4212,discovered
CREB1,CXCR1,0.5421,discovered
POU1F1,SFTPA1,0.3985,discovered
CHEK2,NLRP2,0.5932,discovered
STAT6,BCL6,0.4004,discovered
MXD1,RAP1A,0.4988,discovered
SP1,GSTM1,0.5008,discovered
SLC25A27,LRRN3,0.4184,discovered
KLF16,PTGES,0.4037,discovered
PPARG,FABP7,0.343,discovered
NFKB1,TAF12,0.4569,discovered
CTCF,TWIST1,0.4088,discovered
CDC20,ZNF268,0.4141,discovered
FGF19,CSF2,0.3515,discovered
TP53,TGFBR2,0.518,discovered
RARG,CHEK2,0.3763,discovered
CBX7,TGFB3,0.5123,discovered
HSF2,CCND2,0.3646,discovered
RELA,XPC,0.3647,discovered
ARNT2,FAP,0.5638,discovered
APC,ADAM17,0.3108,discovered
CLCN5,CCND2,0.5098,discovered
MYC,KRT17,0.4955,discovered
ARID1A,ARG2,0.4651,discovered
APOBR,BCL2,0.4559,discovered
STAT1,CCND2,0.3404,discovered
KLF4,SMAD2,0.3313,discovered
PDGFRA,GFAP,0.4986,discovered
ZNF24,GCSAM,0.533,discovered
XRCC1,HLA-DMB,0.3729,discovered
TWIST2,TIMP2,0.4566,discovered
JUN,TK1,0.3815,discovered
MECP2,GPNMB,0.4402,discovered
DRAP1,HIF1A,0.6011,discovered
CDKN1A,MAD1L1,0.4538,discovered
TNFRSF13C,PCNA,0.3502,discovered
JUND,UGDH,0.3712,discovered
SSB,SOX7,0.4015,discovered
NANOG,CYP7B1,0.3792,discovered
NR1I2,MSC,0.4638,discovered
HDAC9,EDA,0.3282,discovered
STAT1,INS,0.3892,discovered
SCARF1,HBG1,0.3365,discovered
FOS,TNFSF10,0.3569,discovered
FOXD1,STAR,0.3173,discovered
MYCN,TOMM34,0.5118,discovered
ELK1,BCL2,0.4445,discovered
SP3,AURKA,0.3511,discovered
MYBL2,SHH,0.6013,discovered
ITGA2,HMGA2,0.4968,discovered
SIRT1,MIF,0.3341,discovered
ESR2,FGF16,0.4073,discovered
FGL1,CDKN1A,0.4368,discovered
WRN,HR,0.6343,discovered
NFKB1,MECP2,0.3124,discovered
NR2F2,S100A4,0.5851,discovered
POU4F1,TCERG1,0.566,discovered
USF2,ECD,0.3681,discovered
FHL2,SPAG6,0.3148,discovered
RUNX1,GFI1B,0.5862,discovered
GATA1,MMP11,0.3822,discovered
CDCA7,PAX3,0.6207,discovered
DR1,DCN,0.5071,discovered
FOXA1,BRD7,0.5321,discovered
TIAL1,ABCA3,0.4967,discovered
EPAS1,TNF,0.4333,discovered
MED1,CTNNB1,0.4183,discovered
CYP24A1,ABCC3,0.3204,discovered
PREB,MYBL2,0.4562,discovered
BRCA1,EED,0.335,discovered
MBD2,TG,0.7007,discovered
STAT3,FABP6,0.4722,discovered
GATA4,GCM1,0.4698,discovered
SMAD4,PRL,0.6956,discovered
ALDH1A3,CDKN1A,0.3795,discovered
SALL4,FLT3,0.4709,discovered
KIN,HIST2H4A,0.4659,discovered
PDE7A,SULT2A1,0.5773,discovered
ATF1,GTF2I,0.3202,discovered
SP1,PIK3CA,0.3617,discovered
YY1,KRT14,0.3623,discovered
HDAC1,RAF1,0.5343,discovered
HEPH,CYP11B1,0.3751,discovered
SP1,IFNA1,0.4703,discovered
TWIST1,LOXL4,0.5754,discovered
EGR2,EED,0.3953,discovered
HERC2,MAP3K1,0.3287,discovered
ITGA2,HLA-F,0.6587,discovered
SOX17,EGFR,0.4071,discovered
F8,BCL6,0.459,discovered
SLCO4C1,CCNB1,0.3303,discovered
GABPA,BAG3,0.3852,discovered
MLLT10,GSC2,0.5766,discovered
SETDB1,DOCK1,0.4165,discovered
CEBPA,MAFF,0.567,discovered
NFKB1,SPP1,0.515,discovered
HSF1,SOST,0.5771,discovered
CBFB,TNFSF11,0.3859,discovered
RELA,MIA,0.342,discovered
SEC14L2,MDC1,0.3871,discovered
MUC5B,MMP2,0.4029,discovered
TRERF1,VEGFA,0.3184,discovered
PITX1,CRYAB,0.3938,discovered
WWTR1,CD58,0.4451,discovered
PHB2,ZEB2,0.3084,discovered
MYB,ESR1,0.4518,discovered
MAML1,ADIPOQ,0.5894,discovered
MYC,BRCA1,0.5256,discovered
MYC,CPEB1,0.4575,discovered
EZH2,CGA,0.4555,discovered
CEBPE,CD80,0.5421,discovered
KLF6,AQP3,0.3674,discovered
CREB1,APOC3,0.5927,discovered
RUNX3,DLL1,0.4091,discovered
NFYC,CDK6,0.324,discovered
CHD4,LPL,0.5513,discovered
CXCR3,FOXE1,0.5779,discovered
E2F1,HSD17B1,0.4291,discovered
SHBG,FBXO32,0.5815,discovered
JUN,TGFB1,0.3033,discovered
RRAS2,CTPS1,0.4851,discovered
GSPT1,SMAD2,0.5506,discovered
HMGA1,HYAL1,0.3132,discovered
FOXM1,UMOD,0.4945,discovered
HBP1,EGR1,0.4462,discovered
NR0B1,CCNT1,0.4371,discovered
TRIM21,CTSD,0.3625,discovered
TP63,THBD,0.3094,discovered
MYF6,EN1,0.4472,discovered
NR1H3,PLIN2,0.618,discovered
JUND,LAG3,0.407,discovered
CEBPE,JUN,0.3907,discovered
ERBB2,LNPEP,0.5355,discovered
ICAM3,CYBB,0.5987,discovered
RELA,DDIT3,0.3173,discovered
VGF,PBK,0.4073,discovered
NFATC3,ZHX2,0.7634,discovered
FOS,CDK4,0.338,discovered
NFKB1,BARX2,0.4463,discovered
ULBP1,ESR1,0.3363,discovered
CD46,OPRM1,0.3502,discovered
STAT2,FMR1,0.395,discovered
ASCL1,HDAC8,0.3578,discovered
FOS,S100A7,0.4687,discovered
MYC,CRTC1,0.3356,discovered
ATF2,IL4,0.3288,discovered
RICTOR,EGFR,0.3134,discovered
NFKB1,POU3F4,0.5246,discovered
FOXM1,HLA-E,0.4187,discovered
ELK1,SYN1,0.4444,discovered
NFKB1,TXN,0.3333,discovered
MTF1,BAX,0.573,discovered
IGF1,WDFY4,0.3783,discovered
SP1,TAP2,0.3191,discovered
REST,STAR,0.3671,discovered
HTT,CCNE1,0.3765,discovered
TCF3,LOXL4,0.3157,discovered
TP53,SIRT2,0.5647,discovered
FMO4,PCSK1,0.5436,discovered
E2F1,PLAT,0.3954,discovered
ETS1,LITAF,0.4826,discovered
ESR2,TRB,0.5067,discovered
PTGES,MIA,0.4322,discovered
E2F1,TAC3,0.3532,discovered
HDAC2,NOS2,0.3305,discovered
E2F1,PCYT2,0.372,discovered
ERBB4,CCL2,0.3279,discovered
CTCF,ERVFRD-1,0.5836,discovered
SPI1,TWIST2,0.3672,discovered
CEBPB,XRCC1,0.4634,discovered
ETV7,WNT2B,0.4575,discovered
FLI1,MYD88,0.3915,discovered
CIITA,COL7A1,0.4695,discovered
EP300,DEFA5,0.3493,discovered
LEF1,RNASE2,0.4824,discovered
RELA,CYP2C9,0.3467,discovered
CEBPA,CDKN1A,0.5001,discovered
PITX1,SPINK4,0.4912,discovered
EAF1,HEY1,0.3685,discovered
MYB,EGLN2,0.3075,discovered
MMP11,CXCL2,0.4385,discovered
APOBR,EZH2,0.5121,discovered
MECP2,CDKN1A,0.4495,discovered
CREB1,TIMP1,0.3272,discovered
HK2,CD3G,0.4896,discovered
NR1I2,APC,0.6066,discovered
STAT2,PSIP1,0.5146,discovered
PNRC2,RET,0.3726,discovered
EP300,KRT12,0.7547,discovered
ETS2,DAXX,0.3086,discovered
HDAC1,EIF3M,0.4092,discovered
HEY2,MET,0.4833,discovered
NFIC,ID2,0.3931,discovered
MAX,C1QTNF5,0.3489,discovered
NFKB1,CSH1,0.3932,discovered
NODAL,B4GALT1,0.3307,discovered
MTF2,TOP2A,0.387,discovered
ZMYND11,GFI1,0.3638,discovered
STAT2,ALOX15,0.4657,discovered
CREB1,BAX,0.3551,discovered
BMP7,FOXP3,0.3625,discovered
BRCA1,CDH1,0.4491,discovered
RBMX,SOX4,0.3397,discovered
FASN,KDM6A,0.3512,discovered
KLF7,CCNE1,0.3281,discovered
NCOR1,BRCA1,0.3905,discovered
RUNX2,IFNB1,0.5806,discovered
MAD1L1,ERBB2,0.3866,discovered
MSC,TTK,0.5431,discovered
E2F1,VWF,0.4808,discovered
EZH2,UPF3B,0.6437,discovered
NFKB1,VMP1,0.3264,discovered
PPARG,RELA,0.4832,discovered
CDK4,PLAC1,0.6475,discovered
TCF7L2,NTS,0.3727,discovered
CDX2,FABP4,0.5061,discovered
PDCD4,STAT3,0.3607,discovered
JUN,SOX9,0.4491,discovered
ATF1,CKS2,0.465,discovered
TFAP2C,PSG1,0.3042,discovered
ATF2,CTSB,0.4743,discovered
IRF7,BRCA1,0.4888,discovered
FOXO3,CD1D,0.6931,discovered
NOTCH3,PLXNA1,0.4333,discovered
SELE,NOTCH1,0.5013,discovered
SP1,CYP11A1,0.3814,discovered
ELK3,FOXO4,0.3601,discovered
FOXM1,INSR,0.5717,discovered
RELA,FANCA,0.5095,discovered
JUN,MTTP,0.3447,discovered
SP1,DCT,0.3511,discovered
ASCL1,ERBB2,0.5608,discovered
PAX5,XPC,0.435,discovered
FAP,FLI1,0.3526,discovered
KIT,GLCE,0.5186,discovered
RARA,PDK4,0.5504,discovered
CREB1,IRF8,0.5248,discovered
NELFCD,PSEN2,0.3258,discovered
NFKB1,SYN1,0.3895,discovered
CCND2,PDGFRA,0.4016,discovered
CD99,NCL,0.3151,discovered
SKP2,THBS1,0.3422,discovered
ABCC2,NFKB1,0.3127,discovered
BTF3,NOTCH2,0.3484,discovered
PSMC5,CSF2,0.3397,discovered
TNF,CDH1,0.6149,discovered
YY1,NPPB,0.4905,discovered
ONECUT2,IGF1R,0.3746,discovered
HSF2,BRD2,0.3379,discovered
TP53,TFPI2,0.3872,discovered
SP1,TNIP3,0.3387,discovered
TP53,TAT,0.3103,discovered
WDFY4,ABCC6,0.3629,discovered
RELA,RHOB,0.3401,discovered
DDIT3,SLC22A10,0.4781,discovered
HES1,NT5E,0.4978,discovered
ROR1,EGFR,0.4903,discovered
NEUROD1,RB1,0.3984,discovered
WT1,IL2RA,0.5611,discovered
TFCP2L1,IL1B,0.3934,discovered
IFNAR1,USP26,0.3284,discovered
NFKB1,ME1,0.3111,discovered
CD83,REEP5,0.4799,discovered
NFKB1,MEF2A,0.333,discovered
RUNX3,MCL1,0.6212,discovered
NF1,MKI67,0.4088,discovered
FOXP2,ZNF423,0.4117,discovered
USF1,MUC1,0.5789,discovered
TBP,CDH5,0.355,discovered
PC,PRMT1,0.393,discovered
ESR1,EPAS1,0.608,discovered
NR3C1,HR,0.3334,discovered
RUNX1,CYBB,0.4844,discovered
SMAD7,NRL,0.426,discovered
GPX1,CAPN6,0.437,discovered
SP3,MLH1,0.4195,discovered
SP1,NCOA6,0.3865,discovered
E2F1,CGA,0.4992,discovered
MCM6,PTGS2,0.4063,discovered
SLC22A8,EMX2,0.403,discovered
PANK2,CXCL2,0.5053,discovered
NR3C1,NOS3,0.4544,discovered
GRIN2B,ADIPOQ,0.3507,discovered
STAT3,BAD,0.359,discovered
TBR1,KRT17,0.3113,discovered
THY1,UHRF1,0.3321,discovered
BAD,SSTR2,0.3942,discovered
CTCF,MSMB,0.6227,discovered
HIPK2,USP7,0.6836,discovered
SNAI1,MDM2,0.4462,discovered
CDC20,BRAF,0.4267,discovered
APOA1,IL13,0.3763,discovered
DRG2,PLK1,0.3863,discovered
RB1,MMP7,0.5032,discovered
VDR,ADAM12,0.3691,discovered
ETS1,NFKB1,0.3641,discovered
HIF1A,CAD,0.3346,discovered
DHRS2,BAMBI,0.6591,discovered
RB1,C3,0.3901,discovered
RB1,CDH3,0.3326,discovered
LATS2,NQO2,0.3654,discovered
STAT3,NOV,0.5085,discovered
ZEB1,DNAJC3,0.421,discovered
POU2AF1,MKI67,0.5333,discovered
NR3C1,SOD1,0.6566,discovered
LIPE,SMAD3,0.752,discovered
PPARG,CCAR2,0.4349,discovered
STAT3,SNAI2,0.3981,discovered
NOTUM,MMP1,0.408,discovered
PTTG1,UTRN,0.4171,discovered
HSF1,ACTA1,0.4162,discovered
PREB,BTG3,0.368,discovered
NPHS1,HLA-A,0.3747,discovered
RUNX3,PER3,0.3801,discovered
MTA1,CFB,0.5432,discovered
SMARCA4,ROS1,0.3808,discovered
RELA,MCM8,0.4313,discovered
RUNX3,LEF1,0.6093,discovered
SMAD7,DEFB1,0.3698,discovered
SP1,VGF,0.6249,discovered
SREBF2,SOX14,0.5568,discovered
ACAT2,PTTG1,0.5933,discovered
TP53BP1,ABCA1,0.4231,discovered
RELA,VMP1,0.4407,discovered
FOXM1,HRH1,0.5523,discovered
PLK1,MEF2B,0.3077,discovered
NFKB1,PSIP1,0.4315,discovered
ITGB8,TNIP3,0.4581,discovered
ARID3A,MITF,0.5879,discovered
MACC1,GMPS,0.5399,discovered
TNFSF14,RRM2B,0.4864,discovered
E2F1,SERPINA3,0.3035,discovered
ABL1,LRP8,0.6308,discovered
MYBBP1A,MAD2L1,0.3949,discovered
CREB1,CGB3,0.3292,discovered
SP1,ETS2,0.603,discovered
SP1,TAGLN,0.4181,discovered
UBE2I,TIMP1,0.4612,discovered
CYP11A1,NCL,0.3513,discovered
TRAF6,TYK2,0.3751,discovered
SPI1,IL2RA,0.3817,discovered
PTF1A,PRNP,0.6352,discovered
ARNTL,ZEB1,0.4061,discovered
BCL2L1,LRRN3,0.4676,discovered
MYB,IGFBP3,0.3058,discovered
SLC1A4,FCER2,0.389,discovered
VEGFD,PRODH,0.3286,discovered
ETS1,ESR1,0.4056,discovered
CEBPB,FGF2,0.5047,discovered
NTS,PAX3,0.4112,discovered
NANOG,CD4,0.4372,discovered
RELA,PTN,0.7206,discovered
JUN,MTF1,0.3363,discovered
STAT5A,RPS3A,0.53,discovered
RFX5,IL6,0.5103,discovered
CREM,ERBB2,0.5642,discovered
RECQL4,BCL2,0.3709,discovered
HDAC10,WT1,0.5893,discovered
RB1,BEST1,0.3971,discovered
SPAG6,RPTOR,0.4268,discovered
IRF2,TGFB1,0.4709,discovered
FOS,MADCAM1,0.4049,discovered
SPEN,HSF1,0.3374,discovered
RXRA,SYN2,0.3896,discovered
KL,CRH,0.3205,discovered
MYBL2,CYP7A1,0.3898,discovered
CCND1,AKT2,0.499,discovered
WT1,SAT1,0.6005,discovered
PSMB9,NOS2,0.3637,discovered
VDR,LTF,0.5297,discovered
RELA,COL11A2,0.3136,discovered
SP1,CRHBP,0.4357,discovered
RUNX3,KISS1,0.4348,discovered
SSB,ERAP1,0.6196,discovered
AR,IL1B,0.3431,discovered
ACBD3,TCF4,0.3902,discovered
LHX3,IFNG,0.3429,discovered
TBP,HLA-DOA,0.3252,discovered
SP1,CYP2C9,0.3241,discovered
HEY1,HOXB1,0.3331,discovered
DEK,NPPB,0.4704,discovered
MSC,ABCC3,0.4485,discovered
TP53,FOS,0.6107,discovered
RELA,IL11,0.4108,discovered
FASN,GCLC,0.5436,discovered
STAT3,CD82,0.5549,discovered
FOXP2,VEGFB,0.4174,discovered
WT1,RCC1,0.6382,discovered
ANGPT1,CCNB1,0.3991,discovered
PDGFRA,BRD3,0.5581,discovered
NFIX,RGS4,0.4459,discovered
E2F1,ESCO2,0.3665,discovered
YY1,SLC13A4,0.3633,discovered
FOXO3,MUC5AC,0.5149,discovered
SOX10,IL21,0.399,discovered
HDAC3,FOXO3,0.4896,discovered
SIRT1,SLC26A4,0.3895,discovered
IRF1,NOD2,0.3078,discovered
KAT5,IL11,0.3516,discovered
ETS1,BLK,0.4238,discovered
SP1,CTSD,0.3619,discovered
NFIL3,BAD,0.3049,discovered
IRF4,TNF,0.4581,discovered
MIP,NPY,0.6041,discovered
TSC2,TBX2,0.3729,discovered
DDIT3,PROX1,0.3672,discovered
ETV7,SOCS1,0.5595,discovered
DUX4,AR,0.5024,discovered
MITF,S100B,0.4439,discovered
MSC,TPH1,0.4168,discovered
RUNX2,SPI1,0.3867,discovered
IRF9,MUC2,0.642,discovered
IRF9,CCK,0.3306,discovered
PTEN,MMP9,0.6544,discovered
HOXA9,CREB1,0.4074,discovered
SPDEF,SYN1,0.4908,discovered
RELA,RET,0.3311,discovered
IKBKB,CDKN1A,0.3955,discovered
EP300,SFTPB,0.3708,discovered
NKX3-1,SP1,0.4593,discovered
ESR2,ITGB7,0.5634,discovered
JUN,APOBR,0.3907,discovered
MAP1A,BCL2,0.3154,discovered
MYC,CRH,0.5145,discovered
ESR1,NOTUM,0.3309,discovered
SUGP1,MYC,0.3946,discovered
SERBP1,TFF2,0.4004,discovered
KLF8,CD36,0.4859,discovered
DNMT1,CRYAB,0.4864,discovered
CDH13,FAS,0.6282,discovered
TLX1,FAM57A,0.4819,discovered
NR3C1,ACACB,0.5675,discovered
CTCF,CDC25C,0.5665,discovered
TRIB3,MVP,0.5509,discovered
HDAC9,PML,0.3922,discovered
RUNX1,YWHAQ,0.3645,discovered
RUNX1,ACACB,0.5682,discovered
ING2,SOD2,0.4946,discovered
ERG,KLF12,0.3725,discovered
NFYA,MIA,0.3196,discovered
DDIT3,PLK1,0.511,discovered
KLF10,FAS,0.6169,discovered
E2F1,LCAT,0.5127,discovered
MEF2C,MYBL1,0.5528,discovered
POU4F1,FOXM1,0.5369,discovered
NR3C1,NF1,0.4738,discovered
JUN,SPINK4,0.473,discovered
HIF1A,BIRC2,0.3143,discovered
SOS1,VCP,0.3565,discovered
GATA1,MAFF,0.4441,discovered
TP53,IL4,0.5105,discovered
TP53,BCL6,0.6038,discovered
ATF3,CCND2,0.3112,discovered
ZEB1,ARG2,0.3093,discovered
RET,KRT13,0.5291,discovered
LEF1,IL5RA,0.5714,discovered
CREB1,ST3GAL1,0.4473,discovered
MYC,GLIS3,0.4514,discovered
EP300,SNRPN,0.3574,discovered
TFAP2C,ZNF274,0.4211,discovered
SYTL4,CXCL8,0.3529,discovered
ETV4,E2F8,0.4136,discovered
CDKN1A,BCAS3,0.3591,discovered
BTF3,TRAF1,0.3893,discovered
RXRA,DHCR24,0.5059,discovered
DDB1,CDKN1A,0.3473,discovered
RUNX2,IFNGR1,0.6197,discovered
FLI1,CHGB,0.5251,discovered
AHR,E2F1,0.5171,discovered
PTMA,TGFBR1,0.3794,discovered
FOS,NEUROD1,0.4739,discovered
AMHR2,MUC4,0.4117,discovered
TBXT,HDAC1,0.3244,discovered
CSH2,MLX,0.3506,discovered
SOX6,IMPDH2,0.388,discovered
E2F7,ZBTB16,0.3385,discovered
POU2F1,HIST1H4L,0.3086,discovered
RELA,NKX2-1,0.3063,discovered
CREB1,S100B,0.3124,discovered
SP4,ITGAX,0.3994,discovered
EGR1,ERCC4,0.5474,discovered
SLC26A4,POMGNT1,0.4632,discovered
PSG5,U2AF2,0.4144,discovered
SP3,PML,0.3235,discovered
RARA,AR,0.4513,discovered
PAEP,ZEB2,0.3799,discovered
HIF1A,TCF7L2,0.3283,discovered
NFKB1,CDK6,0.3866,discovered
PAX6,FAP,0.4459,discovered
SP1,ERG,0.5849,discovered
E2F1,ARG1,0.4843,discovered
SMAD2,OXT,0.4513,discovered
GTF3A,BHLHE22,0.4178,discovered
HOXA10,NRF1,0.3859,discovered
PDCD11,AIRE,0.7061,discovered
GATA1,CCND1,0.6003,discovered
MYF6,MCL1,0.3449,discovered
IRF1,U2AF2,0.4562,discovered
FOSL2,AR,0.3682,discovered
SP1,HDAC1,0.372,discovered
SPI1,TRB,0.4413,discovered
MCM5,BRCA1,0.5004,discovered
TP53,KRT13,0.3274,discovered
MLL4,ETV2,0.4009,discovered
SP1,HRH1,0.5484,discovered
MCL1,APOA2,0.5332,discovered
MYC,KLF6,0.4528,discovered
ERG,MAPK3,0.5349,discovered
SMARCA1,PLAT,0.4101,discovered
TH,RRM2B,0.358,discovered
STAT5B,RELA,0.5321,discovered
MYC,CSF2,0.5594,discovered
NCF1,TP53,0.5385,discovered
NOTCH2,SEC14L2,0.4621,discovered
CREBBP,CXCL1,0.4616,discovered
STAT1,CDH2,0.5526,discovered
ESR1,EGLN1,0.4306,discovered
CHEK2,HNF4G,0.5076,discovered
GATA4,POU3F4,0.4554,discovered
PIK3CA,HSD3B1,0.3572,discovered
MYB,TNC,0.3995,discovered
HSF1,KLF11,0.4018,discovered
WT1,SHH,0.4999,discovered
PPARG,HOXA7,0.5027,discovered
ECD,SMARCD3,0.3314,discovered
MYC,PGR,0.4102,discovered
MSLN,IL2RA,0.4478,discovered
TGFBR2,ZHX2,0.4719,discovered
SMAD7,PDIA6,0.3362,discovered
NR3C2,TGFB3,0.6702,discovered
CIITA,IGFBP3,0.3713,discovered
FES,SP1,0.5281,discovered
REST,GCM1,0.45,discovered
DNMT1,PAEP,0.7791,discovered
PDGFRA,SMAD4,0.3726,discovered
HIF1A,HDC,0.3064,discovered
HIPK2,AR,0.3744,discovered
PIK3CA,SOD2,0.3129,discovered
CIITA,BRAF,0.4571,discovered
TRRAP,SOX3,0.5616,discovered
CHEK1,TIMP2,0.4288,discovered
NFATC2,ZNF202,0.3611,discovered
RUNX3,FBP1,0.5122,discovered
SP1,MEP1A,0.6341,discovered
STAT3,MSH6,0.4428,discovered
HDAC5,PCNA,0.317,discovered
HES1,CDK6,0.7119,discovered
LEF1,RXRA,0.4003,discovered
TCF4,BDNF,0.4681,discovered
ETS2,DNMT1,0.4628,discovered
TRIM22,SNAI2,0.3068,discovered
USF1,SLC2A3,0.3175,discovered
STAT1,IFNL1,0.3064,discovered
ULBP1,MMP13,0.3533,discovered
UGDH,PSEN2,0.4482,discovered
ZNF382,ITGA2B,0.4046,discovered
GGPS1,TNIP3,0.3539,discovered
MBD2,TRIM28,0.3325,discovered
CREB1,TNFSF14,0.3535,discovered
MET,HLA-DMB,0.3133,discovered
KPNA2,MSH2,0.4199,discovered
TCF7L2,TRIM28,0.5069,discovered
FUT7,CPT1A,0.3487,discovered
SLC19A2,RAG2,0.3237,discovered
TP53,NOX4,0.4789,discovered
MYCN,POLE2,0.5593,discovered
CREBBP,IRF4,0.5733,discovered
SP1,ZNF300,0.514,discovered
E2F1,MMP11,0.3601,discovered
FOS,STAT1,0.3949,discovered
TAPBP,DNAJC3,0.3331,discovered
SRF,BAG3,0.428,discovered
USF1,BPTF,0.3786,discovered
NFKB1,BACH1,0.3239,discovered
KLF8,TNFRSF10A,0.5108,discovered
NPM1,GAPDH,0.4539,discovered
GLIS3,DUSP1,0.3308,discovered
CEBPB,PLAUR,0.4538,discovered
MEF2D,MPZ,0.4587,discovered
CDK2,MMP1,0.3293,discovered
MST1,TNFAIP6,0.6913,discovered
AR,LRP8,0.644,discovered
AR,HBG1,0.5163,discovered
BRCA2,MME,0.3725,discovered
RFXANK,INSR,0.3892,discovered
SESN1,ERICD,0.4728,discovered
SPI1,MMP12,0.4218,discovered
PPARD,FANCA,0.3856,discovered
FUS,VGF,0.4328,discovered
KLF4,GFI1B,0.5477,discovered
RELA,FKBP4,0.4762,discovered
NFKB1,CHEK2,0.3329,discovered
RFXAP,CREM,0.338,discovered
GCG,PRSS50,0.4326,discovered
IL17RB,CYLD,0.3389,discovered
MLLT3,PTEN,0.4222,discovered
IKBKB,PROX1,0.3167,discovered
LMX1B,AMH,0.4712,discovered
ZBTB2,ST3GAL3,0.3425,discovered
NFKB1,GLS,0.4144,discovered
RFX5,TNF,0.3252,discovered
TP53,TAF12,0.4035,discovered
PCK2,EBI3,0.4414,discovered
ATF2,IRF7,0.503,discovered
KRT14,IGF1R,0.4489,discovered
POU5F1,COL1A2,0.7125,discovered
CTCF,NKX3-1,0.3717,discovered
MTF1,MMP13,0.3309,discovered
RXRA,BCL2,0.4544,discovered
EZH2,PTGS2,0.3866,discovered
HMGA1,PLK1,0.4882,discovered
CASP1,SIRT1,0.4125,discovered
STAT3,KIT,0.3401,discovered
KL,G0S2,0.647,discovered
FDPS,FLT3,0.4921,discovered
ETS1,ID2,0.3367,discovered
PAX6,GCLC,0.3764,discovered
XBP1,SLC4A2,0.3124,discovered
LYL1,CTCF,0.5314,discovered
RELA,MMACHC,0.4434,discovered
MEF2C,AFP,0.5747,discovered
AR,STAR,0.3765,discovered
EZH2,ABCB11,0.3509,discovered
STAT3,DKK1,0.4147,discovered
NR1I2,ACTA2,0.5337,discovered
VIM,ITGB3BP,0.3176,discovered
SMAD2,HSD3B2,0.467,discovered
NFKB1,PADI3,0.4384,discovered
E2F1,DBI,0.5049,discovered
NFATC1,CYBB,0.3184,discovered
SOX17,SERPINB9,0.6589,discovered
KRAS,MAVS,0.5212,discovered
PPARG,TUBB3,0.4554,discovered
DDB2,VEGFD,0.3928,discovered
UPF3B,CTGF,0.4938,discovered
ELK1,PTEN,0.4533,discovered
MCM3,SOX11,0.6156,discovered
ARL6IP5,CD40,0.3764,discovered
HOPX,TBX5,0.3905,discovered
USF2,AIRE,0.5181,discovered
STAT1,IPO7,0.4465,discovered
MYC,MYL9,0.3713,discovered
STAT1,ACVRL1,0.3171,discovered
FLI1,JUN,0.6289,discovered
WRN,PLAU,0.4509,discovered
IDO1,DR1,0.5465,discovered
SPDEF,PER3,0.5833,discovered
SP1,CYP1A1,0.3953,discovered
STAT5B,JUN,0.3869,discovered
ESRRA,IDO1,0.4318,discovered
SSB,MEF2B,0.365,discovered
CREB1,EMSY,0.3093,discovered
MYB,KRT13,0.342,discovered
RXRA,CYBB,0.4028,discovered
ESRRB,DCT,0.4488,discovered
BCL6,CXCR4,0.503,discovered
RUNX3,EGR1,0.3272,discovered
ARID1A,EAPP,0.5046,discovered
NR3C1,MLYCD,0.4956,discovered
BRS3,IL2RA,0.509,discovered
CCL4,TWIST1,0.5677,discovered
TRIP6,GJB1,0.4955,discovered
CCNE1,CDCA7,0.3204,discovered
WT1,ARG1,0.4579,discovered
MMP2,DDX5,0.4386,discovered
NOTCH1,POLE2,0.323,discovered
CIITA,RICTOR,0.4786,discovered
CREB1,STAR,0.3608,discovered
MPO,TSG101,0.6684,discovered
HNF1A,YY1,0.5345,discovered
RELA,DDB2,0.4049,discovered
EP300,CCK,0.5034,discovered
BTS1,MME,0.6082,discovered
JUND,VDR,0.7186,discovered
NR3C1,KLF10,0.4337,discovered
SREBF1,NPAS2,0.4643,discovered
SP3,DUSP1,0.4453,discovered
CXCL10,NMU,0.3984,discovered
CYP11B1,ESR1,0.3052,discovered
MECP2,EDN1,0.4106,discovered
CD274,MYC,0.3672,discovered
NOS3,PIK3CA,0.3124,discovered
YY1,DACT1,0.5334,discovered
FOSL2,IL17A,0.3211,discovered
TNFSF10,NCF2,0.3959,discovered
AR,TGFBR2,0.3671,discovered
PREB,CXCL8,0.3886,discovered
MEF2D,MMP13,0.4043,discovered
RB1,CXCL1,0.3879,discovered
EGR1,SLC3A1,0.3602,discovered
KLF5,CYP19A1,0.3691,discovered
E2F1,HAS2,0.3974,discovered
CEBPA,VEGFA,0.3462,discovered
CSTA,PDGFC,0.3976,discovered
GLS,CBS,0.3405,discovered
PPARA,IBSP,0.6675,discovered
MTA1,PTGS2,0.3854,discovered
SOS1,COL1A2,0.5731,discovered
PGR,MUC1,0.5268,discovered
L1TD1,FLT1,0.327,discovered
CREB1,TCF3,0.3712,discovered
E2F1,FAAH,0.3479,discovered
ERG,FAS,0.4219,discovered
MAX,PTAFR,0.541,discovered
SMAD4,CXCL10,0.4968,discovered
SUZ12,BAG3,0.433,discovered
HDAC3,SIVA1,0.5561,discovered
RB1,ABL1,0.3668,discovered
DEAF1,LTC4S,0.3814,discovered
SMAD3,DEAF1,0.5664,discovered
COL1A2,CDKN1A,0.4559,discovered
MYC,EMX2,0.3247,discovered
DGKG,HLA-DQB1,0.535,discovered
FLI1,CYP1A2,0.5114,discovered
CD80,MLLT10,0.5693,discovered
LEFTY1,ING1,0.4425,discovered
USF1,DACT1,0.5003,discovered
CEBPB,VDR,0.4493,discovered
CIITA,HOXB13,0.3658,discovered
SH3BP2,SERPINE1,0.4052,discovered
WT1,SUZ12,0.495,discovered
RB1,SP7,0.4022,discovered
PROX1,TCFL5,0.3227,discovered
RNF14,EGLN3,0.3174,discovered
RELA,GATA1,0.6819,discovered
RUNX1,PTPA,0.305,discovered
WT1,FOS,0.412,discovered
SOX2,TNF,0.4498,discovered
DLL1,CCND1,0.4739,discovered
HAND2,TGFBR3,0.388,discovered
USF2,UGCG,0.533,discovered
PBX2,CYP3A4,0.4604,discovered
ING4,EP300,0.6243,discovered
ZNF383,NFKB1,0.3965,discovered
STAT1,CDK6,0.3674,discovered
NR1I2,ADH5,0.3289,discovered
SP1,HERC2,0.4044,discovered
SOX2,CD38,0.5898,discovered
NCBP1,TRAP,0.452,discovered
STAT1,YWHAQ,0.4005,discovered
ETS1,LCN2,0.6934,discovered
PGR,BCL2L11,0.4156,discovered
BRAF,IFIT3,0.4854,discovered
CCND1,ABCB1,0.4325,discovered
TNPO1,TNF,0.4793,discovered
TFAP2A,STAT5B,0.3794,discovered
RUNX2,MT1E,0.3132,discovered
CERS2,CDO1,0.324,discovered
SOD1,SELE,0.3069,discovered
SRY,EGFR,0.4239,discovered
RB1,NTRK1,0.365,discovered
ATF2,CASP8,0.5497,discovered
GFI1,TBX18,0.399,discovered
KLF4,IKBKB,0.3856,discovered
CREB1,CREM,0.3287,discovered
TFDP1,HSPA5,0.4878,discovered
GFER,ERBB2,0.5251,discovered
KAT2B,DISC1,0.5472,discovered
TRERF1,GFER,0.4754,discovered
GALNT3,KIF2C,0.5067,discovered
ERCC2,ZIC1,0.3374,discovered
GATA4,CRMP1,0.4424,discovered
RB1,TDGF1,0.4047,discovered
WT1,UGT1A9,0.3696,discovered
ACBD3,IMPDH2,0.3111,discovered
PER2,CD4,0.3326,discovered
MYC,GAPDH,0.3604,discovered
ELF3,MSH6,0.3688,discovered
RUNX3,SMAD4,0.359,discovered
PEBP1,TBX2,0.4356,discovered
ZNF148,RARB,0.6839,discovered
TFCP2L1,MAP3K5,0.4274,discovered
MEN1,RASSF1,0.6435,discovered
ASCL1,KLF6,0.3421,discovered
CTCF,HAS2,0.3456,discovered
SREBF2,ETS1,0.6518,discovered
KIT,FUS,0.4342,discovered
BRCA1,GFAP,0.5718,discovered
SP1,TJP1,0.3344,discovered
SUPT3H,TBXA2R,0.5113,discovered
TP53,IRF1,0.3142,discovered
IRF4,PDCD5,0.4685,discovered
XBP1,PTEN,0.4922,discovered
KRAS,SFTPB,0.3722,discovered
ATM,RGS4,0.3038,discovered
SLC19A3,TNFRSF9,0.5556,discovered
NR1I2,NPY,0.4292,discovered
HDAC4,CYP19A1,0.4527,discovered
HNF4A,MMP9,0.5441,discovered
SPI1,INSR,0.4206,discovered
FAP,CDK4,0.419,discovered
NFYB,TOP2A,0.4714,discovered
NR0B2,HOXD1,0.7223,discovered
NR4A1,ACAT1,0.5689,discovered
JUN,MCM5,0.5396,discovered
CDC20,PRNP,0.5593,discovered
EGR1,E2F8,0.542,discovered
GSK3B,IVL,0.3424,discovered
KLF7,CHAC1,0.409,discovered
HDAC2,KRT12,0.4209,discovered
EP300,HLA-DOB,0.3842,discovered
USF1,SP1,0.4026,discovered
EZH2,CYBB,0.363,discovered
STARD3,ITGAX,0.3314,discovered
MYC,INSR,0.3228,discovered
TP53,NPAS2,0.457,discovered
FOXO4,GDNF,0.414,discovered
RUNX3,LTB,0.4673,discovered
JARID2,BHLHE40,0.3767,discovered
NRF1,ZNF175,0.4905,discovered
DNMT1,TGFBR1,0.4922,discovered
TRIB3,TNFRSF11A,0.7276,discovered
FOXM1,RGS10,0.3591,discovered
ETV4,CD44,0.3843,discovered
CARD8,KLK3,0.3912,discovered
SP3,IRF1,0.4842,discovered
PITX1,APP,0.5378,discovered
EP300,BCL6,0.527,discovered
IRF1,ETS1,0.4381,discovered
TCF7L2,KPNB1,0.4981,discovered
HIF1A,IL24,0.5102,discovered
JUN,ARHGEF1,0.5112,discovered
JUN,PCLAF,0.7523,discovered
JUN,ALB,0.5094,discovered
SKIL,G6PC,0.3733,discovered
NFKBIB,GFI1B,0.3487,discovered
MYB,TERT,0.3689,discovered
HDAC1,CYP27B1,0.502,discovered
MAX,HSD17B1,0.3942,discovered
LMO4,CDKN1B,0.4168,discovered
NFKB1,MLH1,0.387,discovered
SMAD4,MEF2D,0.3652,discovered
MYC,EIF2AK1,0.428,discovered
ACE,GC,0.5329,discovered
MKL1,SOCS2,0.3322,discovered
TP53,HDAC9,0.3769,discovered
ZBTB17,PDE6B,0.5095,discovered
MSX1,RET,0.3596,discovered
FOSL2,DNASE2,0.4831,discovered
APH1A,CHAT,0.4012,discovered
HOXA2,SLC39A1,0.3229,discovered
CIITA,NR4A1,0.4819,discovered
CTBP1,NEFL,0.4086,discovered
NFKB1,DNMT3B,0.424,discovered
TFAP2A,IRF3,0.3383,discovered
ESR2,ETV4,0.4001,discovered
KLK4,MMP9,0.4836,discovered
GCM2,NRCAM,0.5032,discovered
PTEN,LDLR,0.345,discovered
NFE2L2,SOX3,0.3398,discovered
ADORA3,SOX9,0.4144,discovered
IRF9,IL23A,0.3514,discovered
WT1,HLA-DPA1,0.4675,discovered
TP53,RLN1,0.4426,discovered
NFKB1,PENK,0.4101,discovered
MEF2C,ZNF148,0.5492,discovered
NF1,BRCA1,0.3927,discovered
WT1,EN1,0.4193,discovered
RELA,FOXA3,0.4121,discovered
ETS1,PTPA,0.3987,discovered
ST2,HPSE2,0.3076,discovered
SPHK1,CA9,0.524,discovered
STAT3,CASP7,0.6029,discovered
HMGA1,TYMS,0.6054,discovered
HOXD3,CDK2,0.3725,discovered
CAPN6,BATF3,0.4501,discovered
KLF15,LDHA,0.3281,discovered
TP53,TBC1D22A,0.6783,discovered
HSF2,E2F1,0.5758,discovered
CD36,DACT1,0.4666,discovered
EGR1,MCL1,0.5384,discovered
NR2F6,CCNA1,0.5929,discovered
CDKN1A,SLC13A4,0.5038,discovered
TFAP2A,ACAT1,0.3139,discovered
NFKB1,ELL,0.5666,discovered
SP1,MMP13,0.3301,discovered
NFKB1,JUND,0.3503,discovered
FPGS,GJC2,0.3949,discovered
FCGR3B,LILRB1,0.3119,discovered
CDKN1A,DPYSL2,0.3858,discovered
FOXD3,IRS2,0.3608,discovered
SEPT7,CCR4,0.4945,discovered
KAT2B,HLA-G,0.5959,discovered
BATF,TCERG1,0.5996,discovered
HDAC7,VIM,0.4473,discovered
FLI1,BHLHE40,0.3186,discovered
PPARA,MME,0.3182,discovered
NR1I2,ID2,0.3405,discovered
PAX4,SOCS3,0.3611,discovered
JUN,CHEK2,0.3817,discovered
SRF,SIX3,0.4172,discovered
SPI1,FGL1,0.3801,discovered
SOX17,CCR5,0.4083,discovered
HOXA10,TOE1,0.4262,discovered
SOX17,TWIST1,0.3094,discovered
TP63,POLR3D,0.3315,discovered
BRCA1,APOA1,0.5194,discovered
RELA,EBNA1BP2,0.4578,discovered
NFKB1,CA9,0.4347,discovered
PITX1,VDR,0.3728,discovered
CEBPD,ZNF76,0.5099,discovered
CEBPA,MC1R,0.5258,discovered
TP53,YY1,0.4648,discovered
FOXK2,UCP2,0.3237,discovered
RB1,TERT,0.4567,discovered
SLC22A8,COL1A2,0.3383,discovered
GAD1,CXCL8,0.3457,discovered
GATA1,AR,0.4639,discovered
ATF4,EGLN3,0.3471,discovered
PIK3CA,XRCC1,0.4833,discovered
TP63,ACLY,0.6102,discovered
PIK3CA,ACAT1,0.5807,discovered
E2F1,SOX9,0.3314,discovered
ZNF350,GLS,0.3648,discovered
E2F1,SOS1,0.3449,discovered
AK4,AKR1C4,0.4706,discovered
TWIST2,CCL3,0.4727,discovered
NKX2-3,IRF5,0.5942,discovered
CDC20,HSD11B2,0.5197,discovered
CEBPA,PTPN6,0.3634,discovered
FLT3,NOD2,0.5631,discovered
STAT1,POLD1,0.4486,discovered
KRAS,SRPX,0.3901,discovered
ATF4,IFIT3,0.545,discovered
TCEAL1,H2AFX,0.4148,discovered
CCNE1,FOXP3,0.3912,discovered
TAL1,IFNL1,0.4963,discovered
PHB2,ACTA1,0.4354,discovered
PPARGC1A,CUX1,0.614,discovered
PTTG1,MUC1,0.6035,discovered
NFKB1,MLANA,0.661,discovered
STAT1,SNAI2,0.5203,discovered
E2F1,NR1H4,0.4371,discovered
BCL11A,S100A4,0.3449,discovered
TEF,FGFR1,0.334,discovered
CSF2RA,LHX3,0.551,discovered
BAX,TERF2,0.4912,discovered
PLK1,PEBP1,0.4192,discovered
CTCF,IGF1R,0.4362,discovered
APLF,GRIN2B,0.3366,discovered
PCBD1,NOS2,0.4224,discovered
STAT1,HDAC8,0.3081,discovered
AKT1,XBP1,0.4131,discovered
NFKB1,KRT10,0.4691,discovered
HIF1A,CDKN2B,0.3334,discovered
ZNF300,AFP,0.6002,discovered
FOS,CYP3A5,0.3105,discovered
E2F1,SESN1,0.3289,discovered
RELA,IPO7,0.3378,discovered
NFKB1,DLX5,0.3504,discovered
MEN1,PDGFRA,0.3234,discovered
TFAP2A,PCLAF,0.5561,discovered
POLD2,GATA4,0.5753,discovered
HOXA7,MYC,0.3815,discovered
EZH2,BCAS3,0.5154,discovered
EGR2,CDK2,0.3303,discovered
CREB3L1,MET,0.6199,discovered
E2F1,CXCR4,0.3808,discovered
EGFR,IL12RB2,0.5673,discovered
EGR1,SMAD3,0.5705,discovered
SLC22A8,ATF5,0.3534,discovered
XBP1,AHR,0.5698,discovered
RUNX3,FOS,0.3031,discovered
FOSB,ETV2,0.4844,discovered
AHR,CXCL8,0.4228,discovered
NFKB1,PDE5A,0.4633,discovered
KHSRP,TRPS1,0.4959,discovered
JAG1,RBL2,0.3908,discovered
FLT3,IFNB1,0.4965,discovered
CDKN1A,BRCA1,0.4245,discovered
CHEK2,ERG,0.3637,discovered
POU3F2,TBX21,0.6681,discovered
MCM5,FASN,0.3523,discovered
MED1,CRP,0.3287,discovered
TDGF1,S100A11,0.3568,discovered
HOXD3,SNAI1,0.4462,discovered
MSH2,CDKN1B,0.4265,discovered
FOXA2,TPT1,0.4001,discovered
TFAP2A,TFF1,0.3907,discovered
EP300,TEAD1,0.5123,discovered
BTS1,E2F1,0.5529,discovered
SP1,ASPM,0.3521,discovered
JDP2,ANGPT2,0.4264,discovered
TRIB3,DUSP1,0.4394,discovered
GATA1,PSIP1,0.3515,discovered
GREB1,IL13,0.6571,discovered
TP53,ACACA,0.5009,discovered
SPHK1,CYP2C9,0.541,discovered
STAT5A,RARB,0.4293,discovered
SLC39A3,IFNG,0.5158,discovered
SP2,APOB,0.3457,discovered
RELA,UTRN,0.4342,discovered
IKBKB,MXD1,0.587,discovered
TCF19,ST6GAL1,0.5215,discovered
CEBPB,SI,0.43,discovered
SIRT1,MAD2L1,0.5561,discovered
DLL1,PLK4,0.3727,discovered
IRF8,SHMT1,0.4162,discovered
BRCA1,RDX,0.4355,discovered
GRM2,STAT6,0.3944,discovered
UHRF1BP1,TERT,0.4732,discovered
MECP2,SLC6A4,0.4079,discovered
BCL6,BIRC3,0.3996,discovered
HSF2,CCND1,0.3222,discovered
JUN,POU3F4,0.3979,discovered
RELA,CCNE1,0.3296,discovered
RUNX3,ZEB1,0.4276,discovered
ESR2,CXCR1,0.3555,discovered
JAG1,CXCR4,0.3802,discovered
NFKB1,PGK1,0.3995,discovered
BAG1,CXCL5,0.3325,discovered
E2F4,DNMT3B,0.3579,discovered
SP3,SOX3,0.3807,discovered
RUNX2,RHOA,0.3937,discovered
AKR1C3,CD4,0.6549,discovered
HFE,PLAC1,0.405,discovered
ZNF382,BCL2L1,0.3455,discovered
HNF1A,SCD,0.3849,discovered
CASP8,TJP1,0.531,discovered
MDM2,ARHGEF1,0.4354,discovered
HDAC2,HLA-F,0.3255,discovered
ABCG1,TP53,0.6276,discovered
RB1,MMP9,0.5886,discovered
SMAD2,HSPH1,0.5944,discovered
ERG,IKBKB,0.4852,discovered
REL,SDHB,0.5414,discovered
ETS1,ADRB3,0.3903,discovered
MATN1,RORA,0.5707,discovered
E2F1,CD34,0.4634,discovered
NFKB1,FBLN1,0.4761,discovered
NFKB1,TUBB3,0.3956,discovered
MZF1,CCR3,0.3521,discovered
DBF4,IL5RA,0.5099,discovered
SP3,TSC22D1,0.7247,discovered
NOS3,CDK5R1,0.4484,discovered
NKX2-3,MUC1,0.4147,discovered
SMAD7,NBN,0.5612,discovered
IRF3,CD4,0.4526,discovered
TBC1D22A,MME,0.4691,discovered
MYCN,NAIP,0.4337,discovered
CR1,ADIPOQ,0.353,discovered
PDGFRA,NKX2-1,0.5501,discovered
PAX5,C1QBP,0.3284,discovered
SMAD3,ERG,0.339,discovered
E2F1,WNT2B,0.3578,discovered
MTOR,NFKB1,0.3974,discovered
NFKB1,HOXB4,0.5274,discovered
EZH2,CHI3L1,0.395,discovered
GFI1,PIAS3,0.506,discovered
SPI1,TIMP1,0.3217,discovered
MLL2,TF,0.6275,discovered
HDAC3,ERICD,0.369,discovered
OTC,GRHL1,0.4772,discovered
TOP1,NQO2,0.3324,discovered
TBX4,ABCC1,0.3418,discovered
KDM6A,MYC,0.4559,discovered
MYB,RICTOR,0.378,discovered
STAT2,LTB,0.3737,discovered
GATA3,CSNK2A1,0.4145,discovered
SP1,HLX,0.4729,discovered
COL4A3,PPARA,0.4057,discovered
ETV6,GDF3,0.4004,discovered
PGR,IL12B,0.4454,discovered
FOS,EGFR,0.6421,discovered
CORO1C,BRCA1,0.3094,discovered
PCGF2,CYP17A1,0.5116,discovered
KAT5,PTGS2,0.3939,discovered
KLF4,RICTOR,0.538,discovered
CREB1,CYBB,0.4225,discovered
FLI1,BRCA1,0.4674,discovered
LDHC,SF1,0.4474,discovered
NR4A2,CAPN10,0.3481,discovered
MYC,BAG1,0.3041,discovered
ATP5F1A,ERBB2,0.3875,discovered
JUND,IGFBP1,0.3854,discovered
CEBPB,XPC,0.3641,discovered
NANOG,BMI1,0.6199,discovered
TBX2,RB1,0.6894,discovered
GABPB2,TP53,0.4109,discovered
XBP1,IFNA1,0.4252,discovered
CIITA,EED,0.3827,discovered
GLI1,TP53,0.4119,discovered
DR1,PTEN,0.37,discovered
WT1,SLC22A2,0.4954,discovered
HIF1A,EPB41L3,0.3119,discovered
YY1,GRIN2B,0.5288,discovered
ZAP70,ELF1,0.4431,discovered
MYC,GAD1,0.3195,discovered
USF1,MIP,0.5244,discovered
THRA,SMAD4,0.3238,discovered
LTBR,XPA,0.357,discovered
PARP1,PLK1,0.3529,discovered
CDX2,MYC,0.3929,discovered
PITX2,MMP13,0.3486,discovered
PML,MT1E,0.4109,discovered
BRCA1,E4F1,0.3768,discovered
S100A11,HEY1,0.4092,discovered
NUPR1,CLEC4C,0.769,discovered
LMX1B,PCNA,0.4065,discovered
EZH2,CHEK2,0.3866,discovered
FOXK2,PAX8,0.3804,discovered
SREBF2,ATM,0.5843,discovered
STAT3,ATF4,0.6623,discovered
SMAD3,IGF1R,0.5696,discovered
PGR,NOTCH2,0.4114,discovered
HIF1A,BGLAP,0.3525,discovered
MYC,MCM5,0.4759,discovered
GATA4,HOXB7,0.3213,discovered
MYBL2,KPNA2,0.5112,discovered
XBP1,TAP2,0.3133,discovered
PML,CDKN1B,0.4625,discovered
SPI1,JUNB,0.3829,discovered
PDCD4,CTSD,0.45,discovered
GTF2I,SLC22A3,0.3757,discovered
HIC1,KLF15,0.58,discovered
FGF19,HLTF,0.5847,discovered
PROX1,ITGB3BP,0.4326,discovered
EGR1,GP6,0.3058,discovered
CYP24A1,IL2,0.3707,discovered
BRAF,CASP8,0.4239,discovered
NMU,HES1,0.3135,discovered
MYC,DNAJB4,0.383,discovered
SMAD4,MEOX2,0.3524,discovered
EGFR,DIRAS3,0.5163,discovered
MYOD1,GDF5,0.6479,discovered
RXRA,MYBL1,0.3937,discovered
ZNF202,IGFBP5,0.4396,discovered
EP300,HK2,0.5649,discovered
TDGF1,MYCN,0.3724,discovered
REST,FAS,0.439,discovered
RFXANK,IL6,0.376,discovered
BRCA1,GADD45G,0.3272,discovered
HOXA10,C4BPB,0.3033,discovered
SPI1,FGFR1,0.5217,discovered
RB1,BDKRB1,0.3818,discovered
ARNT,ERBB2,0.3413,discovered
SIRT1,IL10,0.3113,discovered
ARNT,DST,0.3385,discovered
YEATS4,UPP1,0.3641,discovered
HOXC9,E2F1,0.4926,discovered
GATA4,ID2,0.339,discovered
IFI16,F7,0.4514,discovered
ATF1,PTP4A1,0.3165,discovered
KAT2B,PRNP,0.41,discovered
NPM1,AGTR1,0.5123,discovered
TAC1,NDUFV1,0.3228,discovered
HMG20B,HDAC1,0.598,discovered
PARP1,UBC,0.3285,discovered
NCOA1,MCL1,0.3411,discovered
URI1,HK2,0.5558,discovered
PFKP,CELSR3,0.3795,discovered
E2F1,SFTPD,0.6066,discovered
CEBPB,BRCA2,0.4296,discovered
HDAC5,DISC1,0.4754,discovered
SP1,MSX2,0.361,discovered
E2F3,BIRC7,0.4576,discovered
MYB,CLDN7,0.4545,discovered
NR1H4,TP53,0.6347,discovered
EP300,TNFSF10,0.3515,discovered
HIF3A,HLA-DOB,0.4998,discovered
P2RX4,TAGLN,0.3933,discovered
TP53,IL5,0.3269,discovered
SPI1,YES1,0.3858,discovered
AR,TWIST1,0.4819,discovered
DMAP1,FLT3,0.4853,discovered
BCL2L13,VEGFD,0.5566,discovered
DUX4,ODC1,0.4714,discovered
STAT3,F8,0.5306,discovered
IFNL3,DNAJC3,0.3383,discovered
RAD51,ESR1,0.5829,discovered
REST,PIGR,0.5236,discovered
STAT6,SOX4,0.4368,discovered
MAFF,RECQL4,0.3317,discovered
PDCD4,SMAD4,0.6089,discovered
TBR1,CASP8,0.7188,discovered
UGDH,SPP1,0.5457,discovered
MYC,DBP,0.4765,discovered
HSF1,WT1,0.3893,discovered
MAX,DNAJC3,0.4086,discovered
BRCA1,HDAC1,0.3731,discovered
MLH1,NKX2-1,0.4539,discovered
FGF2,RAD51,0.5525,discovered
E2F3,FGF2,0.5717,discovered
HIST1H4L,CGB5,0.453,discovered
CCNB2,MCL1,0.4066,discovered
VDR,NLRC4,0.4043,discovered
HSF1,SNAI1,0.4365,discovered
ATF1,POU1F1,0.3623,discovered
NFKB1,SLBP,0.4829,discovered
RFX1,YWHAQ,0.4841,discovered
CREB1,BTG2,0.3534,discovered
MYB,BRCA1,0.4074,discovered
NDUFV2,NF1,0.4438,discovered
LHX4,MAP1LC3A,0.5665,discovered
CSNK2A1,AKR1C4,0.475,discovered
NFATC1,ASAH1,0.3981,discovered
MED15,TCF7L2,0.3848,discovered
ONECUT2,HDAC1,0.5498,discovered
SP1,DDX21,0.5365,discovered
B2M,SAA1,0.5725,discovered
ADRB3,NOX1,0.4112,discovered
MYB,FOXP3,0.326,discovered
STAT4,CYBB,0.5042,discovered
SMAD7,HSP90AA1,0.3642,discovered
GLS,POR,0.5901,discovered
SPI1,RRM2B,0.3877,discovered
TRIP6,DEFA1,0.3164,discovered
E2F1,PDHA1,0.4739,discovered
PPARGC1A,SRC,0.4544,discovered
TBX21,TFRC,0.3942,discovered
PKM,IGF1R,0.6411,discovered
EP300,WWC1,0.308,discovered
UGT1A4,DEFB4A,0.4001,discovered
IRF8,NFKB2,0.485,discovered
HDAC1,HAX1,0.3652,discovered
NFKB1,PPARGC1A,0.3195,discovered
DBP,CYP11A1,0.428,discovered
STAT5A,CHGA,0.3674,discovered
SMAD3,CCND1,0.3388,discovered
BRCA1,CGB5,0.3718,discovered
ZNF175,TNF,0.3011,discovered
KLF2,GATA4,0.4466,discovered
FBXO32,RHO,0.5074,discovered
SP1,LRBA,0.4558,discovered
CDC5L,TXNIP,0.3309,discovered
PPARA,ALOX15B,0.5212,discovered
EZH2,HK2,0.4841,discovered
PPP2R2D,HEY1,0.4707,discovered
HTT,XAF1,0.3411,discovered
UCN,VEGFA,0.6623,discovered
PAX4,GATA3,0.4573,discovered
USP21,CYP19A1,0.4893,discovered
CDX1,ABCA1,0.3881,discovered
STAT3,CYP2B6,0.5162,discovered
ATF1,BCL6,0.461,discovered
NFKB1,COL10A1,0.482,discovered
KLF4,BHLHE40,0.3692,discovered
NFYA,CYP17A1,0.3648,discovered
STAT5A,LDHA,0.3453,discovered
CDK4,MITF,0.3892,discovered
GATA2,FAS,0.5153,discovered
LMO4,RAD51,0.4582,discovered
CDH1,WNT11,0.4251,discovered
DNM3,FAS,0.327,discovered
NFYC,EGF,0.3627,discovered
ELF1,SGPL1,0.6893,discovered
F9,XBP1,0.4778,discovered
E2F1,IL3,0.4994,discovered
CHEK2,FUS,0.3986,discovered
SATB1,ASAH1,0.557,discovered
SEMA6A,DBI,0.5845,discovered
SALL4A,CRHBP,0.4741,discovered
PML,CYP3A4,0.4817,discovered
SP1,CD74,0.4848,discovered
ARID1A,CASP1,0.3731,discovered
TFDP1,CYP27B1,0.3376,discovered
BBC3,ZNF300,0.4672,discovered
CHEK1,CXCL8,0.486,discovered
DACH1,APOC3,0.5426,discovered
KMT2A,ETV2,0.3485,discovered
FOXM1,NELL2,0.619,discovered
RELA,HLA-G,0.345,discovered
HIF1A,CD4,0.4251,discovered
ANAPC4,MDM2,0.4049,discovered
CDK6,CYP46A1,0.3278,discovered
STAT3,RTN3,0.4093,discovered
IRF1,LNPEP,0.7084,discovered
YY1,B2M,0.345,discovered
ATF6,IFNA1,0.5142,discovered
HK2,TOMM70,0.4068,discovered
NR1H2,RB1,0.4939,discovered
HTT,CYP19A1,0.4024,discovered
CELSR3,GNLY,0.5277,discovered
OTX2,APC,0.5422,discovered
GLI1,ZEB1,0.3159,discovered
CDCA7,OGG1,0.3968,discovered
POU2F1,CDKN1B,0.5383,discovered
ZNF382,TNFSF10,0.5047,discovered
RELA,CRYGA,0.5066,discovered
CYSLTR1,ERBB4,0.3238,discovered
NR3C1,SERPINE1,0.3388,discovered
MAZ,DACT3,0.4195,discovered
NF1,CD40,0.3527,discovered
CRISP3,MICB,0.3166,discovered
BDP1,HMGA1,0.421,discovered
TP53,PDGFB,0.7353,discovered
BRCA1,TH,0.3113,discovered
DGCR5,PSIP1,0.4165,discovered
RELA,GCK,0.5443,discovered
EMX2,IL6R,0.4395,discovered
SLC8A3,PTPA,0.3749,discovered
HDAC3,CXCL1,0.3963,discovered
NPM1,FOXE1,0.3568,discovered
SMAD2,ST2,0.6944,discovered
KRAS,RELA,0.3442,discovered
EGR1,CREB1,0.3597,discovered
HOXA4,TGFB2,0.5791,discovered
EGR1,E2F1,0.5122,discovered
CD28,EPO,0.3825,discovered
GBX2,DACT3,0.4614,discovered
JUN,CASP9,0.376,discovered
CLOCK,PLD1,0.3323,discovered
DKK1,GRIN2B,0.3421,discovered
STAT3,BTG1,0.3658,discovered
NANOG,EGFR,0.4969,discovered
RXRA,AKR1C4,0.7183,discovered
POU2F1,DDB2,0.4052,discovered
MITF,TRIB3,0.3905,discovered
SGK1,CLCNKA,0.4555,discovered
ETS2,TIMP2,0.4911,discovered
HOXC6,BTG3,0.4321,discovered
HIF1A,HBA2,0.4225,discovered
ZEB1,TP53,0.4071,discovered
RELA,DNMT3A,0.4402,discovered
NFKB1,TFE3,0.3429,discovered
FGFR1,SNAI2,0.4547,discovered
FOSL2,MEF2D,0.5543,discovered
RUNX3,CTNNB1,0.6269,discovered
GLI1,CASP3,0.5659,discovered
SIRT1,ADORA1,0.3776,discovered
CREB5,GINS3,0.475,discovered
EGR1,EVX1,0.4064,discovered
ATF6,JUN,0.551,discovered
AR,MYBL2,0.3677,discovered
NR1H4,VWF,0.5115,discovered
JUN,PTPN6,0.3379,discovered
RARA,IL2,0.4621,discovered
RELA,TNFRSF12A,0.3421,discovered
PAX6,ARG1,0.465,discovered
XBP1,APP,0.4455,discovered
TP53,PRL,0.3625,discovered
SIRT1,CLEC4G,0.5765,discovered
RARA,LGALS3BP,0.4416,discovered
SLCO4C1,CDKN1B,0.3814,discovered
NR3C1,FOS,0.3985,discovered
MUC4,RORA,0.4731,discovered
NFKB1,TP73,0.3333,discovered
KLF4,RELA,0.3146,discovered
KLF4,FGF2,0.5652,discovered
STAT3,HTR1A,0.3027,discovered
COL10A1,CDKN1A,0.3399,discovered
RB1CC1,PLAUR,0.4656,discovered
FUS,ARNT,0.3359,discovered
DLL1,PTGS1,0.5657,discovered
CDKN1A,SOD1,0.3313,discovered
BRCA2,BDKRB1,0.6233,discovered
SIAH1,LTBP1,0.3681,discovered
CDKN1A,TNFRSF17,0.466,discovered
ESR1,MST1,0.3645,discovered
HDAC1,ANKRD1,0.5611,discovered
JUN,PCNA,0.5617,discovered
PITX2,PREB,0.4305,discovered
NEDD4,E2F1,0.4296,discovered
HNF4G,CCNA1,0.3809,discovered
SERPINC1,ANGPTL4,0.5823,discovered
SP4,RAD51,0.3745,discovered
YBX1,CGA,0.5813,discovered
CEBPB,MMP17,0.6116,discovered
AR,CDC20,0.3373,discovered
TAF4,IGFBP3,0.6917,discovered
MTA1,FOS,0.3979,discovered
RXRA,KIT,0.58,discovered
MYB,HLA-DRB5,0.7087,discovered
TGFB3,TAPBP,0.3601,discovered
OTX2,MMP13,0.3161,discovered
HDAC9,IRF5,0.4224,discovered
CEBPZ,KDM4C,0.4739,discovered
PHOX2B,MYB,0.4124,discovered
HMGA2,SLC39A3,0.3725,discovered
PPARG,NR2F1,0.3073,discovered
USF1,CACNA1H,0.5959,discovered
PTEN,NPHS2,0.6979,discovered
NFKB1,NGF,0.4091,discovered
ETS2,OTX2,0.3416,discovered
COL4A2,COPS5,0.3631,discovered
TP53,BRIP1,0.3942,discovered
LEP,UGT1A8,0.4132,discovered
KLF8,BCL2,0.5046,discovered
DR1,GRHL2,0.5702,discovered
IDO1,WAS,0.3638,discovered
CDK6,STAT5A,0.4067,discovered
KLF1,HLA-DQA2,0.3341,discovered
NR2E3,TWIST1,0.5034,discovered
PRKN,CDK11B,0.3829,discovered
EGR1,APC,0.4934,discovered
RELA,NELL2,0.4586,discovered
BAMBI,IL2RA,0.3111,discovered
SMAD4,SERPINA3,0.6488,discovered
ZEB1,EAF1,0.4662,discovered
GNRH2,SOX4,0.5265,discovered
STAT1,GFAP,0.47,discovered
NFKB2,PODXL,0.3892,discovered
TRERF1,GSK3B,0.3866,discovered
TBP,CCK,0.3578,discovered
GLIS3,TIMP1,0.7245,discovered
ING4,PLK1,0.3126,discovered
SOX11,SNRPN,0.3401,discovered
TFCP2,OXT,0.6512,discovered
HLA-DRB3,CDKN2A,0.3646,discovered
PGR,SERPINE1,0.5476,discovered
EP300,VIM,0.7173,discovered
KAT5,ELN,0.3985,discovered
SNAI1,IL18,0.4238,discovered
SP3,F3,0.4926,discovered
SIRT1,ID1,0.4329,discovered
PARP1,AURKA,0.5534,discovered
SP3,CLCNKA,0.3285,discovered
DLL1,CTBP2,0.4827,discovered
HDAC5,MAVS,0.4592,discovered
CDK11B,PTGS2,0.4761,discovered
MED1,ATF5,0.4602,discovered
USF1,CRP,0.3156,discovered
RELA,EAF2,0.5658,discovered
CEBPB,CCNE1,0.333,discovered
RB1,RAF1,0.411,discovered
JUN,BGLAP,0.7685,discovered
ASCL1,HIF1A,0.5357,discovered
ATM,CDKN2A,0.5778,discovered
TP53,IFNA1,0.3987,discovered
ETS2,TAF12,0.5501,discovered
E2F1,HDAC1,0.4304,discovered
LMX1B,CYP27A1,0.3741,discovered
SP4,HPR,0.3354,discovered
KLF14,MAD2L1,0.5208,discovered
NR4A1,MUC5AC,0.3064,discovered
YY1,VEGFA,0.5389,discovered
ASAP2,CDH1,0.323,discovered
SFTPB,EBNA1BP2,0.3229,discovered
DCBLD2,ODC1,0.4121,discovered
HEY1,TXNIP,0.3512,discovered
NFYC,ZEB2,0.5377,discovered
RELA,NPY,0.3047,discovered
FOXH1,LGR5,0.4258,discovered
HOXB7,NQO2,0.3517,discovered
FOXO1,BSG,0.3896,discovered
MEF2C,ERICD,0.5419,discovered
CDX2,FES,0.5298,discovered
CREB1,CTCFL,0.402,discovered
SPARC,CDH1,0.3345,discovered
COL4A2,TH,0.4929,discovered
STAT1,EZR,0.3114,discovered
PLG,RBBP8,0.3488,discovered
GLI1,CDKN1A,0.4029,discovered
BRPF1,MZF1,0.4808,discovered
ESR2,RASGEF1B,0.4156,discovered
FOSL1,MUC2,0.4057,discovered
MYC,ZNF160,0.525,discovered
DNMT3A,CRY1,0.4065,discovered
EPSTI1,HES6,0.355,discovered
ONECUT1,SLC26A3,0.3707,discovered
SNAI2,DLK1,0.5038,discovered
AHR,RND3,0.5661,discovered
SNAI1,TCF4,0.3408,discovered
E2F1,CCL2,0.5324,discovered
NFKB1,ZEB2,0.3832,discovered
GSC,CDKN1A,0.3295,discovered
TP53,UPF3B,0.4848,discovered
HDAC2,CDC34,0.5191,discovered
ARNT,DDIT3,0.3637,discovered
OTC,UTRN,0.3041,discovered
EGR1,RET,0.4448,discovered
RELA,PCNA,0.457,discovered
TNFSF10,KRAS,0.633,discovered
GATA1,GPX1,0.3951,discovered
RUNX3,GADD45A,0.3854,discovered
ETS2,SPINK4,0.5108,discovered
REL,MTTP,0.4828,discovered
SOX2,DUSP1,0.5819,discovered
PF4,KRAS,0.5465,discovered
IL12RB2,CYP11A1,0.4218,discovered
TBX2,ATM,0.4497,discovered
HOXA7,UTRN,0.4859,discovered
HDAC2,TNFRSF11B,0.6214,discovered
E2F3,TYR,0.5413,discovered
REST,CDK1,0.351,discovered
IFNL3,FOS,0.4861,discovered
ZFP36,MMP3,0.4833,discovered
TAF4,RTN3,0.3769,discovered
NFYC,ACACA,0.6785,discovered
HIST1H4L,TGFBR3,0.4235,discovered
CREB1,OXT,0.5685,discovered
MYOD1,CREB1,0.4878,discovered
IRF1,ACADL,0.6822,discovered
TFAP2A,ETF1,0.4198,discovered
HLX,NLRP2,0.5817,discovered
CORO1C,BIRC2,0.398,discovered
SIRT1,MYBL2,0.5206,discovered
NPPB,CDKN2A,0.3292,discovered
RELB,OPRM1,0.3727,discovered
CIITA,FGF16,0.5497,discovered
NFKB2,KAT2B,0.3895,discovered
REL,ERCC4,0.4453,discovered
DDX58,AHR,0.4582,discovered
JAG1,MPZ,0.4095,discovered
JUN,ADAMTS5,0.658,discovered
SOX9,NPSR1,0.3849,discovered
AR,MBD2,0.3869,discovered
EZR,PC,0.4473,discovered
EP300,ZNF410,0.514,discovered
PPARG,E2F1,0.4113,discovered
BRCA1,BRD2,0.3771,discovered
SP1,SMAD3,0.4842,discovered
MYC,ASAP2,0.3355,discovered
BRCA1,CYP2B6,0.5622,discovered
PAX5,CTNNB1,0.3633,discovered
CUX1,VDR,0.5427,discovered
GRPR,NOS3,0.35,discovered
GBX2,PPARG,0.4011,discovered
TP53,TGFBI,0.4511,discovered
PAX6,HLA-DMA,0.4593,discovered
NCF1,GDNF,0.5196,discovered
ULBP1,UGT1A7,0.4288,discovered
NKX2-5,PSEN2,0.3986,discovered
SIGMAR1,CTSL,0.6045,discovered
TCF12,COL2A1,0.6107,discovered
AKR1B1,NTRK3,0.3448,discovered
ATF4,HES1,0.3512,discovered
ATF4,PBX1,0.3846,discovered
GREB1,IGK,0.3966,discovered
BCL6,ATM,0.4722,discovered
CDKN1A,FOXP3,0.4346,discovered
SP1,SIX6,0.4074,discovered
MSH2,CD68,0.3634,discovered
TWIST1,SPP1,0.4663,discovered
NR0B2,GNMT,0.5173,discovered
TSC22D3,CDKN2A,0.4156,discovered
LMO2,DKK1,0.6016,discovered
PPARA,RBP3,0.3681,discovered
NFIA,ATP5F1A,0.373,discovered
B4GALT1,NOTCH3,0.4046,discovered
ERCC2,MECOM,0.3529,discovered
KAT5,FXR2,0.4821,discovered
NF1,HOXC8,0.3579,discovered
TFE3,CSRP1,0.4218,discovered
CHEK2,IRF8,0.3814,discovered
MAX,STAT6,0.5024,discovered
SFTPD,PCSK6,0.5233,discovered
GLI2,KLK3,0.5963,discovered
PBX2,MAP2K4,0.3177,discovered
UBE2I,HLA-DMB,0.4879,discovered
HSP90AA1,GADD45A,0.3234,discovered
HDAC4,CCNE1,0.3109,discovered
ITGAL,TNFRSF10B,0.3609,discovered
ATM,MUC2,0.4651,discovered
FOSL2,NAMPT,0.6099,discovered
VHL,PTTG1,0.4449,discovered
TP63,IL2,0.6319,discovered
PLAGL2,BRD3,0.3558,discovered
ASH1L,UBE2I,0.4194,discovered
MEF2D,RB1CC1,0.3181,discovered
HDAC2,PRDM2,0.3315,discovered
HOXA10,BCL6,0.3614,discovered
SP1,TBXAS1,0.3423,discovered
JUND,UGT1A4,0.3698,discovered
NR4A2,CYP11A1,0.4389,discovered
NFKB1,ELK4,0.4301,discovered
NFKB1,APAF1,0.3704,discovered
KRAS,CSRP1,0.3109,discovered
OTC,LRP8,0.3306,discovered
CDX2,BIRC5,0.5325,discovered
DBP,HSPD1,0.5323,discovered
TNNI3,TCFL5,0.4247,discovered
STAT1,TOP3A,0.431,discovered
NFKB1,ETV3,0.4496,discovered
UPF2,NOX1,0.3702,discovered
PPARA,CST5,0.4297,discovered
STAT6,TNFSF14,0.3225,discovered
PIK3CA,SMAD3,0.5461,discovered
SIRT1,IL6ST,0.3552,discovered
TDRD1,CASP8,0.6232,discovered
PER1,HSD17B2,0.4001,discovered
GATA4,CRLF1,0.3502,discovered
MYC,KLF4,0.5287,discovered
ING4,GATA6,0.3597,discovered
HSF1,TGFB1,0.4938,discovered
MYOG,NR1H4,0.3337,discovered
TFAP2B,IKBKB,0.6089,discovered
SP1,GINS3,0.3289,discovered
IRF1,BGN,0.5766,discovered
PPL,GSS,0.6258,discovered
RXRA,HSPA4,0.3604,discovered
ARX,THBD,0.4163,discovered
MAPK1,SLC5A8,0.4462,discovered
CREB1,SERPINE1,0.4814,discovered
FOXO3,TNF,0.3129,discovered
FGFR1,FOXO3,0.494,discovered
NFKB1,FBXO32,0.3957,discovered
NFKB1,EAPP,0.3104,discovered
PTEN,ITGAV,0.5422,discovered
TWIST2,MTF1,0.5341,discovered
CEBPZ,SOD2,0.4613,discovered
AIP,FGFR1,0.3033,discovered
CDH2,TFPT,0.4517,discovered
IRF7,VCAN,0.5812,discovered
CRH,ABCB1,0.3344,discovered
PRG2,MTF1,0.4662,discovered
FOXM1,IRF5,0.5258,discovered
CTBP1,TCF7,0.4248,discovered
ZNF382,CSH2,0.4442,discovered
RELA,LTB,0.3975,discovered
PTPN1,CLDN7,0.6514,discovered
BRCA1,ACOT7,0.3406,discovered
KLRK1,IGF1,0.3635,discovered
ATR,DUSP10,0.37,discovered
MAF,EPHA2,0.67,discovered
TSC1,PLK1,0.709,discovered
BRCA1,HDAC8,0.6648,discovered
HIF1A,SLCO1B3,0.4446,discovered
SMARCA4,ACADL,0.3075,discovered
SLC9A1,FASLG,0.4458,discovered
HDAC2,POU5F1,0.4818,discovered
PBX2,S100A10,0.3467,discovered
STAT4,MET,0.5881,discovered
HIST1H4L,FGFR1,0.3956,discovered
E4F1,SERPINE1,0.5611,discovered
SP1,XRCC1,0.5022,discovered
ETV4,PTGS1,0.5444,discovered
AR,ALB,0.4588,discovered
SP3,FOXA2,0.6109,discovered
RELA,ACACA,0.3759,discovered
ESR2,FLI1,0.3086,discovered
GLIS3,APOA2,0.6156,discovered
SREBF2,FPGS,0.4428,discovered
PHOX2A,CCL4,0.5995,discovered
HMG20B,IL11,0.3245,discovered
PLAGL2,DNASE2,0.3387,discovered
HSF2,CASP8,0.4091,discovered
HDAC2,PSEN1,0.3555,discovered
OTX2,COL4A2,0.3067,discovered
HOXA10,RRM2B,0.3168,discovered
ATF1,PSMB9,0.6329,discovered
FTH1,HBP1,0.4216,discovered
NR0B1,IL3,0.3947,discovered
JUND,AKR1C4,0.4268,discovered
NFKB1,APEX1,0.314,discovered
KRAS,MUC17,0.4755,discovered
MZF1,CAT,0.4529,discovered
NFKB1,CDKN2B,0.4591,discovered
MEF2A,CTLA4,0.5031,discovered
TBX20,CDK2,0.3801,discovered
GLIS3,HLA-DRB3,0.4752,discovered
E2F4,BHLHE41,0.4833,discovered
CRX,PIK3R3,0.5639,discovered
TBC1D22A,MAP1LC3B,0.4436,discovered
RNF8,HBD,0.5534,discovered
GLI1,OTC,0.4622,discovered
KRT20,STAR,0.4598,discovered
CDK2,SCTR,0.341,discovered
CRHR1,ILK,0.3559,discovered
GCSAM,CREBBP,0.3241,discovered
SEPT7,PDGFRA,0.3478,discovered
VDR,ABL2,0.5842,discovered
ATM,ASPH,0.3725,discovered
KLF4,DNMT1,0.4492,discovered
TMPO,CDKN1A,0.5084,discovered
PTMA,RAF1,0.4858,discovered
JUN,CYP2E1,0.4665,discovered
TWIST1,NOD2,0.6071,discovered
FOSL2,SLC9A2,0.5178,discovered
MSX1,AMH,0.3921,discovered
HMGA1,DDIT4,0.448,discovered
ERVFRD-1,LPIN1,0.3906,discovered
STAT4,PLK1,0.4484,discovered
IRF2,E2F1,0.369,discovered
RNF14,UGT1A6,0.417,discovered
CFB,HSPA5,0.3106,discovered
NFE2L2,HSP90AA1,0.4318,discovered
STAT3,RRAS2,0.5588,discovered
PTAFR,CDKN2B,0.4328,discovered
HDAC1,BMI1,0.4778,discovered
STAT2,ITGAV,0.3888,discovered
EZH2,DCT,0.4808,discovered
STAT3,TRIM22,0.3527,discovered
CCNG2,PHGDH,0.5023,discovered
MAPK1,TRERF1,0.3207,discovered
SPI1,GH2,0.321,discovered
ZEB1,MCM2,0.5755,discovered
GLI2,CDH3,0.406,discovered
EPSTI1,RELA,0.4112,discovered
NR5A2,IL10,0.4058,discovered
HDAC2,ACAT1,0.4951,discovered
TLX1,PTHLH,0.4391,discovered
KLF10,TDG,0.4252,discovered
GATA2,MSX2,0.3023,discovered
ATP6V0E1,CSF2,0.3649,discovered
ATF6,S100P,0.4719,discovered
HSF1,MIF,0.541,discovered
NES,OPRM1,0.3341,discovered
ESR1,FAS,0.3618,discovered
RELA,JAG1,0.5281,discovered
CTNNB1,TP53BP2,0.3862,discovered
TPH1,PDE6A,0.3673,discovered
SP3,CHEK1,0.5541,discovered
SMARCA4,SMARCB1,0.4185,discovered
TCF4,TCF12,0.5168,discovered
NKX2-1,FCGR3B,0.4079,discovered
PTTG1,KIN,0.5209,discovered
ATF6,CTPS1,0.5998,discovered
MYOD1,CCNB1,0.3446,discovered
CD274,XPO1,0.3299,discovered
NR3C1,DVL1,0.364,discovered
SMAD7,DUX4,0.535,discovered
DDC,CGA,0.4363,discovered
RELA,MYB,0.5155,discovered
GUCY2C,DNAJC3,0.345,discovered
TWIST2,EAPP,0.5395,discovered
SP1,EBI3,0.317,discovered
PTTG1,TCF3,0.3352,discovered
EGR1,TNFRSF10B,0.6797,discovered
NFE2,KLK1,0.5155,discovered
FOXD3,LGALS9,0.3455,discovered
MMP13,RICTOR,0.3165,discovered
TFAP2A,CTSG,0.5329,discovered
IRF9,FN1,0.3901,discovered
MYCN,IGFBP4,0.3552,discovered
RB1,MUC5B,0.3751,discovered
FOS,MME,0.6394,discovered
FOXM1,PLTP,0.385,discovered
DDX58,ECT2,0.4773,discovered
SP1,GDF3,0.4535,discovered
DNMT1,GFAP,0.3264,discovered
ARNT,RASSF1,0.5676,discovered
AURKB,HEY1,0.381,discovered
CIITA,COL2A1,0.515,discovered
HNF1A,IFNG,0.5298,discovered
FPGS,REN,0.4616,discovered
F8,FOXI1,0.3281,discovered
HOXA7,RXRA,0.4151,discovered
GRM2,RGN,0.3694,discovered
HEYL,CDKN1C,0.6184,discovered
MYC,CD36,0.6365,discovered
EGR1,CCNE1,0.4435,discovered
CCNB1,MYD88,0.3409,discovered
TP53,F8,0.3618,discovered
MYC,PRNP,0.353,discovered
HIF1A,IKBKG,0.401,discovered
POU3F4,ERBB3,0.3881,discovered
ESRRA,MAD1L1,0.6854,discovered
KLF2,MYCN,0.4562,discovered
E2F6,DUSP1,0.3976,discovered
TP53,AMACR,0.3456,discovered
SEMA6A,RBBP8,0.4301,discovered
LMO4,CYP3A4,0.3889,discovered
NR2F1,NME3,0.3161,discovered
ETS1,TJP1,0.4132,discovered
ST3GAL1,CD274,0.4657,discovered
LIN54,LILRB1,0.3036,discovered
MED23,NFKB1,0.3293,discovered
PPARG,IRF2,0.3397,discovered
YY1,UBE2S,0.4508,discovered
USF2,FOXO3,0.517,discovered
EGR1,SFTPB,0.3978,discovered
CNOT8,ITGAV,0.5088,discovered
CEBPA,CASP9,0.4607,discovered
CDK4,MNDA,0.3387,discovered
SP1,SI,0.3894,discovered
BRCA1,FAF1,0.7012,discovered
CDX1,SPP1,0.6868,discovered
FOS,TH,0.646,discovered
BTF3,PLAT,0.5292,discovered
HDAC7,GCLC,0.3273,discovered
NLRP2,CCND1,0.3414,discovered
VHL,RBBP7,0.5117,discovered
HSP90AB1,GSTP1,0.3101,discovered
PMEPA1,HK3,0.3668,discovered
SP1,PTPA,0.3342,discovered
CDKN1A,WISP2,0.3832,discovered
RUNX2,PTGS2,0.3791,discovered
ANPEP,THRSP,0.4322,discovered
RELA,SERBP1,0.4545,discovered
CEBPE,PADI1,0.7371,discovered
CORO1C,CERS2,0.3435,discovered
ABL1,IL27,0.5068,discovered
CDKL5,FOXO3,0.5467,discovered
STAT5A,TP53,0.3276,discovered
RS1,CCL5,0.447,discovered
TGFB1,CCK,0.36,discovered
RXRA,NR1I3,0.4628,discovered
ETS2,PIK3R3,0.484,discovered
IDO1,CRH,0.5117,discovered
FOXP2,SOX2,0.4532,discovered
CDK6,ZEB1,0.3784,discovered
JAG1,CASP8,0.3704,discovered
ARNT,IL27,0.3358,discovered
PDX1,PCSK6,0.728,discovered
YY1,SLC25A20,0.4957,discovered
HSF1,PMEPA1,0.344,discovered
MYB,ADM,0.3622,discovered
CUX1,PARP1,0.3686,discovered
CREBBP,CTNNB1,0.3281,discovered
USF1,UGT2B17,0.4228,discovered
NCOA6,MYD88,0.3669,discovered
HDAC4,DDX21,0.3144,discovered
PLK1,CRYGB,0.3474,discovered
SLC25A27,NPSR1,0.3744,discovered
S100A2,NEUROG3,0.3154,discovered
ATF7,GATA4,0.6852,discovered
SP1,CFH,0.3818,discovered
GATA3,ITGB3BP,0.3361,discovered
IRF1,NPPA,0.3048,discovered
NELFB,MSLN,0.376,discovered
CDC20,TBP,0.347,discovered
EOMES,NR1H4,0.3195,discovered
JUN,STMN2,0.5469,discovered
TBX2,IL2,0.4007,discovered
NES,DNMT1,0.3576,discovered
CEBPA,VDR,0.6951,discovered
CDK6,CTPS1,0.4268,discovered
EGR1,POU5F1,0.3087,discovered
CDK6,DRD1,0.3802,discovered
AR,ASCL1,0.3953,discovered
DUX4,SMN1,0.5786,discovered
TFAP2A,MAP2K1,0.3844,discovered
KLF11,CXCR1,0.3924,discovered
HEY1,TJP1,0.4744,discovered
GALNT3,TNFRSF10A,0.3878,discovered
SMAD3,CCNA1,0.3728,discovered
EP300,TGFA,0.4566,discovered
FOS,PSMD11,0.4124,discovered
PLK1,PDGFRA,0.5277,discovered
ETV4,ESRRA,0.326,discovered
SLC39A1,FBP1,0.364,discovered
RARA,RELA,0.4659,discovered
CD83,CD69,0.3928,discovered
STAT1,NBN,0.3434,discovered
RUNX2,BIRC7,0.3569,discovered
NFKBIA,KRAS,0.391,discovered
MYC,SMARCD3,0.3553,discovered
FGFR1,LYL1,0.4011,discovered
ZNF148,TCEAL1,0.4746,discovered
HOPX,BCL6,0.3262,discovered
ESR1,U2AF2,0.4841,discovered
PIK3R3,MYC,0.4644,discovered
EWSR1,PTGES,0.3472,discovered
GALNT3,E2F1,0.3369,discovered
NFKB1,DUSP1,0.3988,discovered
SIRT1,E2F1,0.5069,discovered
ATF6,IL6,0.555,discovered
CDX1,ERCC4,0.4248,discovered
PDCD11,CDK4,0.3066,discovered
SUGP1,SF1,0.3195,discovered
TLR2,CRABP1,0.3487,discovered
USF1,NQO1,0.4511,discovered
TP53,PRSS50,0.6474,discovered
OTX2,GADD45A,0.399,discovered
MYC,FLT4,0.5226,discovered
NR5A1,HNRNPD,0.3858,discovered
TCF4,JAK2,0.3029,discovered
ERF,CCL5,0.3918,discovered
MZF1,MITF,0.3488,discovered
SRF,CYP2C9,0.6874,discovered
NPSR1,WNT7B,0.5605,discovered
ZBTB2,IL4,0.4969,discovered
HDAC4,AR,0.6007,discovered
CDX2,SPP1,0.4254,discovered
YY1,RUNX2,0.339,discovered
BTG2,ZNF148,0.4708,discovered
GATA1,TP53,0.3328,discovered
RB1,CEBPB,0.5028,discovered
ATF2,DCT,0.3794,discovered
ARID3A,TLR9,0.4094,discovered
EED,F13A1,0.5588,discovered
DNMT3A,CCL2,0.3489,discovered
ACSL1,TFRC,0.3143,discovered
CDKN1A,CCR7,0.4412,discovered
GATA3,RNASE2,0.3346,discovered
MYC,SIGIRR,0.6111,discovered
HDAC3,ESRRG,0.53,discovered
TFAP2A,OXT,0.4888,discovered
BRCA2,MSLN,0.4153,discovered
FOXD3,BCL6,0.3031,discovered
PPARG,DLL1,0.4292,discovered
CDKN1A,TERT,0.3786,discovered
BRAF,CABLES1,0.6052,discovered
CEBPB,SPI1,0.3456,discovered
NR4A1,MSR1,0.3168,discovered
RPLP0,VEGFD,0.3121,discovered
NR1I2,PDGFC,0.3668,discovered
STAT3,SRCAP,0.3106,discovered
BTF3,FOS,0.3983,discovered
EHF,IFNB1,0.3396,discovered
LIMD1,FBP1,0.3331,discovered
NR2F2,NCAM1,0.3304,discovered
NKX2-5,BCL2,0.345,discovered
JUN,DNMT1,0.519,discovered
PLK1,USF2,0.5815,discovered
GRIN1,NQO1,0.426,discovered
E2F1,PPP2CA,0.3865,discovered
NFE2L2,PLOD1,0.4773,discovered
HDGF,IL24,0.3722,discovered
TP73,CPT1A,0.4394,discovered
DBP,TAT,0.4554,discovered
JUN,CCND2,0.5687,discovered
RELA,DEC1,0.4269,discovered
HMGA2,TIMP1,0.3139,discovered
ASXL1,TNFRSF12A,0.5792,discovered
DLL1,KMT2A,0.3267,discovered
CEBPD,IER3,0.6977,discovered
HLA-E,CDH2,0.4085,discovered
NFKB1,NFE2L2,0.3574,discovered
ATR,PROX1,0.5732,discovered
HIF1A,ALK,0.4578,discovered
E2F4,BAX,0.4328,discovered
CREM,IFNA2,0.3534,discovered
SIRT1,IGFBP1,0.6587,discovered
HDAC1,HEY1,0.6626,discovered
DST,CYP19A1,0.4108,discovered
CEBPA,BCL11A,0.3736,discovered
BRCA1,LNPEP,0.3062,discovered
FOXM1,SNAI2,0.5066,discovered
GAD1,INS,0.4382,discovered
RRP1B,MYC,0.5662,discovered
HNF1A,PRM1,0.5907,discovered
GABPB1,DNMT1,0.4415,discovered
CYP3A7,DEFA6,0.3668,discovered
FOSL1,DUSP4,0.3188,discovered
USF1,ERCC1,0.3797,discovered
IFNB1,GMPS,0.3587,discovered
HOXA9,NR1H3,0.3733,discovered
USF2,RTN3,0.5241,discovered
KAT2B,PIGR,0.4795,discovered
STAT1,ADRA1A,0.363,discovered
FOXM1,FMR1,0.649,discovered
RUNX3,DKK3,0.3185,discovered
YY1,FOS,0.5302,discovered
MYC,GDF15,0.3041,discovered
HOXC9,CXCL8,0.3524,discovered
WNT11,CDKN2B,0.415,discovered
ETV4,TSLP,0.3165,discovered
SIAH1,EPSTI1,0.4071,discovered
MYCN,STAT1,0.4545,discovered
CREB3,MCM3,0.3484,discovered
MYC,DMRT1,0.4579,discovered
SP1,FN1,0.5885,discovered
SP1,IL21,0.3942,discovered
ANGPT2,IL2,0.3482,discovered
ETV5,MAP4,0.3708,discovered
GLI1,CXCL8,0.3117,discovered
ESR1,BHLHE40,0.3714,discovered
ATF5,HSPA4,0.3321,discovered
ITGAV,CDH5,0.3048,discovered
TP53,HOXB7,0.3455,discovered
RPTOR,DDB1,0.4923,discovered
FOXO1,CHRNA1,0.55,discovered
AR,TP63,0.4612,discovered
TGIF1,MFSD2A,0.3358,discovered
SUZ12,FOXP3,0.5543,discovered
SP3,CD44,0.6362,discovered
ETS1,SNAI2,0.4115,discovered
HIF1A,MMP13,0.4374,discovered
DNMT3A,PIAS3,0.3373,discovered
RFX5,SMAD7,0.511,discovered
IGFBP3,EPCAM,0.3088,discovered
MYC,FAS,0.3729,discovered
TP53,KDR,0.3048,discovered
IL24,COL4A1,0.3062,discovered
SLC15A1,MEOX2,0.4288,discovered
CTBP2,SNAI1,0.3339,discovered
CTCF,GATA3,0.4774,discovered
CDK5R1,CARD8,0.3314,discovered
YY1,MCM8,0.4934,discovered
ATM,SLC2A3,0.3129,discovered
FOXP3,FGF1,0.3843,discovered
ATF1,PTPN13,0.543,discovered
PIAS4,RAB3A,0.5589,discovered
DEAF1,DUX4,0.378,discovered
MSH2,FGF2,0.5296,discovered
DEAF1,ASCL1,0.4037,discovered
CREB1,TNFRSF9,0.3413,discovered
CEBPA,MS4A2,0.3183,discovered
SP1,LILRB2,0.4253,discovered
CXCR1,SERPINE1,0.5166,discovered
CEBPB,FHL2,0.4921,discovered
PIK3CA,TNF,0.5025,discovered
SOX9,UGT1A9,0.3382,discovered
DDX5,AR,0.5946,discovered
ACE,HMGB1,0.483,discovered
GJC2,MLH1,0.3499,discovered
ERBB2,CFTR,0.4009,discovered
PAX2,CDX2,0.3877,discovered
HIF1A,BACE1,0.5783,discovered
RORA,CYP3A4,0.5071,discovered
VDR,JAG1,0.3944,discovered
SERTAD1,LDHC,0.4857,discovered
KLF4,SERPINE1,0.3563,discovered
NFRKB,NFKB1,0.3226,discovered
ATM,UBC,0.3377,discovered
STAT5B,AFP,0.3232,discovered
MLL4,SRF,0.4428,discovered
NMU,CRP,0.411,discovered
IRF1,WT1,0.4487,discovered
MTA1,MX1,0.4971,discovered
EP300,HSD3B1,0.5696,discovered
SMARCA4,WTAP,0.3216,discovered
NFKB1,SOX2,0.4264,discovered
ATF2,SOD1,0.4953,discovered
FANCA,LHB,0.3758,discovered
TFAP2C,MAP2,0.4577,discovered
HDAC4,POLD1,0.3186,discovered
DNMT1,GCK,0.3228,discovered
ZFHX3,LMO2,0.4748,discovered
SCG3,HSD17B1,0.4042,discovered
EWSR1,ERBB2,0.3165,discovered
MUC5B,ZNF148,0.5678,discovered
E2F1,PARP1,0.6051,discovered
MAPK1,CDK4,0.4612,discovered
JUNB,IL6,0.3089,discovered
EGR1,KLK1,0.5299,discovered
ATF2,HLA-DOB,0.4197,discovered
PSMC5,NCL,0.3493,discovered
ZBTB16,CREB3,0.4997,discovered
TP53,AKR1C4,0.5897,discovered
CREB1,ANAPC4,0.4945,discovered
NR4A2,PLOD1,0.3316,discovered
SIRT1,CR2,0.6472,discovered
TFAP2C,ARNTL,0.3057,discovered
PARP1,NDUFV1,0.3442,discovered
DNMT1,U2AF2,0.6322,discovered
CORO1C,DMAP1,0.559,discovered
FOXO4,ABCA1,0.6934,discovered
FDPS,WT1,0.568,discovered
PML,UTRN,0.4173,discovered
HK2,FGF10,0.4085,discovered
FOSL1,IL6,0.3903,discovered
PREB,CYP19A1,0.4289,discovered
FLI1,RAF1,0.4574,discovered
HDAC1,CHEK1,0.5559,discovered
NR0B2,MYCN,0.4268,discovered
IL17C,ABCB1,0.4915,discovered
SP3,SOD1,0.5332,discovered
TAL1,ROS1,0.535,discovered
ELF1,RECK,0.3912,discovered
NFKB1,MNDA,0.4039,discovered
HIST1H4L,TNFRSF10A,0.3057,discovered
LCAT,ADGRB1,0.4511,discovered
RELA,ZEB1,0.5917,discovered
EGR1,JUN,0.3452,discovered
SMAD7,ID3,0.6444,discovered
MEF2A,MCAM,0.6362,discovered
IRF1,CD44,0.3192,discovered
RREB1,PTGFR,0.555,discovered
FOXF2,CDX2,0.6356,discovered
SP3,CRHR1,0.3703,discovered
ATF4,TERT,0.4588,discovered
NELFCD,CYBB,0.464,discovered
JUN,SLC3A2,0.4536,discovered
CDC20,OGG1,0.4616,discovered
NR4A1,CD40,0.3377,discovered
ABCB11,DMC1,0.4627,discovered
STAT3,GJC2,0.3258,discovered
SP1,STIM1,0.3448,discovered
DDIT3,OXT,0.7245,discovered
TWIST1,SRD5A3,0.5472,discovered
MCAT,PRSS50,0.4012,discovered
FOXP2,SF1,0.6622,discovered
ETS2,SLC39A1,0.3332,discovered
IRF7,EBNA1BP2,0.3122,discovered
NR5A2,NFKB1,0.4508,discovered
CCNB1,NPSR1,0.7433,discovered
SMAD3,RAD51B,0.413,discovered
CNOT8,EBI3,0.3653,discovered
NR1H2,IL6,0.3969,discovered
BRD7,NOS1,0.3664,discovered
MEF2D,TGFBR1,0.5308,discovered
ACO1,EDEM2,0.3629,discovered
FOXO1,IL27,0.5157,discovered
RBL1,COX1,0.3161,discovered
RFXAP,TP53,0.3226,discovered
FOS,CCL19,0.4934,discovered
LAMA1,PON1,0.4704,discovered
HESX1,SERPINC1,0.3377,discovered
ITGA9,CRMP1,0.3101,discovered
EGR3,CYBB,0.5297,discovered
CEACAM5,POR,0.3427,discovered
ELANE,GABRB3,0.3422,discovered
EPAS1,KDM6A,0.3201,discovered
BRCA2,TNFRSF10B,0.4308,discovered
YY1,CCND2,0.336,discovered
TOP1,ASAH1,0.5634,discovered
ATF2,NES,0.5527,discovered
TRB,IL1B,0.4562,discovered
MAP1A,PRKCB,0.3692,discovered
PML,ANGPT1,0.5822,discovered
FOXQ1,MCM10,0.4381,discovered
BRCA1,MSH6,0.3514,discovered
RARA,CDH17,0.366,discovered
ZNF382,BSG,0.3078,discovered
ATOH1,PGLYRP2,0.3983,discovered
HNF1A,TIMP2,0.38,discovered
PLK1,CDH1,0.3863,discovered
IRF4,IL1B,0.4318,discovered
EZH2,AR,0.7921,discovered
STAT5A,APC,0.5013,discovered
NR1H4,CFB,0.5591,discovered
SMAD2,PRSS50,0.5874,discovered
PGR,CYP1A1,0.3693,discovered
NFKB1,LXN,0.4669,discovered
SRCAP,AR,0.4305,discovered
NFKB1,RAG2,0.4657,discovered
RB1,ERBB4,0.4161,discovered
HLA-DRB4,AFP,0.5162,discovered
GATA4,NOLC1,0.5967,discovered
CYP2D6,F13A1,0.5356,discovered
RELA,CREBBP,0.4513,discovered
RELA,FGFR4,0.4319,discovered
TP53,IRF7,0.3124,discovered
SP1,CALB1,0.346,discovered
CREB1,IKBKB,0.458,discovered
NRAS,HLA-DOA,0.4937,discovered
BRCA1,GNRH2,0.5181,discovered
PGK1,ABCG4,0.3618,discovered
SMAD2,E2F1,0.5512,discovered
CEBPA,ABCC3,0.5602,discovered
BRCA1,DLK1,0.3565,discovered
FOS,ARID1A,0.3328,discovered
REST,ETV3,0.5361,discovered
PA2G4,SEMG1,0.511,discovered
EGR1,BCL6,0.3486,discovered
HMGA1,PELO,0.7135,discovered
UHRF1BP1,SMAD2,0.4616,discovered
HDAC1,HBG1,0.3959,discovered
SLC16A1,ECD,0.4688,discovered
EP300,CCL4,0.4701,discovered
FOXP3,LDHA,0.5048,discovered
E2F1,CYP11A1,0.3638,discovered
RGS10,FURIN,0.4157,discovered
ATF1,NPPB,0.4342,discovered
SHMT1,ST3GAL3,0.4018,discovered
TMPO,HLA-DOB,0.3507,discovered
APOB,ZFP42,0.3407,discovered
MAP4,MRVI1,0.4262,discovered
HPGDS,DKK1,0.4278,discovered
DR1,RNF144A,0.3199,discovered
TP53,ANGPT1,0.3668,discovered
SFRP5,MBD2,0.3282,discovered
ERBB2,CXCL12,0.3278,discovered
ATF2,CREBBP,0.6312,discovered
RELA,FGB,0.4124,discovered
PPARG,BTS1,0.3589,discovered
DNMT3A,LGALS3,0.5702,discovered
SP1,ABCA3,0.3632,discovered
ERCC2,ING1,0.3719,discovered
CHEK1,IL10,0.3133,discovered
RAD51,SNAI1,0.3667,discovered
MYB,KRT19,0.3632,discovered
ATF1,SOX18,0.3159,discovered
STAT1,ORMDL3,0.3086,discovered
ATF3,SPRR3,0.3466,discovered
NFE2L2,HBD,0.5062,discovered
NR4A1,BDKRB1,0.4813,discovered
NFKB1,ST3GAL5,0.3943,discovered
E2F2,IL12A,0.47,discovered
REST,ELL,0.3749,discovered
IRF1,INS,0.5508,discovered
CLOCK,HEY1,0.3744,discovered
YY1,CDKN1A,0.4713,discovered
NR3C1,KRAS,0.529,discovered
E2F1,ELANE,0.7706,discovered
CTCF,SIX1,0.3365,discovered
FOXA1,LIN28A,0.7463,discovered
RUNX2,DLG1,0.3787,discovered
BCL2A1,DDX21,0.366,discovered
PITX1,CHEK1,0.3851,discovered
TP53,SYK,0.5062,discovered
RB1,ACBD3,0.6115,discovered
MYCN,UGDH,0.6322,discovered
SIRT1,GLS,0.3405,discovered
HFE,PCK2,0.7155,discovered
TFEB,CREM,0.5207,discovered
MAF,FSHB,0.3796,discovered
ETV4,GPNMB,0.3252,discovered
NFYA,CSNK2A1,0.4489,discovered
AR,KLF8,0.3983,discovered
EED,FOS,0.3979,discovered
PRF1,CPEB1,0.5064,discovered
KLF4,MCPH1,0.3319,discovered
IRF1,LRRFIP1,0.4734,discovered
SETDB1,JDP2,0.319,discovered
NR2F6,CABLES1,0.3101,discovered
KCNMA1,NTS,0.3435,discovered
GPNMB,FMO3,0.3823,discovered
SOX9,ERICD,0.3394,discovered
FOXA1,SYK,0.4833,discovered
NKX2-1,FASLG,0.654,discovered
SMAD4,IL2RA,0.3062,discovered
SNAI2,GDF5,0.3219,discovered
SNAI1,IGH,0.4749,discovered
ELK1,PTGS2,0.4127,discovered
CCNB2,TRPS1,0.3486,discovered
ZNF160,S100A6,0.5158,discovered
HIF1A,SPP1,0.4407,discovered
PIAS1,SLC6A4,0.3492,discovered
STAT4,B4GALT5,0.4088,discovered
SMAD4,ERBB2,0.4451,discovered
ITGB3BP,EDNRB,0.3191,discovered
PTTG1,ERBB2,0.3916,discovered
UGT1A1,LDHA,0.3306,discovered
AURKA,CHRNA3,0.3678,discovered
SLC46A1,IKBKB,0.3194,discovered
ERG,MMP2,0.3111,discovered
AR,CSNK1A1,0.3087,discovered
PPARG,CTSD,0.4474,discovered
JUNB,UGT2B15,0.4665,discovered
NFYA,CYP11A1,0.361,discovered
PDCD1,LMTK2,0.36,discovered
HIF1A,DNAJC3,0.5183,discovered
SOX9,AGGF1,0.4086,discovered
ABCC6,E2F1,0.3502,discovered
RELA,CYP2F1,0.3208,discovered
EP300,SREBF2,0.446,discovered
E2F1,STAT1,0.3889,discovered
SP1,HBA2,0.4132,discovered
JUN,BCL6,0.4966,discovered
DNMT3A,IFNG,0.5137,discovered
NR3C1,PLAA,0.3575,discovered
RB1,CD86,0.4696,discovered
HOXC6,NOTCH2,0.5073,discovered
FOS,MAP2K1,0.3641,discovered
SHMT1,TXNIP,0.4027,discovered
VEZF1,CXCL8,0.5447,discovered
NFYA,CFTR,0.569,discovered
JUND,IL10,0.4803,discovered
TBX21,ODC1,0.4522,discovered
DNMT1,TSC1,0.5033,discovered
FOXA1,PRF1,0.4664,discovered
SP1,FSTL3,0.5145,discovered
CYP2C19,SNRPN,0.3763,discovered
ATF4,HLA-DOB,0.4053,discovered
CREB1,HLA-G,0.4634,discovered
NOTCH3,CDKN1A,0.5462,discovered
ATF4,CYC1,0.4047,discovered
SIX1,ETV6,0.3978,discovered
MYC,GTF2F1,0.3652,discovered
STAT3,FOXA1,0.3678,discovered
ARNT,SMAD3,0.3434,discovered
E2F1,CASR,0.3232,discovered
ASCL1,MMACHC,0.5262,discovered
MYB,CXCL8,0.3606,discovered
CDKN1A,PTBP1,0.6402,discovered
MSC,IL1B,0.4382,discovered
JUN,MSH2,0.4091,discovered
SMAD4,ARX,0.3157,discovered
RFX2,UTRN,0.4012,discovered
VDR,PC,0.3545,discovered
HPSE2,FDXR,0.3514,discovered
PITX1,FASLG,0.4336,discovered
PPARGC1A,SCTR,0.3948,discovered
SRY,RBP3,0.4261,discovered
PSMD3,ITGB8,0.5303,discovered
PPARG,ANGPT2,0.5439,discovered
ATF3,PLIN2,0.3722,discovered
FLT3,CDK5R1,0.4194,discovered
LITAF,ESR1,0.5081,discovered
RELA,BHLHE40,0.5058,discovered
STAT1,CYP19A1,0.3185,discovered
LHX3,TOP2A,0.4182,discovered
PGR,HIF1A,0.4058,discovered
ITGAX,CXCL1,0.3705,discovered
IRF1,JUN,0.4121,discovered
CBFA2T3,MPZ,0.433,discovered
ZBTB14,HBG1,0.3233,discovered
TSHR,TH,0.3304,discovered
MAF,BUB1B,0.3634,discovered
CXCR3,NME1,0.4568,discovered
NPM1,TGFB1,0.4288,discovered
POU2F1,CREB1,0.4506,discovered
RELA,TH,0.4317,discovered
ATF3,CSH2,0.5455,discovered
HMGB2,MMP2,0.3441,discovered
TP53,ALAS2,0.4507,discovered
BAD,CYP1B1,0.353,discovered
EGR1,RAF1,0.3826,discovered
NFKB1,DBI,0.6783,discovered
TM4SF1,SPP1,0.3243,discovered
EP300,IRF1,0.444,discovered
HOXD13,PTTG1,0.553,discovered
CEBPB,KDM6A,0.4363,discovered
STAT1,NFKB1,0.4252,discovered
RB1,MYCN,0.5571,discovered
ETV4,PDIA2,0.7019,discovered
ARID3A,GCM1,0.3785,discovered
NFYC,ASPM,0.56,discovered
MYC,TFF1,0.6414,discovered
AR,EED,0.4338,discovered
FGB,MCM6,0.5618,discovered
ETS1,AURKA,0.5249,discovered
TSC2,PKNOX1,0.4657,discovered
USF2,PON2,0.3703,discovered
KDM2A,SLC2A1,0.584,discovered
CEBPE,BTK,0.3685,discovered
SPDEF,GSK3B,0.3713,discovered
HMGA2,VDR,0.4617,discovered
GLI2,DAB2,0.4484,discovered
ETS2,RPTOR,0.4895,discovered
CREB1,FGF2,0.4317,discovered
EAF2,WRN,0.341,discovered
POU2F1,TNFSF10,0.5118,discovered
KLF9,TGFBR2,0.5307,discovered
SMAD3,FGFR1,0.5597,discovered
TFAP2A,IL1B,0.4208,discovered
PITX2,FTO,0.4086,discovered
ATF2,PPP1R13B,0.3719,discovered
SELP,PIK3CA,0.4747,discovered
PAX5,MSH2,0.45,discovered
TFAP2A,SMN1,0.5133,discovered
E2F1,CHI3L1,0.5041,discovered
DBI,AHR,0.3282,discovered
ALK,APCS,0.4921,discovered
SERPINB9,IVL,0.5095,discovered
PAX4,PLAG1,0.462,discovered
HEY1,PER3,0.4525,discovered
ATR,MEF2C,0.3613,discovered
KL,IRF1,0.3388,discovered
JUN,TYMP,0.5417,discovered
RELA,SQSTM1,0.3245,discovered
CEBPA,IFNA1,0.3353,discovered
NPC1L1,COMP,0.314,discovered
ATF6,CDH5,0.3399,discovered
JUND,GTF3A,0.5749,discovered
IL2RA,PDIA2,0.514,discovered
LMO7,IL22,0.5374,discovered
RUNX3,SLC2A3,0.4253,discovered
FOXM1,GDNF,0.3465,discovered
SRY,TBP,0.3168,discovered
KDM4C,YWHAQ,0.3375,discovered
P2RX4,MCM5,0.4407,discovered
TP53,POU2F3,0.4996,discovered
CIITA,KLK3,0.5094,discovered
SOX14,FLI1,0.4304,discovered
HMGA2,CDC20,0.3851,discovered
BRCA1,ALK,0.4302,discovered
RBL2,DUSP1,0.4241,discovered
SMARCA4,PDX1,0.5208,discovered
RELA,SRPX2,0.4542,discovered
ETS2,CSH1,0.319,discovered
NFKB1,CDC20,0.6269,discovered
BTRC,OCA2,0.3804,discovered
PITX1,SELP,0.3202,discovered
LDHA,GTF3C2,0.3709,discovered
MUC5B,HNF4A,0.3337,discovered
ATOH1,TLR2,0.3078,discovered
F2R,BIRC2,0.4925,discovered
RAD51AP1,RPTOR,0.6215,discovered
TCFL5,GRIN1,0.5826,discovered
TBX2,KLF11,0.3144,discovered
SP3,WT1,0.3475,discovered
TP73,MYC,0.6405,discovered
NFKB1,PDIA6,0.3411,discovered
ROS1,FCER1A,0.3839,discovered
TP53,NCOR1,0.7676,discovered
NFATC2,UGT2B4,0.4508,discovered
LIPE,TWIST2,0.4572,discovered
NFE2L2,TNF,0.4662,discovered
FOSL2,BAD,0.714,discovered
LEFTY1,KLF4,0.7011,discovered
NR0B1,CD44,0.4641,discovered
PEA15,MMP14,0.537,discovered
POU5F1,TBP,0.4494,discovered
ETS1,NPHS2,0.3649,discovered
SH3BP2,CDKN1B,0.5515,discovered
HDAC5,RARA,0.358,discovered
ZEB1,HOXB8,0.433,discovered
HDAC3,POLR3D,0.54,discovered
LEF1,CBFB,0.548,discovered
USF1,NOS3,0.3747,discovered
TP53,PCSK6,0.3992,discovered
SLBP,LXN,0.4549,discovered
MTA1,MYF6,0.5506,discovered
HDAC2,LCAT,0.3655,discovered
SP1,RICTOR,0.4028,discovered
IKBKG,BAX,0.3266,discovered
SMAD3,HES1,0.5873,discovered
ALOX5AP,ACAN,0.6761,discovered
CASP8,SYN1,0.4301,discovered
ETS1,BTS1,0.3409,discovered
MYC,CYP8B1,0.5731,discovered
LHX4,CHD8,0.4589,discovered
UHRF1BP1,NFYB,0.4704,discovered
TNFRSF21,CCND1,0.3313,discovered
SRF,TNFRSF10B,0.3734,discovered
CREB1,LOR,0.353,discovered
PPARD,C1QTNF5,0.3764,discovered
WWP1,PTEN,0.3413,discovered
ETV4,PGA5,0.3139,discovered
NFKB1,OCA2,0.5026,discovered
TP53,PPM1D,0.4063,discovered
STAT3,SLC7A1,0.4719,discovered
HDAC3,PCNA,0.4505,discovered
DLX5,STAT3,0.5727,discovered
YY1,ALDOB,0.3563,discovered
CEBPB,SPN,0.3731,discovered
ERG,SUMO1,0.4217,discovered
GYPB,NFKB1,0.39,discovered
EPAS1,TAL1,0.4616,discovered
ERVFRD-1,HSPA5,0.4624,discovered
PPARA,SETBP1,0.4367,discovered
CREB1,CCNB2,0.462,discovered
F2R,PVR,0.3041,discovered
CDK5R1,L1CAM,0.3883,discovered
STAT3,RBBP8,0.3274,discovered
NR3C1,PLAUR,0.4431,discovered
RELA,POLD2,0.3489,discovered
MYH9,ACOX1,0.5769,discovered
HMGA2,ABCB1,0.6774,discovered
NFKB1,CISH,0.4175,discovered
RELA,SH2D1A,0.624,discovered
SOS1,NOLC1,0.3171,discovered
ATF3,DUSP1,0.4049,discovered
ZIC1,DEFB4A,0.3933,discovered
SRF,HPGDS,0.5429,discovered
USF1,TSC1,0.3729,discovered
BRCA1,TCF7L2,0.407,discovered
BAX,MIF,0.3544,discovered
RUNX3,FOSL1,0.4667,discovered
TLR6,CYP19A1,0.3057,discovered
EP300,CDH1,0.5695,discovered
POU3F4,LIPC,0.3721,discovered
CYP11B1,TF,0.3623,discovered
RUNX2,NQO1,0.5011,discovered
TWIST1,CSF1R,0.4908,discovered
FOXO1,IFNA1,0.3395,discovered
STAT5A,NOX4,0.3847,discovered
TH,CTCF,0.4154,discovered
CEBPB,OPRM1,0.4056,discovered
ZNF148,MDM2,0.5129,discovered
KLF15,SPP1,0.5573,discovered
USF2,HIF3A,0.4883,discovered
HIF1A,MYBL2,0.6865,discovered
ETNK2,EGR2,0.4062,discovered
CASP8,KRT16,0.3112,discovered
ATF4,CDKN3,0.3122,discovered
TWIST1,TH,0.3371,discovered
FOXQ1,KLF10,0.3646,discovered
SNAP25,PPP2R2B,0.3213,discovered
RECK,HBE1,0.4037,discovered
SMAD4,NQO1,0.4742,discovered
REST,HIF1A,0.449,discovered
TGFB1,CCNA2,0.4898,discovered
ERICD,TNFAIP3,0.3559,discovered
RBL1,ITGAX,0.5547,discovered
GATA3,LIN28B,0.4287,discovered
EN1,E2F1,0.4305,discovered
STAT3,TAF12,0.3744,discovered
JUND,ST3GAL4,0.6227,discovered
FOS,NR1I2,0.4316,discovered
IKBKG,ERBB2,0.4799,discovered
SP1,RND3,0.4938,discovered
GATA4,ACACB,0.3432,discovered
RELA,EAPP,0.403,discovered
FADD,FCGR1A,0.4308,discovered
MEF2D,GCLC,0.4157,discovered
YBX1,IL17A,0.3354,discovered
CEBPA,HNRNPD,0.4569,discovered
EGR1,PDLIM7,0.6832,discovered
MAFG,GABPB2,0.5081,discovered
HSF1,CDKN2A,0.423,discovered
MSX2,RNASEL,0.3922,discovered
SP1,IDO1,0.5562,discovered
ESR1,SLC3A2,0.4545,discovered
USF1,FOXI1,0.411,discovered
RUNX1,STAT3,0.528,discovered
E2F1,AICDA,0.39,discovered
SIRT1,SNAI1,0.4354,discovered
TFCP2,ALOX12,0.3153,discovered
HNF1A,COL1A2,0.3532,discovered
PAX2,KRT16,0.3288,discovered
RFX5,LEF1,0.4005,discovered
SPRR1B,PCNA,0.4712,discovered
ATM,TP53BP2,0.4883,discovered
BCL2L1,TRRAP,0.3183,discovered
ERG,BRAF,0.4037,discovered
JUN,MAFA,0.5505,discovered
USF1,BRCA1,0.3448,discovered
CREBBP,BCL2L1,0.3908,discovered
RB1,CXCL8,0.374,discovered
SATB1,FGF10,0.3183,discovered
PITX1,RB1,0.4249,discovered
HEYL,JUN,0.3106,discovered
WT1,PPARGC1A,0.4736,discovered
RUNX3,PARP1,0.5462,discovered
FUBP3,XPA,0.5468,discovered
ALB,IFNA2,0.3162,discovered
SMAD4,ERG,0.4665,discovered
RB1CC1,APOA5,0.3849,discovered
LDHA,LHX3,0.4637,discovered
PA2G4,WNT2B,0.4017,discovered
TP53,CCL11,0.5316,discovered
HOXA7,XPC,0.4624,discovered
HNF4A,ACO1,0.3594,discovered
FOS,SRY,0.5337,discovered
AATF,IGF2,0.3925,discovered
E2F1,RARA,0.4243,discovered
DHCR24,IGFBP1,0.3755,discovered
FOXE1,MSR1,0.6048,discovered
SRF,CDKN1B,0.5356,discovered
HDAC3,SMAD7,0.4224,discovered
REST,HAS2,0.421,discovered
RELA,KLF5,0.371,discovered
HDAC2,IL21,0.3675,discovered
DNMT1,RAD51,0.5689,discovered
ING2,PLD1,0.5392,discovered
SIRT1,LTF,0.3207,discovered
JUND,HCN2,0.3583,discovered
ARNT,AR,0.5236,discovered
STAT1,ABCB11,0.4735,discovered
MYB,CD82,0.4558,discovered
RELA,LCAT,0.6647,discovered
ING4,PRF1,0.7184,discovered
CREM,ITGA9,0.5184,discovered
GSPT1,SLC2A3,0.6087,discovered
NFATC2,CCNB1,0.4223,discovered
HDAC3,CD4,0.5811,discovered
MYH11,C4A,0.401,discovered
HLA-E,F12,0.3456,discovered
MLL4,CA9,0.4187,discovered
RAF1,XBP1,0.5279,discovered
BRCA1,PFKFB3,0.3167,discovered
GALNT3,SMAD3,0.3202,discovered
SMAD4,CXCL8,0.5808,discovered
EOMES,MCM10,0.5318,discovered
NFKB1,STK11,0.3178,discovered
STAT5B,CRMP1,0.4776,discovered
VDR,MIR27A,0.401,discovered
BPI,RICTOR,0.3603,discovered
TBP,UHRF1,0.3295,discovered
CLOCK,LMO2,0.3714,discovered
RNF14,DNMT3A,0.4649,discovered
LCOR,TSC2,0.5142,discovered
RELA,F2R,0.3277,discovered
DDX58,WTAP,0.4792,discovered
POU5F1,ATM,0.3657,discovered
FOXF2,EPB41L3,0.4505,discovered
WT1,MMP2,0.3961,discovered
XBP1,UTRN,0.3619,discovered
NFKB1,NF1,0.5864,discovered
AR,MYBL1,0.363,discovered
F7,AKT1,0.5848,discovered
MT2A,JUP,0.5392,discovered
CREB1,BIRC5,0.3551,discovered
YBX1,TK1,0.3667,discovered
KLF2,CSNK1A1,0.3385,discovered
SMARCA4,IFNG,0.3397,discovered
NANOG,EZR,0.356,discovered
ARNT,MDM2,0.3899,discovered
ATM,FGFBP1,0.3185,discovered
SIGMAR1,CFTR,0.4852,discovered
NRF1,CCNB1,0.5059,discovered
ELF3,TWIST1,0.5342,discovered
PITX1,CAV1,0.4922,discovered
HES1,CCNE1,0.4924,discovered
SP3,CDH1,0.469,discovered
SMAD4,CYP2C9,0.4209,discovered
HES1,PTTG1IP,0.4756,discovered
USF2,DCDC2,0.3173,discovered
E2F1,SYN2,0.4345,discovered
PPARA,CCND1,0.5954,discovered
PDGFRA,TAC3,0.4843,discovered
NFYB,BATF3,0.3417,discovered
EIF2AK1,LCN2,0.3268,discovered
GATA4,STMN1,0.5307,discovered
HOXA10,CYP19A1,0.5274,discovered
JUN,RUNX3,0.5778,discovered
VHL,MAP4,0.4191,discovered
ETS1,METAP2,0.4031,discovered
FOXM1,BCL2,0.5038,discovered
STAT1,C4A,0.3379,discovered
LEP,IL3,0.3583,discovered
SP1,RPTOR,0.4935,discovered
SNAI1,IPO7,0.5268,discovered
AR,TP53,0.5497,discovered
NR1I2,RHO,0.3016,discovered
HDAC1,STAT2,0.4517,discovered
MYBL2,PLK1,0.3281,discovered
AR,LIPC,0.6878,discovered
PKM,MMP9,0.3555,discovered
RFX1,TP73,0.3127,discovered
SNAI2,TBP,0.3628,discovered
RB1,PSG7,0.3056,discovered
RELA,KCNQ3,0.3278,discovered
SOX17,MPL,0.6143,discovered
IKBKE,MCL1,0.3811,discovered
BRCA1,IL12B,0.3784,discovered
STAT2,HIF1A,0.3678,discovered
BCL6,CDK4,0.651,discovered
KLK10,PPARG,0.468,discovered
PEA15,FASN,0.5421,discovered
IL1RL1,BRCA2,0.3399,discovered
E2F1,G0S2,0.3273,discovered
PRDM2,IRF5,0.4243,discovered
ITGAV,TFAP2A,0.609,discovered
E2F1,NLK,0.6878,discovered
NR3C1,CYP2C9,0.3169,discovered
NFKB1,LHX2,0.3154,discovered
IFI16,CSF3R,0.3359,discovered
ESRRA,CCND2,0.3937,discovered
NDUFV1,NGF,0.3635,discovered
PARP1,FHL2,0.5238,discovered
MSC,GREB1,0.3904,discovered
IKBKG,LIPC,0.4958,discovered
MTOR,PAWR,0.4396,discovered
YY1,TGFBR3,0.5692,discovered
RELA,ELANE,0.3673,discovered
ATP6V0E1,CYP1A1,0.3831,discovered
SHOX,TXNIP,0.4473,discovered
CXCL14,TJP1,0.3098,discovered
NOV,SPINK4,0.3153,discovered
PITX1,ACP5,0.4671,discovered
ZNF239,CYP2C9,0.3969,discovered
NFKB1,SYK,0.5893,discovered
MSC,ADRB3,0.4029,discovered
IRF1,NTS,0.4637,discovered
E2F1,IFNB1,0.4156,discovered
MYB,MCAM,0.5413,discovered
MIP,DNMT3B,0.3106,discovered
BRCA1,ABCB1,0.4833,discovered
NR0B1,CARM1,0.3771,discovered
ERG,TNF,0.5351,discovered
JUN,HBEGF,0.6378,discovered
LMO4,INS,0.4017,discovered
RELA,GLI1,0.5977,discovered
JUN,CTNNB1,0.4163,discovered
HERC2,WNT4,0.4662,discovered
SNAI2,IGF1R,0.4303,discovered
EBF1,CYP2B6,0.6077,discovered
TP53,TNF,0.4336,discovered
PAX3,INS,0.3793,discovered
ETS1,SLC2A4,0.3418,discovered
E2F2,WT1,0.3188,discovered
NR4A2,CBFB,0.369,discovered
NANOG,CDKN1A,0.3275,discovered
FOXM1,VDR,0.4529,discovered
SIRT1,PTN,0.378,discovered
FOXC2,ERAP2,0.3393,discovered
MYC,TLR2,0.3253,discovered
TWIST1,TAP2,0.4183,discovered
CREB5,DPYSL2,0.3899,discovered
SMAD3,BRAF,0.5703,discovered
WWTR1,ASAP2,0.5665,discovered
LRBA,PROX1,0.5339,discovered
JUN,ITGA6,0.3736,discovered
PAX5,POR,0.3715,discovered
HEY1,SNRPN,0.4724,discovered
SCD5,RBBP8,0.3688,discovered
STAT1,KLF4,0.3356,discovered
TP53,SPI1,0.565,discovered
SIRT1,ZEB1,0.3559,discovered
FOXO1,CXCL2,0.4402,discovered
CREB1,CARM1,0.5282,discovered
DACT2,PIK3R3,0.4312,discovered
RPLP0,CYP3A7,0.5451,discovered
MSX2,HSD11B2,0.5367,discovered
CTCF,DNMT3A,0.3153,discovered
NFE2L1,FAM162A,0.3408,discovered
TFDP1,AR,0.3136,discovered
KRAS,PSG7,0.3742,discovered
YBX1,HLA-G,0.3326,discovered
ZNF148,CDKN2B,0.6976,discovered
WWTR1,IRF4,0.5021,discovered
PPARG,PNRC1,0.4025,discovered
RETN,CD274,0.324,discovered
ESR2,PADI3,0.3443,discovered
ZEB1,FOXP3,0.4208,discovered
SIRT1,ECE1,0.3449,discovered
KRAS,IFNG,0.3859,discovered
STAT1,TNIP3,0.5265,discovered
KIT,NUCB1,0.5203,discovered
TGFB3,HDAC1,0.4041,discovered
JDP2,DBH,0.3111,discovered
CLK3,MET,0.3355,discovered
FOXO3,PGR,0.3155,discovered
FHIT,DDB2,0.3473,discovered
ONECUT2,HCFC1,0.312,discovered
FOXO1,FN1,0.4774,discovered
ASPM,VCP,0.3611,discovered
IRF1,SRF,0.341,discovered
IRF2,MAT2B,0.3954,discovered
FOS,NR1I3,0.6327,discovered
CREB1,BAG3,0.3413,discovered
NR1I2,NOTCH2,0.4878,discovered
ZBTB16,S100A10,0.4032,discovered
AR,ARHGEF1,0.3989,discovered
NFYA,MDM2,0.5148,discovered
STAT3,ATM,0.497,discovered
ZBTB16,RAF1,0.4677,discovered
EP300,ERBB4,0.3835,discovered
NFKB1,PTF1A,0.3387,discovered
JUN,PDCD5,0.4829,discovered
HIPK2,WT1,0.4377,discovered
EAF1,TAP2,0.5096,discovered
PDCD11,CD70,0.5284,discovered
CLOCK,NGFR,0.3157,discovered
MSX1,TLR9,0.4204,discovered
NFKB1,TYMP,0.494,discovered
PPARA,ERCC2,0.6017,discovered
HAND2,BAX,0.4581,discovered
CDC20,CHEK2,0.3211,discovered
SOX2,SOS1,0.3526,discovered
AR,GYPA,0.3596,discovered
KAT5,MMP13,0.4599,discovered
FOXA2,CCND3,0.4235,discovered
SP3,BLK,0.439,discovered
TRIM28,IL2RA,0.4028,discovered
ASCL1,CTCF,0.4069,discovered
HAP1,CD2,0.39,discovered
FOXN1,LRRN3,0.3065,discovered
HNF1A,ADAM12,0.3583,discovered
EIF2AK2,TP53,0.3639,discovered
SOX9,GJA1,0.408,discovered
RFX5,TSC2,0.5402,discovered
POU2F1,MYC,0.3519,discovered
HDAC11,MTHFR,0.3708,discovered
FOXP2,PBX1,0.3538,discovered
KLF10,LTC4S,0.4146,discovered
PHLDA1,ACSL1,0.3523,discovered
PROX1,GDF15,0.6738,discovered
KLF6,ACVRL1,0.6221,discovered
TP53,OPRM1,0.3938,discovered
KRAS,MMP1,0.3595,discovered
ARID1A,CD8B,0.6691,discovered
NFKB1,CHRNA3,0.304,discovered
CCNB1,OCA2,0.4723,discovered
DNMT1,NR4A2,0.532,discovered
EGFR,DPYSL2,0.6331,discovered
SP1,DKK1,0.3035,discovered
ZFP36,MAOA,0.4084,discovered
ESRRB,BEST1,0.7545,discovered
E2F4,FLT3,0.3293,discovered
CDH1,PIK3R3,0.573,discovered
SOX9,HSD11B2,0.4372,discovered
PCBD1,NTS,0.5958,discovered
VGF,TRB,0.3465,discovered
ADGRE5,ST6GAL1,0.5982,discovered
NEUROD1,SFTPD,0.3888,discovered
SPHK1,ILK,0.33,discovered
MEF2C,UGT2B15,0.4318,discovered
SREBF1,BDKRB1,0.337,discovered
KRAS,CNR1,0.3215,discovered
AR,MAD2L1,0.4534,discovered
HNF4A,NRAS,0.5327,discovered
TFAP2A,CLDN7,0.3402,discovered
HDAC1,NDUFV1,0.364,discovered
ZNF76,ICAM1,0.3859,discovered
TBX21,HSD3B1,0.3953,discovered
CREM,TNFSF11,0.306,discovered
FOXO4,CSTA,0.3456,discovered
STAT3,ANTXR1,0.4131,discovered
JUNB,SMURF2,0.389,discovered
GADD45G,CFTR,0.3654,discovered
SP1,SOX7,0.307,discovered
SP1,CYP11B1,0.4163,discovered
ST3GAL3,AQP3,0.3768,discovered
WT1,BCL2A1,0.3016,discovered
CCL4,DST,0.4476,discovered
STAT5A,CYP1B1,0.3635,discovered
MEF2D,USF2,0.4555,discovered
RELA,TRPM1,0.3686,discovered
KRAS,PNRC1,0.3229,discovered
ING4,ACOX1,0.5834,discovered
CDKN1A,PTGS2,0.3571,discovered
E2F4,WNT3A,0.3346,discovered
FOS,DMRT1,0.5277,discovered
ERCC1,SLC22A3,0.4801,discovered
USF1,TFRC,0.3398,discovered
ATF3,ABCC3,0.5637,discovered
PPARG,ABCG8,0.4264,discovered
PEBP1,EZH2,0.562,discovered
AK4,DCN,0.3138,discovered
HDAC4,CDA,0.3273,discovered
LRP5,PTPA,0.3064,discovered
PBX1,RORA,0.3553,discovered
LDHA,FUT7,0.4003,discovered
EED,VEGFA,0.3251,discovered
HEY1,RASGEF1B,0.5217,discovered
CDKL5,THRSP,0.3858,discovered
CITED2,MTOR,0.4333,discovered
IL12RB2,TXNIP,0.3392,discovered
TP53,DICER1,0.5244,discovered
TP53,UGT2B7,0.5991,discovered
TFCP2L1,CCND2,0.4606,discovered
SP3,ETV3,0.5648,discovered
VDR,ESR1,0.5635,discovered
KLRK1,RB1,0.3392,discovered
TBX21,CDKN2A,0.4757,discovered
RECQL4,BCL11A,0.3311,discovered
SMARCA4,SFTPA1,0.3835,discovered
DNMT1,TFPI2,0.3891,discovered
KRAS,RFXAP,0.3198,discovered
NOD2,MYC,0.4896,discovered
FOXO4,CDH1,0.3675,discovered
EAF1,GABPA,0.3533,discovered
HIF1A,S100A10,0.6198,discovered
MTA1,IFIT3,0.4019,discovered
GATA2,CRMP1,0.3636,discovered
TRIM28,SRCAP,0.3811,discovered
SNW1,IL2,0.4089,discovered
TFAP2A,PCK1,0.3311,discovered
PPARA,PCK2,0.3432,discovered
BTF3,GTF2I,0.3938,discovered
ATF4,TNFRSF10A,0.3998,discovered
RARG,DUX4,0.3814,discovered
IRF1,TXNIP,0.5443,discovered
ING1,SLC26A4,0.3062,discovered
ABL1,SLC6A3,0.3281,discovered
KLF2,SELE,0.521,discovered
SP3,AHR,0.3264,discovered
FDFT1,CRABP1,0.4431,discovered
NFKB1,SIN3A,0.472,discovered
PCBD1,BPTF,0.4218,discovered
FLI1,FAS,0.3961,discovered
SHOX2,CDH5,0.4378,discovered
BST2,HIPK2,0.3878,discovered
JUND,FOS,0.3087,discovered
FGFR1,CBS,0.4135,discovered
TERF1,SPEN,0.3833,discovered
STARD3,SLC22A6,0.4246,discovered
NFYA,KLF10,0.3786,discovered
KAT2B,CGA,0.3336,discovered
HLA-DPA1,SNAI1,0.5953,discovered
MMP1,RRAS2,0.5108,discovered
STAT3,HNRNPA2B1,0.4004,discovered
LAMTOR5,SELP,0.4585,discovered
SP3,KLF2,0.593,discovered
HSF1,TAF5,0.7014,discovered
SATB1,MBD2,0.5114,discovered
IDO1,TNFRSF12A,0.3782,discovered
EBF3,ACAT1,0.3688,discovered
STAT4,MMP1,0.3075,discovered
NPHS1,TERT,0.3653,discovered
CTNNB1,SOCS7,0.453,discovered
EP300,E2F2,0.4633,discovered
SP1,S100A10,0.3895,discovered
SP1,BCL6,0.4982,discovered
YY1,RAB3A,0.4184,discovered
SOX5,FOS,0.7446,discovered
SOS1,SSTR1,0.4568,discovered
RELA,SULT1E1,0.441,discovered
E2F1,SOX11,0.3322,discovered
FGF16,TDG,0.4871,discovered
CTNNB1,MPO,0.5788,discovered
TCF3,IL12A,0.4674,discovered
CDKN1A,CDH1,0.5042,discovered
STAT1,OTC,0.4535,discovered
EP300,ABCA1,0.4208,discovered
YY1,CD82,0.4458,discovered
E2F1,TIMP1,0.4021,discovered
SP1,ACACA,0.547,discovered
BRCA2,E2F1,0.3809,discovered
MTA1,FOXA3,0.7695,discovered
SPARC,IDE,0.44,discovered
MYC,FN1,0.3295,discovered
HSD3B2,TAGLN,0.3972,discovered
EZH2,ERBB2,0.5042,discovered
KAT5,TMPRSS2,0.5682,discovered
TFAP2A,HMGA1,0.3216,discovered
MYC,NAT1,0.3416,discovered
POU3F1,BIRC3,0.4808,discovered
BST2,MMP9,0.3573,discovered
REST,MST1,0.6437,discovered
E2F1,EGFR,0.4079,discovered
DR1,GUSB,0.6435,discovered
HTRA2,GJB1,0.3544,discovered
PHOX2A,POLK,0.4295,discovered
PADI1,KLF4,0.4914,discovered
KIT,TNFRSF10A,0.3552,discovered
HIF1A,IGF1R,0.3792,discovered
NCOA3,CDKN1A,0.3843,discovered
MED1,CASP3,0.585,discovered
WT1,BEST1,0.3837,discovered
SMAD4,FADD,0.3236,discovered
HOXB13,ERCC4,0.5516,discovered
TGIF1,CD74,0.3978,discovered
NR5A1,ASPM,0.4053,discovered
ETS1,FGF10,0.3459,discovered
PPARG,RUNX2,0.3193,discovered
KCNH2,CYP2F1,0.4084,discovered
HDAC7,ID2,0.3201,discovered
HEY2,PCLAF,0.5275,discovered
ERG,SLC2A3,0.5591,discovered
SIRT2,CLEC4G,0.3111,discovered
SP3,CCND2,0.4957,discovered
ETS1,MTF1,0.372,discovered
SP1,IKBKB,0.3672,discovered
CREB5,SOX10,0.3662,discovered
CCNB1,RAF1,0.503,discovered
HOXA10,ABCB11,0.3217,discovered
TM4SF1,JUN,0.3686,discovered
ARX,HPSE2,0.3722,discovered
HSF1,ITGB2,0.4486,discovered
POU3F4,WT1,0.3323,discovered
NCOA6,BRD3,0.5938,discovered
IKBKB,ABCB1,0.4445,discovered
TNFSF14,CTNNB1,0.4625,discovered
PEA15,LHB,0.3096,discovered
EDEM2,HOXD3,0.6176,discovered
POU5F1,DBI,0.3812,discovered
YY1,EP300,0.4031,discovered
RFXAP,PDE6A,0.4057,discovered
SPI1,CDK6,0.7792,discovered
EZH2,POU5F1,0.629,discovered
DNASE1,NOD2,0.31,discovered
NFATC1,SCTR,0.4229,discovered
STAT2,CDKN2B,0.5033,discovered
SLIT2,HLA-B,0.3451,discovered
IRF5,TDGF1,0.373,discovered
EP300,BACE2,0.5803,discovered
WT1,PPARG,0.6564,discovered
ELF4,CDH1,0.4989,discovered
MTOR,PAX3,0.5128,discovered
HSF4,LMO7,0.3751,discovered
KLF4,TXNIP,0.3436,discovered
RUNX2,SLC13A4,0.4993,discovered
RUNX2,DAPK2,0.384,discovered
S100A11,PENK,0.3628,discovered
HDAC1,SELE,0.4032,discovered
DEK,BHMT,0.3906,discovered
GATA1,STIM1,0.6565,discovered
TP63,RRM2B,0.554,discovered
KLF10,CDKN1B,0.6123,discovered
ERG,ZNF175,0.6539,discovered
VDR,PSIP1,0.4888,discovered
TCF3,GBP1,0.3066,discovered
ATF2,GSK3B,0.3259,discovered
ZNF175,PTGS2,0.3741,discovered
HOXA1,TRIB2,0.439,discovered
HNF4A,KLK3,0.4308,discovered
ELK1,SLC22A2,0.4436,discovered
RELA,YES1,0.5121,discovered
EP300,PTPRZ1,0.4345,discovered
MYCN,EGFR,0.3418,discovered
POU3F1,CLEC4G,0.3198,discovered
HMGN1,MAPK3,0.572,discovered
IDO2,RPS3A,0.4358,discovered
YY1,CGB5,0.4526,discovered
HOXA10,TGFBR1,0.3706,discovered
WASF3,DNMT3B,0.5631,discovered
HLA-C,HLA-DOB,0.5228,discovered
BCL6,IL10,0.553,discovered
PGLYRP2,TBX5,0.3951,discovered
NFYA,CARM1,0.4181,discovered
MIR202,SOCS2,0.3579,discovered
USF2,UGT1A10,0.3097,discovered
BRCA1,CHI3L1,0.318,discovered
CREB1,S1PR1,0.4693,discovered
ESR1,RAG2,0.3089,discovered
KRT16,FOXO4,0.4613,discovered
CEBPA,CYBB,0.4985,discovered
CREB1,CBS,0.4487,discovered
MYB,IGFBP4,0.5068,discovered
CDK2,SKP2,0.4611,discovered
CCND1,ACAT2,0.5493,discovered
SP1,MCPH1,0.3596,discovered
KLF10,KRT20,0.7132,discovered
SOX9,HBG1,0.31,discovered
KLF4,LRIG2,0.3697,discovered
NOTCH3,PGK1,0.3475,discovered
ATM,HLA-DPB1,0.3433,discovered
TFAP2A,NOS3,0.4245,discovered
TP53,CTGF,0.4159,discovered
VDR,TCF4,0.4521,discovered
STAT3,LEF1,0.585,discovered
EZH2,STMN1,0.3377,discovered
CRHBP,TP73,0.4459,discovered
JUN,ERBB2,0.3857,discovered
NR2F6,RBP3,0.3454,discovered
RFX5,SLC2A1,0.5116,discovered
MAX,CREB3,0.5817,discovered
CEBPG,CSH1,0.3396,discovered
MYCN,CRYAB,0.5468,discovered
FIGLA,EYA3,0.4255,discovered
FOXO3,SH3BP2,0.4366,discovered
SP1,STAT1,0.3523,discovered
NRF1,CSF2,0.4305,discovered
TRERF1,CD22,0.4384,discovered
LRP8,LTC4S,0.4282,discovered
IL18,GNLY,0.4998,discovered
MXI1,OTX1,0.3681,discovered
ZNF267,AREG,0.3134,discovered
NFKB1,HLA-G,0.3442,discovered
CREM,MUC2,0.5683,discovered
E2F1,NFATC1,0.3083,discovered
POU2F1,EIF2AK1,0.4748,discovered
TDRD1,ATM,0.7312,discovered
PANK2,SLC3A2,0.63,discovered
CEBPB,CDH1,0.3418,discovered
ETS1,CDKN1B,0.5294,discovered
STAT3,RUNX2,0.4354,discovered
AHR,LOR,0.4315,discovered
NCOA3,PSEN1,0.3508,discovered
TBP,SIDT1,0.4023,discovered
POU5F1,ACP5,0.3622,discovered
SNAI1,SLC20A1,0.6444,discovered
MAFF,ELF1,0.6403,discovered
POU2F2,HOXD1,0.4743,discovered
BST1,NOS2,0.6751,discovered
ETV5,HDAC1,0.3988,discovered
NPAS2,UGT2B4,0.3087,discovered
PAX5,TRIM28,0.3674,discovered
HOXD3,ERBB3,0.3491,discovered
EZH2,VWF,0.5488,discovered
TGFB1,IL6ST,0.4578,discovered
CNOT7,CDH1,0.5372,discovered
GRHL1,CDH1,0.4404,discovered
JUN,EBNA1BP2,0.6126,discovered
FASN,UXT,0.4259,discovered
ADORA2A,CDC25A,0.6914,discovered
SP3,IFNB1,0.4996,discovered
E2F7,CSNK2B,0.3669,discovered
IKZF1,EPB41L3,0.4297,discovered
ATM,NCAM1,0.485,discovered
HOXA10,BIRC5,0.4274,discovered
PGR,IL18,0.3512,discovered
BRCA1,TFE3,0.4555,discovered
HEXIM1,CD33,0.5436,discovered
WWTR1,CCND1,0.5532,discovered
NFKB1,F2R,0.404,discovered
FOXA2,ELANE,0.4161,discovered
CEBPB,DENND4A,0.3295,discovered
SPHK1,MNDA,0.406,discovered
RELA,IGFBP3,0.6682,discovered
JCHAIN,MYC,0.5316,discovered
STAT6,AKT1,0.3162,discovered
CDKN1A,WASF2,0.419,discovered
SOX17,SPP1,0.6204,discovered
REST,RARRES1,0.3499,discovered
HOXA10,MITF,0.6595,discovered
SOX10,MDC1,0.323,discovered
PSMB5,NLRP2,0.5281,discovered
ARNTL2,GCGR,0.3288,discovered
JUN,SGK1,0.3598,discovered
MTA1,SOX9,0.5397,discovered
NPM1,BGN,0.3704,discovered
CREB1,RARA,0.4063,discovered
EGFR,CRABP2,0.4006,discovered
IRF1,MYBL2,0.3583,discovered
ATF4,SKP2,0.3884,discovered
ING1,CDH1,0.5819,discovered
ATF2,FABP5,0.5135,discovered
PAX5,GMPS,0.3096,discovered
NFKB1,ABCG5,0.3593,discovered
ETV1,OXTR,0.3454,discovered
CDC6,LIF,0.4679,discovered
FOXO1,TSC1,0.4852,discovered
ETS1,NR1H4,0.5963,discovered
STAT4,BHLHE41,0.6425,discovered
XBP1,FBXO32,0.3871,discovered
PREB,LIF,0.3142,discovered
ATF1,TP73,0.3668,discovered
PTGDR2,CD40LG,0.3349,discovered
SPI1,POU5F1,0.5337,discovered
HEY1,ERBB2,0.3986,discovered
MYF6,CRHBP,0.3312,discovered
ZNF300,NANOG,0.3203,discovered
WWP1,SLC22A4,0.4615,discovered
HIP1R,AR,0.3856,discovered
GATA2,ABCB1,0.5628,discovered
DPYSL2,EYA3,0.3413,discovered
SLC3A1,CEBPA,0.5584,discovered
GATA4,ATM,0.4539,discovered
NFKB1,MYBL1,0.373,discovered
ZBTB14,NELL2,0.471,discovered
YY1,POLD1,0.36,discovered
SDC1,BHLHE41,0.3085,discovered
CEBPB,KLF10,0.5957,discovered
RFX2,NR1H4,0.3344,discovered
RLN2,CCL2,0.7049,discovered
POU2F1,MCL1,0.7349,discovered
SMARCA1,HDAC9,0.3407,discovered
GATA1,HTR1A,0.4957,discovered
YBX1,JAK1,0.417,discovered
POU2F1,PTH,0.4183,discovered
TNFRSF21,IVL,0.3042,discovered
DDX5,MEF2C,0.3384,discovered
PCGF2,RDX,0.6414,discovered
PGR,HDAC1,0.3641,discovered
CYP11A1,CDH2,0.417,discovered
HOXA10,ATF2,0.4739,discovered
BRCA1,TCERG1,0.3612,discovered
YY1,SRCAP,0.3368,discovered
SP1,SOCS2,0.464,discovered
DNMT1,PRG2,0.3763,discovered
CDK4,TIMP1,0.5985,discovered
CDKN1A,NANOG,0.3701,discovered
GATA1,IL2,0.4386,discovered
BRD3,PLK1,0.3815,discovered
TGFB3,ARNTL,0.4039,discovered
TFAP2A,RACGAP1,0.4215,discovered
CEBPA,TG,0.3425,discovered
GATA3,FGFBP1,0.5253,discovered
DNMT1,SRCAP,0.3972,discovered
ZNF410,EGFR,0.4481,discovered
FOS,JUND,0.4586,discovered
CFH,PER2,0.5483,discovered
E2F3,IL12B,0.354,discovered
UGT1A8,INS,0.6155,discovered
EGR2,TDG,0.3543,discovered
MLL4,EGFR,0.4396,discovered
ETS1,HLA-DRB1,0.3563,discovered
FGF10,SFPQ,0.4199,discovered
EXO1,RELA,0.5393,discovered
NANOG,PSG7,0.3727,discovered
MEF2D,AFP,0.5038,discovered
SP1,HEY1,0.6115,discovered
WT1,CYP11B1,0.397,discovered
RFX2,APAF1,0.394,discovered
EGR1,HLA-C,0.5384,discovered
TGFBR2,TFF1,0.3083,discovered
MDM2,SHOX2,0.3876,discovered
TNFSF14,APP,0.5108,discovered
GTF3A,PPL,0.5402,discovered
DEAF1,COL4A1,0.4001,discovered
GFER,RELA,0.722,discovered
XBP1,ALK,0.364,discovered
SP1,DLG4,0.3714,discovered
SREBF1,IGF1R,0.3357,discovered
ERAP2,E2F1,0.456,discovered
ATF4,CRMP1,0.4425,discovered
E2F1,SLC13A4,0.337,discovered
ITGA6,PTHLH,0.5631,discovered
PITX2,SLC29A1,0.458,discovered
SP1,SOX4,0.3875,discovered
CHEK2,ALOX12,0.3374,discovered
SMAD4,GREB1,0.5935,discovered
FGFR1,TK1,0.3266,discovered
PML,HCN2,0.4068,discovered
CORO1C,TRPM1,0.4186,discovered
ATF6,HLA-DRB5,0.6087,discovered
SP1,HIP1R,0.4625,discovered
STAT1,ALOX12,0.3626,discovered
UHRF1BP1,BAX,0.4458,discovered
MAF,SYN1,0.5778,discovered
SP4,ERG,0.5985,discovered
E2F1,ETS2,0.3295,discovered
ETS2,PDE6A,0.4051,discovered
PARP1,TBX21,0.5142,discovered
FOXO1,MYC,0.3363,discovered
ARID1A,PSEN1,0.3667,discovered
MUC17,KDR,0.6169,discovered
IRF1,ZHX2,0.4694,discovered
PLAGL1,MME,0.3088,discovered
ZEB1,SART3,0.3477,discovered
HIPK2,HLA-DRA,0.3414,discovered
CASP1,CISH,0.4517,discovered
CDKN1A,SLC2A1,0.4445,discovered
MTOR,TGFBR2,0.4634,discovered
PML,RPTOR,0.3815,discovered
CTNNB1,FOXQ1,0.4206,discovered
PTEN,TP53INP1,0.5963,discovered
NFKB1,REN,0.4192,discovered
POU2F2,CCL13,0.4242,discovered
SUPT3H,ITGB3,0.5034,discovered
CBS,COX1,0.5333,discovered
MYC,NR4A1,0.4624,discovered
RB1,ACSL1,0.3124,discovered
COL18A1,GSTP1,0.4318,discovered
TGFB3,PTEN,0.6827,discovered
ATF6,SLC46A1,0.3585,discovered
STAT1,RBBP8,0.3199,discovered
HHEX,FOS,0.3163,discovered
AHR,CD79A,0.334,discovered
KCNIP3,CASP8,0.348,discovered
ETS1,CHGA,0.4419,discovered
IL1RL1,ESR1,0.3263,discovered
PDCD11,NPC1L1,0.3029,discovered
RELA,GDF15,0.6718,discovered
TP53,SERPINB5,0.5726,discovered
ATF6,NRXN1,0.3368,discovered
ETF1,SYN1,0.3324,discovered
HOXB7,CDH1,0.421,discovered
PDGFRA,SERPINC1,0.3369,discovered
BRCA1,CYP2C19,0.6078,discovered
RB1,ZNF444,0.5591,discovered
EZH2,SOX4,0.4203,discovered
SP1,CD274,0.4052,discovered
CES1,PREB,0.3343,discovered
ZNF148,HLTF,0.4769,discovered
UHRF1BP1,VEGFA,0.3094,discovered
CUX1,B2M,0.5971,discovered
PAX6,AR,0.4783,discovered
MAPK3,DBH,0.6042,discovered
NFKB1,GTF2I,0.3174,discovered
SP3,DRD1,0.5847,discovered
ATF4,MSH2,0.463,discovered
NKX2-3,TNFSF13B,0.381,discovered
JUN,DUSP10,0.3409,discovered
SP1,NPAS2,0.4415,discovered
ARNTL2,EXO1,0.4828,discovered
PRSS8,MDM2,0.4686,discovered
SLA2,MCL1,0.5142,discovered
TH,ABCC1,0.3428,discovered
FOXO1,AREG,0.6731,discovered
ESR1,CLDN7,0.3388,discovered
ETS2,BRIP1,0.4148,discovered
RUNX1,CD40,0.4339,discovered
BRCA1,SUGP1,0.4466,discovered
E2F1,TFF1,0.3235,discovered
ATM,BCL2L11,0.5713,discovered
BCAS3,GNMT,0.4134,discovered
ABCC2,IL1B,0.3793,discovered
IL6ST,AKT1,0.5151,discovered
HDAC9,AGR2,0.3692,discovered
CREM,BHLHE40,0.4161,discovered
DCBLD2,CDK6,0.4685,discovered
NR1I2,NOS3,0.4046,discovered
SMAD4,MYL9,0.4369,discovered
KRAS,CDH1,0.3612,discovered
LRP5,ALOX5,0.56,discovered
ABCG8,IFNB1,0.4448,discovered
SP1,ECM1,0.4081,discovered
E2F1,IGF2,0.6843,discovered
HIF1A,CD3G,0.4401,discovered
CDK6,HSPA4,0.5816,discovered
NR1I2,WT1,0.4089,discovered
GLI2,CR2,0.5812,discovered
KLF2,DBH,0.516,discovered
HDAC1,REPS2,0.7418,discovered
E2F1,CCR7,0.4018,discovered
MYC,TRERF1,0.4011,discovered
HDAC7,E2F3,0.3779,discovered
RB1,MMP1,0.5693,discovered
CDX2,EDN1,0.3013,discovered
SCAI,ID2,0.6079,discovered
UPF3B,FLI1,0.599,discovered
ID4,PDGFRA,0.3598,discovered
YY1,HES1,0.5317,discovered
FOS,PTH,0.4853,discovered
SERPINB1,FCER1A,0.4099,discovered
MSC,AKT1,0.4603,discovered
PAX5,ITGB7,0.3577,discovered
TP53,GFER,0.5924,discovered
TBX3,ISYNA1,0.4846,discovered
EP300,NDC80,0.3668,discovered
CCL19,KRT17,0.3649,discovered
ETS2,FBXO32,0.4532,discovered
APOM,DNMT3A,0.5571,discovered
IRF9,CD22,0.3606,discovered
FOSB,PCNA,0.4607,discovered
POU2F2,SOX3,0.3403,discovered
ARID3A,BAX,0.3509,discovered
EPAS1,CFTR,0.3649,discovered
KLF6,COL1A2,0.3434,discovered
RELA,DLL1,0.3877,discovered
TP53,IL6,0.4297,discovered
CIITA,IGFBP1,0.5946,discovered
TWIST1,VDR,0.5721,discovered
STAT3,CD40,0.7009,discovered
GLI2,NOS2,0.4189,discovered
MLLT3,MAFA,0.3481,discovered
NR4A2,UBC,0.4113,discovered
OLIG2,CSF1,0.3524,discovered
SP3,FDXR,0.4556,discovered
BRCA1,CASP8,0.3283,discovered
CSF2RA,CYBB,0.4885,discovered
ETS1,CXCL8,0.6708,discovered
MAPK3,CCND3,0.4763,discovered
JUN,ERN1,0.3458,discovered
SP1,ALOX15,0.4987,discovered
RFXAP,NOX5,0.3715,discovered
MYB,IRF5,0.3889,discovered
CDH13,TWIST2,0.5172,discovered
SMARCA4,CD36,0.3774,discovered
ESR1,SESN3,0.3794,discovered
DNASE2,RRM2B,0.4758,discovered
CTNNB1,BCL2,0.4265,discovered
RFX1,IHH,0.5357,discovered
LMO7,CSH2,0.4074,discovered
SHH,ERBB2,0.4384,discovered
PGR,BCL6,0.3262,discovered
RB1,PRKCB,0.3602,discovered
ING4,NFKB1,0.5249,discovered
RICTOR,SOD1,0.613,discovered
HDAC2,CHEK2,0.435,discovered
ETS1,NAB2,0.6425,discovered
BRCA1,PLK1,0.4137,discovered
AR,VDR,0.4658,discovered
UHRF1,PDGFRA,0.4495,discovered
BRD7,RAG1,0.4589,discovered
SF1,NANOG,0.5432,discovered
DSC2,IFNG,0.6345,discovered
HES1,DUSP6,0.5734,discovered
MSH2,COL10A1,0.3342,discovered
VDR,HIST1H2AE,0.3552,discovered
EP300,TNF,0.4197,discovered
RXRA,SIRT1,0.4206,discovered
NFKB1,PREB,0.444,discovered
STAT1,AREG,0.4507,discovered
EPCAM,DEFB4A,0.4693,discovered
CDK6,FOXP3,0.4286,discovered
FOXO3,VCAM1,0.3168,discovered
TCF3,ODC1,0.3375,discovered
HNF1A,E2F3,0.442,discovered
MLH1,IGF2,0.3374,discovered
ETS1,ALDH1A2,0.5707,discovered
ATF2,FAT1,0.5529,discovered
CDK1,BSG,0.3436,discovered
RFX2,ARNT,0.352,discovered
RBPJ,GDA,0.4505,discovered
LITAF,GDNF,0.5284,discovered
SH3BP2,PLAU,0.4303,discovered
ZNF300,ADRA1A,0.3621,discovered
CREB1,ABCA1,0.7173,discovered
CCND1,HPR,0.3637,discovered
PEG3,ACLY,0.3591,discovered
USP21,MICB,0.5058,discovered
CDKN1A,XRCC1,0.4184,discovered
PPARA,CDKN1A,0.3846,discovered
USF2,MYC,0.4999,discovered
MTOR,MEIS2,0.4661,discovered
MYCN,EBI3,0.4919,discovered
HDAC4,ATM,0.5867,discovered
HSF1,KL,0.3823,discovered
MYCN,RET,0.6931,discovered
SP3,LTBP4,0.3915,discovered
TBPL1,BEST1,0.3796,discovered
HIC1,CDH1,0.3738,discovered
MMP13,HLA-C,0.3663,discovered
CCNB1,ESCO2,0.4346,discovered
SERTAD1,FN1,0.3952,discovered
ANAPC4,LMO3,0.499,discovered
MMP14,EPO,0.4035,discovered
HDAC2,SFN,0.396,discovered
CEBPE,PLAT,0.4509,discovered
RUNX1,PTGDS,0.4268,discovered
ITGB8,MVP,0.4518,discovered
JUN,SHH,0.4822,discovered
USF2,SOCS1,0.531,discovered
MAFG,NELL2,0.4204,discovered
MYC,SNAI2,0.3781,discovered
NKX3-1,DLL1,0.372,discovered
E2F1,ITGAD,0.3574,discovered
STAT1,DNAJB4,0.309,discovered
HDAC3,RND3,0.3303,discovered
TP53,MEF2C,0.3152,discovered
NHLH2,CCR4,0.3203,discovered
AR,STK11,0.5314,discovered
ITGB8,GAS2,0.4535,discovered
MIR708,BRAF,0.4098,discovered
HMGA1,CSH2,0.6107,discovered
PER2,WIF1,0.3631,discovered
BAD,NRF1,0.441,discovered
PIAS2,NPPA,0.31,discovered
NFKB1,MSH2,0.5771,discovered
PTEN,MMP28,0.5317,discovered
STAT3,HDAC8,0.3231,discovered
VGF,APOC3,0.3158,discovered
RELA,CDK1,0.3153,discovered
BECN1,TNFAIP3,0.7655,discovered
JUNB,G6PC,0.3609,discovered
RB1CC1,AGO1,0.3058,discovered
SPEN,GPR39,0.4291,discovered
MEP1A,FOXP3,0.334,discovered
ING2,CCND2,0.483,discovered
CD58,PDE6B,0.3183,discovered
HOXA2,BRAF,0.5501,discovered
CNOT8,H19,0.6357,discovered
ZNF410,SRC,0.4656,discovered
FOSL2,TIMP2,0.379,discovered
GSPT1,ITGB3,0.3049,discovered
ACACA,TRPC1,0.4589,discovered
AATF,BCL2,0.4377,discovered
NCOA3,KDM6A,0.3046,discovered
GIPR,MYCN,0.4861,discovered
KPNA2,CCND1,0.3901,discovered
TP53,BRS3,0.3618,discovered
HIPK2,POSTN,0.5202,discovered
NFYB,MYC,0.5793,discovered
TCF4,SLC2A1,0.3807,discovered
STAT6,SLC46A1,0.3677,discovered
VDR,APOA2,0.4474,discovered
JAK2,SYN2,0.5087,discovered
NFKB1,GIPR,0.3567,discovered
ESR2,CYP19A1,0.6859,discovered
ERF,IL1RL1,0.425,discovered
ATF2,SPRY2,0.3441,discovered
KLF4,NOTCH1,0.5748,discovered
SP3,IRF7,0.3759,discovered
NOLC1,UPP1,0.3685,discovered
DNMT1,SOX9,0.3565,discovered
KLF6,BAG1,0.4888,discovered
AHR,PRL,0.3508,discovered
CDC20,DDIT4,0.4719,discovered
CREB1,TRAF1,0.4118,discovered
SP1,HES1,0.3979,discovered
KLF6,MAML1,0.396,discovered
ATOH1,HSPA5,0.4986,discovered
TFE3,NOX4,0.4795,discovered
CEBPE,LHB,0.3021,discovered
NR1I2,TBX5,0.389,discovered
CHRNA5,PCSK2,0.4793,discovered
TFAP2A,ID2,0.3979,discovered
NFKB1,EZH2,0.4015,discovered
AKT1,HLA-DOA,0.3066,discovered
NRAS,GATA6,0.5733,discovered
PSMD6,SCNN1B,0.4787,discovered
AR,TNNI3,0.3396,discovered
RLN1,FAF1,0.4246,discovered
TFAP2A,PIGR,0.4288,discovered
PITX2,ICAM3,0.4575,discovered
BCL2L1,UTRN,0.3231,discovered
IRF1,ETF1,0.4863,discovered
PPARD,PDCD2,0.3348,discovered
CHEK2,IFNA1,0.4049,discovered
TAL1,IL6R,0.5466,discovered
MCAT,CSNK2B,0.6778,discovered
UBP1,BID,0.4939,discovered
RXFP2,HPSE,0.5876,discovered
CEBPD,DBH,0.3826,discovered
SPIC,RAB4B,0.3725,discovered
NKX2-5,ERBB2,0.3384,discovered
RELA,CYP2A6,0.4012,discovered
CYP27B1,SUMO2,0.3368,discovered
SP1,PTP4A1,0.4013,discovered
TYK2,IFNGR1,0.3576,discovered
NFYB,CDKN1A,0.3976,discovered
NR3C1,KCNN2,0.492,discovered
YY1,CCND1,0.3637,discovered
CREB1,ANTXR1,0.5359,discovered
STAT3,AMH,0.3384,discovered
ERG,PTGDS,0.4453,discovered
GATA4,IL1RL1,0.3874,discovered
ARID1A,FLT4,0.3919,discovered
CEBPA,E2F1,0.3074,discovered
BRCA1,PLAU,0.4879,discovered
ARNT,IL4,0.3218,discovered
ENG,SIM2,0.5721,discovered
CDX2,IL5,0.353,discovered
RECQL4,SKIL,0.4262,discovered
ATF2,IKBKG,0.36,discovered
GADD45A,NDRG2,0.3199,discovered
MYCN,CD4,0.5752,discovered
BAD,CD36,0.6225,discovered
NFKB1,RBPJ,0.5467,discovered
SREBF2,STARD7,0.4464,discovered
DNMT1,STMN2,0.3478,discovered
PARP1,TGFB1,0.4726,discovered
NR1I3,PDCD2,0.3095,discovered
ANGPTL4,SUZ12,0.5842,discovered
TP53,CPEB1,0.3769,discovered
IL1B,NRP1,0.327,discovered
NFKB1,ATOH1,0.3537,discovered
RELA,TIMP3,0.5112,discovered
ERG,CSN2,0.3885,discovered
POU2AF1,CENPW,0.3754,discovered
TLR4,RB1,0.5659,discovered
IRF1,ARNTL,0.6053,discovered
LHX2,ACSL1,0.5041,discovered
REST,EBI3,0.3409,discovered
CCNB1,GFER,0.5746,discovered
HOXA10,PCNA,0.5811,discovered
TFAP2A,IL5,0.4273,discovered
JAK2,ANGPTL4,0.4102,discovered
KLF4,CD68,0.5328,discovered
SP1,PCSK1,0.6286,discovered
CDX1,TP53,0.4101,discovered
CDK1,HLA-A,0.5282,discovered
CYP2J2,XRCC6,0.5112,discovered
PAX6,ECD,0.3583,discovered
YY1,GCK,0.3208,discovered
NR5A1,EPAS1,0.4458,discovered
MECP2,GADD45A,0.5329,discovered
RELA,FOXM1,0.4082,discovered
CEBPE,ALB,0.4602,discovered
NPM1,CD38,0.4538,discovered
ATF4,PCK1,0.3675,discovered
MYCN,TNF,0.4497,discovered
ZNF148,DDR2,0.5844,discovered
FOS,MPO,0.4552,discovered
HNF4G,PITX2,0.3232,discovered
TERF1,TH,0.4432,discovered
ATF7,CFLAR,0.4813,discovered
E2F3,IRF3,0.4368,discovered
GATA3,FOXF1,0.5047,discovered
AR,TBX21,0.412,discovered
SLC2A1,SFRP1,0.3457,discovered
MYC,HEXIM1,0.3946,discovered
ELF3,RBP3,0.4399,discovered
FCGR1A,CYP27B1,0.3713,discovered
NAB2,UPP1,0.3774,discovered
SRF,CD59,0.3204,discovered
SATB1,SURF2,0.5655,discovered
GATA4,ESR1,0.3116,discovered
ADRA1A,CXCL5,0.4767,discovered
SP1,ASXL1,0.4372,discovered
HIF1A,TH,0.4733,discovered
DLG4,TNFRSF12A,0.6783,discovered
IRF1,BAD,0.5727,discovered
FGFR1,NOS3,0.3725,discovered
E2F4,ALK,0.4626,discovered
LDHA,SOX1,0.3461,discovered
ATR,KIT,0.4164,discovered
MYCN,FMO4,0.3285,discovered
OTX2,DEC1,0.4885,discovered
SOX2,FOXM1,0.4146,discovered
HK2,NR3C1,0.4584,discovered
FXR2,STARD7,0.5733,discovered
FLI1,SLC2A3,0.474,discovered
TWIST2,CDKN1A,0.349,discovered
AURKA,RLN1,0.3896,discovered
SP1,EPHA3,0.3937,discovered
ZNF750,IFNB1,0.3778,discovered
NFKB1,BRCA1,0.3407,discovered
CD38,IL1RN,0.3971,discovered
BTG2,IRF8,0.4974,discovered
FOXO1,HOXA9,0.5125,discovered
PODXL,CASP3,0.3179,discovered
NFIC,SELL,0.6274,discovered
ETS1,FOS,0.3463,discovered
NFKB1,DDIT4,0.6071,discovered
GTF2I,COL1A2,0.3976,discovered
ABL1,SP1,0.3306,discovered
CDK4,MTA3,0.3644,discovered
FOXF2,UPF2,0.3551,discovered
FOSL1,EP300,0.3322,discovered
NR2F2,SPRY2,0.487,discovered
CDKN1A,ODC1,0.3702,discovered
HDAC2,PSG1,0.391,discovered
HDAC2,PAX6,0.3428,discovered
TCF3,PDK4,0.4465,discovered
MTF1,ACACB,0.5557,discovered
CD46,MYC,0.5022,discovered
HIF1A,CD36,0.5914,discovered
H19,SMAD3,0.3387,discovered
NRF1,CXCL8,0.3811,discovered
FOXO1,LYL1,0.3925,discovered
NR3C1,CTSD,0.5616,discovered
TFAP2A,SLC1A4,0.3789,discovered
GATA3,MMP9,0.4186,discovered
NCL,APC,0.3756,discovered
EZH2,IL1B,0.3243,discovered
UTRN,UGT1A6,0.6449,discovered
CEBPB,KRT14,0.3421,discovered
TCF4,SPARC,0.5218,discovered
MLLT3,IGF2,0.4072,discovered
TRIB3,CD99,0.357,discovered
TGFBR1,CCL4,0.6237,discovered
GATA1,LYZ,0.5311,discovered
TP53,TERF2,0.3076,discovered
ZNF382,CACNA1H,0.3834,discovered
BCL3,ZIC3,0.4027,discovered
BCL2L1,MSL1,0.358,discovered
WT1,PRDM1,0.3283,discovered
JUN,ESR1,0.613,discovered
GLI2,NFATC1,0.3195,discovered
RARG,ZNF205,0.6861,discovered
TCF4,FLI1,0.6445,discovered
GATA2,PDX1,0.3378,discovered
ALDH1A2,PLAG1,0.3368,discovered
YY1,BGN,0.5592,discovered
NFKB1,JAK2,0.4075,discovered
ELF3,TNFRSF11A,0.5644,discovered
ARNT,FABP4,0.4113,discovered
ZNF148,FOXN4,0.5771,discovered
HMGA2,CD40,0.3655,discovered
HK2,CCR3,0.4022,discovered
SOX9,DACT2,0.5411,discovered
HIF1A,GATA3,0.3285,discovered
TCF4,HES1,0.3321,discovered
EP300,ATF4,0.4325,discovered
SP1,EP300,0.4035,discovered
MYC,HSD17B2,0.4467,discovered
SATB1,CD151,0.3366,discovered
HDAC2,SLC20A1,0.4662,discovered
TFAP2A,THBD,0.4018,discovered
FOXO1,UGT2B15,0.5841,discovered
CEBPA,CYP3A7,0.5248,discovered
YBX1,CEL,0.6391,discovered
SUZ12,F3,0.4843,discovered
CIITA,PRKCB,0.5576,discovered
POU2F1,SOST,0.6111,discovered
AR,MMP14,0.5853,discovered
STAT1,FABP4,0.5765,discovered
NBN,STAT4,0.3042,discovered
HDAC1,ZFP36,0.5898,discovered
AR,COL4A1,0.4065,discovered
NONO,TOP2A,0.7096,discovered
MAP1LC3B,VEGFD,0.5619,discovered
STAT5A,VEGFA,0.6871,discovered
ATF4,RBL2,0.3332,discovered
NPAS2,AR,0.3929,discovered
MSH2,SIAH1,0.3895,discovered
AKT1,INSL3,0.3254,discovered
LHX2,BCL2L1,0.4748,discovered
ACHE,DUSP1,0.3662,discovered
HNF1A,SPRY1,0.3227,discovered
TFAP2A,CKM,0.4364,discovered
RB1,PTPN13,0.4415,discovered
RCC1,PTGS2,0.3791,discovered
HDAC9,TLR4,0.3627,discovered
FOXO1,CASP3,0.5126,discovered
BRCA2,BRAF,0.3959,discovered
RELA,NQO2,0.4335,discovered
TP53,IL1R2,0.3944,discovered
PBX2,MAP2K1,0.3658,discovered
TBX21,DCT,0.4186,discovered
DDIT3,TBXA2R,0.3643,discovered
LAMTOR5,XBP1,0.5135,discovered
ING2,MYC,0.3999,discovered
SP1,DLX3,0.4201,discovered
JUND,MSH6,0.567,discovered
PLK1,SLC19A1,0.3047,discovered
TOMM34,LPL,0.3178,discovered
PURA,EED,0.3268,discovered
RUNX1,CPT1A,0.4038,discovered
TBX21,LYL1,0.5975,discovered
S100A2,CCND1,0.4409,discovered
VDR,CAPN6,0.3403,discovered
NF1,E2F1,0.5555,discovered
PHOX2B,COL2A1,0.5327,discovered
KLF2,PTGS2,0.3821,discovered
AHR,PPARG,0.429,discovered
GLI1,HSPA4,0.3783,discovered
SCNN1A,CCND1,0.4284,discovered
TCF7L2,ETS2,0.3944,discovered
CREB1,CR2,0.3362,discovered
UGDH,GSS,0.4656,discovered
RELA,PRSS50,0.4726,discovered
MYD88,COL10A1,0.6181,discovered
FOS,ARNT,0.4378,discovered
NFIX,MCAT,0.5023,discovered
ABCG8,VIM,0.4555,discovered
LIN54,CCK,0.3625,discovered
RUNX2,TNF,0.4829,discovered
RB1,TBP,0.5229,discovered
IRF7,TAP2,0.4168,discovered
SP3,ESR2,0.541,discovered
FLI1,HSD17B11,0.3154,discovered
DAPK2,CDKN1A,0.3345,discovered
TP53,CHGA,0.4735,discovered
SHOX,LOXL4,0.408,discovered
HMGA2,SLC19A1,0.4375,discovered
HNF1A,BAMBI,0.3814,discovered
NFKB1,RUNX2,0.4063,discovered
SP1,PBX1,0.3115,discovered
BRCA1,RET,0.4327,discovered
VIM,PLAUR,0.3927,discovered
FOSB,MUC1,0.347,discovered
CIITA,SLC2A1,0.3815,discovered
CEBPA,RAB4B,0.3596,discovered
SP1,NANOG,0.3649,discovered
DNMT1,CYP19A1,0.4201,discovered
AIP,ERVW-1,0.4597,discovered
HOXA10,THRSP,0.3216,discovered
HIC1,NFKB1,0.3593,discovered
BTS1,NOTCH3,0.4427,discovered
SP1,GPNMB,0.3087,discovered
CTNNB1,FUBP1,0.3556,discovered
ETS1,NOTUM,0.3791,discovered
CDX2,MYD88,0.5449,discovered
TOMM34,EDA,0.4849,discovered
NR1I2,FGF1,0.326,discovered
SLC2A4RG,CYP7A1,0.3797,discovered
HLA-A,WDFY4,0.552,discovered
EGR1,MYF6,0.5729,discovered
COL11A1,ERBB2,0.3938,discovered
IRF4,JUNB,0.4625,discovered
GRHL1,PDGFA,0.6545,discovered
SOST,CD1D,0.5971,discovered
RFX1,ASPH,0.6446,discovered
DNMT1,CYP7A1,0.4435,discovered
CUX1,CDH1,0.307,discovered
ZBTB16,IFNG,0.448,discovered
ELL,DDX18,0.5872,discovered
ITGA9,CXCL5,0.3416,discovered
FOXM1,PTGFR,0.4861,discovered
SOX4,EAPP,0.571,discovered
GSTP1,FUT7,0.3304,discovered
HDAC3,CXCL5,0.3395,discovered
RELA,CDC20,0.5965,discovered
MEF2C,PMAIP1,0.3492,discovered
ATF2,OPRM1,0.3276,discovered
TP63,SFTPA1,0.4375,discovered
SFPQ,S100A4,0.3703,discovered
KLF4,ALK,0.4827,discovered
KLK10,CCNB1,0.5517,discovered
GRHL1,SLC5A5,0.5287,discovered
ZNF300,HLA-F,0.5384,discovered
ELF3,FOXP3,0.5941,discovered
IFI16,RASGEF1B,0.3018,discovered
MTA1,UHRF1,0.3482,discovered
CBFA2T3,ITGB3BP,0.3036,discovered
ZEB1,PML,0.4679,discovered
KRAS,HOXC6,0.36,discovered
SMAD4,APAF1,0.4189,discovered
ATF4,ESRRG,0.3581,discovered
TSC22D3,HLA-DQA1,0.3737,discovered
PROX1,IFNLR1,0.341,discovered
BHLHE22,SOD2,0.6192,discovered
APC,SHC1,0.624,discovered
TMEM71,GRHL1,0.363,discovered
MECP2,ICAM3,0.4708,discovered
MYCN,SFTPA1,0.3408,discovered
CREB1,PIK3CA,0.6005,discovered
CDK6,SLC6A4,0.3355,discovered
SMAD3,EAPP,0.4022,discovered
JUN,FABP1,0.4841,discovered
ARNT,HBA2,0.4211,discovered
HLA-C,CRMP1,0.4823,discovered
GSPT1,RET,0.4685,discovered
CYP17A1,HLA-F,0.3027,discovered
HOXD3,AURKA,0.4338,discovered
TP63,PTBP1,0.6168,discovered
NFE2L2,CRYGB,0.55,discovered
JUNB,SIAH1,0.4641,discovered
NR1H3,PDHA1,0.462,discovered
LMO4,BTG2,0.3356,discovered
IRF1,HDAC2,0.4098,discovered
FGFR1,IL4,0.3129,discovered
KLK10,VHL,0.5174,discovered
RAD51,ERBB2,0.3325,discovered
ETS1,SOD1,0.4927,discovered
MED23,CDK6,0.4692,discovered
NFYC,SLC9A2,0.4235,discovered
PITX1,EDEM2,0.3384,discovered
E2F1,NAMPT,0.4037,discovered
LMO2,NKX2-1,0.4735,discovered
EGLN1,TAF1A,0.5191,discovered
ZNF350,FSTL3,0.6496,discovered
STAT5B,ERICD,0.4913,discovered
THBS1,MMP2,0.3817,discovered
RECQL4,AGO1,0.6299,discovered
FLT3,IRF3,0.3365,discovered
HDAC3,MYB,0.4416,discovered
CYP3A7,LEF1,0.5521,discovered
LIPE,IGFBP3,0.5237,discovered
PTH,PFKP,0.5336,discovered
GNRH2,BHLHE41,0.3256,discovered
MEF2A,ALOX5,0.4729,discovered
CCNB2,E2F1,0.3756,discovered
NR0B2,TMPRSS2,0.6264,discovered
POU1F1,TUBB3,0.4083,discovered
SOX7,CRHBP,0.3492,discovered
E2F1,HSPA4,0.4689,discovered
DEK,XPO1,0.4089,discovered
REST,TERT,0.4459,discovered
MYB,CXCL1,0.394,discovered
SP1,TFF3,0.4538,discovered
WWTR1,NFE2,0.3725,discovered
ROS1,HSD17B11,0.3363,discovered
JUN,STAT5A,0.4071,discovered
NR4A3,FSTL3,0.3891,discovered
ETV7,STAT3,0.6364,discovered
HSF2,GPX1,0.3915,discovered
TSC1,PDGFRA,0.3104,discovered
BRCA1,HPGD,0.4799,discovered
BRAF,TGFB2,0.4204,discovered
SOX2,TF,0.3255,discovered
SMAD2,MUC2,0.3641,discovered
NR3C1,ABCC1,0.605,discovered
HIPK2,EDNRB,0.4488,discovered
PCYT1A,GATA4,0.5439,discovered
NFKB1,DNMT1,0.3586,discovered
PGF,SMUG1,0.6145,discovered
NFE2L2,NCAM1,0.4039,discovered
MCM5,GMPS,0.4144,discovered
MAPK1,FBN1,0.417,discovered
EGR1,USP7,0.369,discovered
STAT6,PHOX2A,0.6522,discovered
MYC,PMEPA1,0.3661,discovered
PPP2R2B,GATA4,0.3366,discovered
STAT3,GADD45A,0.5658,discovered
SOX10,HLX,0.6183,discovered
HLA-DRB3,LDHA,0.3829,discovered
GSK3B,CDC25A,0.4691,discovered
E2F6,IKBKB,0.418,discovered
GABPA,NAB1,0.3753,discovered
CIITA,AR,0.435,discovered
EGR1,STAR,0.3443,discovered
FLI1,CCND1,0.4349,discovered
TP73,ESR1,0.3514,discovered
RORA,RB1,0.4633,discovered
SOX9,THRSP,0.423,discovered
NEAT1,NRP1,0.4066,discovered
TP63,COL1A2,0.6017,discovered
BRCA1,CHGB,0.7306,discovered
FGF9,NFIL3,0.4821,discovered
KRAS,PLAU,0.5471,discovered
RPS6KA3,S100A10,0.6094,discovered
FOXL2,CDKN1A,0.3819,discovered
RB1,MAD1L1,0.3318,discovered
HCFC1,CD40,0.444,discovered
ZIC1,VEGFA,0.5167,discovered
LEF1,FAM162A,0.3177,discovered
WT1,E2F1,0.3805,discovered
PCGF2,POMGNT1,0.3638,discovered
PTGER2,STAT3,0.5998,discovered
USF1,LIF,0.3995,discovered
TP53,NELL2,0.7429,discovered
MBD2,IFNG,0.479,discovered
KLF8,CRH,0.3429,discovered
DEK,ESR1,0.5754,discovered
SLC15A1,SLC22A3,0.487,discovered
FGB,ZNF202,0.4787,discovered
HEY1,AKR1C2,0.3016,discovered
GATA3,HCK,0.5516,discovered
KLF15,BAD,0.4758,discovered
NR0B2,BPTF,0.3871,discovered
HOXA10,FDPS,0.3194,discovered
SNAI2,ENG,0.4859,discovered
YY1,CYP17A1,0.4237,discovered
STAT6,IGFBP3,0.3337,discovered
CHEK1,AXIN2,0.3017,discovered
KPNA2,CGB3,0.3417,discovered
KLF6,CDK6,0.3817,discovered
SREBF1,CDKN2B,0.3987,discovered
IGK,POU5F1,0.4983,discovered
BRCA1,PRDX3,0.4217,discovered
NFKB1,CHEK1,0.6915,discovered
HLA-E,IDO1,0.4879,discovered
TFAP2A,ME1,0.5132,discovered
BST2,HSPA4,0.5846,discovered
DLL1,SOCS7,0.5444,discovered
DNMT1,E2F1,0.5414,discovered
ID3,LOR,0.3547,discovered
FOXM1,ABCB1,0.3207,discovered
POU2F2,ATM,0.405,discovered
AIRE,LCK,0.4216,discovered
IRF1,WWC1,0.4709,discovered
HMGA1,SMAD7,0.397,discovered
SP1,PLD1,0.416,discovered
RELA,DMRT1,0.3694,discovered
NR3C1,ERAP1,0.4102,discovered
GRK2,UGT1A6,0.4376,discovered
RFX2,LAG3,0.3375,discovered
CTCF,MACROD1,0.4521,discovered
ZNF224,CDCA7L,0.3948,discovered
STAT5A,NANOG,0.3924,discovered
PPARG,VHL,0.5168,discovered
PPARG,NOTCH3,0.4768,discovered
RFX2,MCL1,0.6554,discovered
RUNX1,ITGAV,0.3283,discovered
STAT5A,DDIT3,0.5012,discovered
CABIN1,RLN2,0.4491,discovered
PTMA,NCF2,0.4121,discovered
CIITA,PHGDH,0.645,discovered
RELA,LHB,0.576,discovered
JUND,ATF3,0.3411,discovered
NANOG,TNF,0.3855,discovered
NFKB1,KIT,0.6114,discovered
ZNF148,FAS,0.4609,discovered
CXXC5,CYP17A1,0.3714,discovered
RUNX2,VDR,0.352,discovered
ELF1,IFNG,0.3551,discovered
PARP1,CTSL,0.4154,discovered
TBX2,CCL5,0.3497,discovered
E2F1,POLD1,0.5329,discovered
POU2F2,NOX1,0.4272,discovered
SP3,SF1,0.3865,discovered
NANOG,MAD2L1,0.4103,discovered
REST,TFCP2,0.4261,discovered
NFYA,FGF2,0.3702,discovered
CEBPA,VCAN,0.4471,discovered
NFATC2,CDKN1A,0.4498,discovered
MAPK3,E2F3,0.333,discovered
FOXF2,DR1,0.3734,discovered
DNASE2B,GLI1,0.4463,discovered
ALB,RUNX3,0.4328,discovered
NANOG,UHRF1,0.4846,discovered
ATF4,PDE6A,0.3712,discovered
EGR1,KLF17,0.582,discovered
USF1,DNMT1,0.3677,discovered
MYC,FOXP2,0.3284,discovered
ATF4,SDC4,0.5514,discovered
TBX21,SDHB,0.3042,discovered
ETS2,FOXO3,0.3722,discovered
BTF3,DVL1,0.3178,discovered
KLF6,TJP1,0.5213,discovered
IL12RB2,HLA-DOB,0.6071,discovered
DMAP1,HIF1A,0.3533,discovered
NFIC,MSR1,0.6148,discovered
HOXA10,CDH2,0.5875,discovered
POU2F1,FOXM1,0.4905,discovered
PPARA,ABCC3,0.49,discovered
EP300,SLCO1B3,0.3423,discovered
NFKB1,POU3F2,0.3278,discovered
EGR2,GCG,0.3617,discovered
WWTR1,KCNN4,0.569,discovered
CCNB1,RELA,0.7545,discovered
ATF2,FOXP3,0.3686,discovered
JAG1,KISS1,0.3093,discovered
AR,CCL5,0.3061,discovered
EZH2,FUT2,0.4937,discovered
SP1,COX1,0.4778,discovered
NFYA,CCNC,0.6982,discovered
ETS2,HNRNPA2B1,0.4334,discovered
WWP1,CDK6,0.3387,discovered
FOXO3,FAS,0.5526,discovered
MYD88,CDKN1A,0.4402,discovered
NOD2,UGT2B15,0.3296,discovered
TP63,TNIP3,0.4422,discovered
SP1,ANGPTL4,0.3929,discovered
NFKB1,JAG1,0.3323,discovered
IRF1,VEGFA,0.4358,discovered
TP53,PDHA1,0.3077,discovered
EZH2,HES1,0.3623,discovered
SPDEF,TNF,0.4125,discovered
SP4,GH2,0.4552,discovered
CYP17A1,EPCAM,0.3759,discovered
VDR,RAB3A,0.3293,discovered
TEAD1,BRCA1,0.5165,discovered
JAG1,HYAL1,0.3771,discovered
CDH2,CD36,0.6779,discovered
XBP1,SYN1,0.4887,discovered
ZIC1,TYMS,0.4569,discovered
EP300,PSMB10,0.4842,discovered
SNAI1,SMAD4,0.5147,discovered
TBP,PPP1R3C,0.3053,discovered
SRF,ALOX15,0.4363,discovered
NF1,CXCL8,0.4568,discovered
SELP,ASPM,0.4235,discovered
GLS,ASPM,0.4056,discovered
CTSL,SCNN1A,0.3233,discovered
PITX1,STAR,0.361,discovered
MTA1,CYP7B1,0.5695,discovered
RELA,CHGA,0.4303,discovered
LHX2,MT1F,0.4013,discovered
GLCE,BRD2,0.3294,discovered
PAX2,ESR1,0.3533,discovered
RUVBL1,PLIN2,0.4091,discovered
ECD,SIRT1,0.4511,discovered
DEK,ARG1,0.3125,discovered
PLK1,GSK3B,0.4327,discovered
DEAF1,PLIN1,0.4552,discovered
PHOX2A,ABCB11,0.4706,discovered
NFYB,KRT19,0.5056,discovered
STAT3,SERPINE1,0.4041,discovered
HOPX,LRP5,0.3463,discovered
PRDM2,CEACAM1,0.3052,discovered
CD24,GSTA1,0.3417,discovered
GALNT3,IL21,0.4078,discovered
HDAC1,SNAI1,0.593,discovered
RELA,IRF5,0.3464,discovered
AXL,ASCL2,0.3318,discovered
APC,CDH1,0.5589,discovered
TNFSF13B,HCK,0.5685,discovered
SMAD4,MUC4,0.3359,discovered
RELA,MTTP,0.3652,discovered
AR,RB1,0.583,discovered
FOXM1,TNC,0.3684,discovered
NR3C1,PSMD6,0.3783,discovered
STAT1,UGT1A9,0.3076,discovered
KLF13,CSNK1A1,0.5746,discovered
TYMP,IL12B,0.4059,discovered
KLF2,TIMP1,0.426,discovered
ESR1,KLF15,0.3937,discovered
CDX2,ALOX5,0.4528,discovered
ARX,MSLN,0.3343,discovered
GZMB,CTNNB1,0.4639,discovered
TP63,TP53,0.3298,discovered
GATA2,PSEN1,0.5044,discovered
ARID3A,CD59,0.5185,discovered
TOPBP1,TGIF2,0.4846,discovered
LTA,UBC,0.3322,discovered
AR,BACH2,0.3169,discovered
JUN,MCL1,0.3833,discovered
MNDA,ORMDL3,0.3674,discovered
IRF4,MAT2A,0.3353,discovered
TFEB,PRKCB,0.3564,discovered
SATB2,TAP1,0.458,discovered
TP53,JUND,0.6918,discovered
E2F1,ACTA1,0.4884,discovered
KLF7,TP53,0.5892,discovered
CDKN1A,HMOX1,0.4726,discovered
E2F1,MLLT3,0.5397,discovered
TBX21,IL1RN,0.4454,discovered
GSK3B,EFNB3,0.3308,discovered
AR,ENO1,0.445,discovered
MYOD1,SMAD3,0.3981,discovered
NOTCH1,COL1A2,0.361,discovered
PAX8,SF1,0.4213,discovered
SMAD7,F3,0.4807,discovered
NR3C1,DNMT3B,0.506,discovered
KLF2,STAT3,0.4692,discovered
RFXAP,CST5,0.4495,discovered
TP53,LSS,0.3515,discovered
PROX1,KDR,0.389,discovered
NEAT1,IFNG,0.3078,discovered
NR3C1,AFP,0.3907,discovered
FOSB,DCC,0.3623,discovered
WT1,KLK1,0.5224,discovered
CTSB,ICAM3,0.4896,discovered
CDX2,HSPA5,0.4922,discovered
RELA,TBXA2R,0.3778,discovered
HNF1A,PRKCA,0.462,discovered
TRIP6,JUN,0.3375,discovered
XBP1,IGFBP1,0.406,discovered
NFATC3,PLAGL1,0.5393,discovered
RELA,TGFBR2,0.3193,discovered
NR4A1,IL6R,0.4468,discovered
RELA,PRC1,0.5558,discovered
FOXJ1,BCL2,0.421,discovered
CDC20,IGFBP1,0.5172,discovered
PAX5,TFF1,0.5613,discovered
PEG3,PTGES,0.3182,discovered
CD274,SLC22A2,0.4774,discovered
EP300,PTPN13,0.3835,discovered
CREB1,FSHR,0.526,discovered
RARA,STS,0.441,discovered
WT1,NT5E,0.3341,discovered
SF1,LDHA,0.4165,discovered
CUX1,PTHLH,0.595,discovered
MME,CD69,0.3513,discovered
MMP3,OPRM1,0.399,discovered
NR3C2,CTNNBIP1,0.6483,discovered
CEBPB,FCER1A,0.4634,discovered
NFYB,MEAF6,0.3333,discovered
LPIN1,KLK3,0.3475,discovered
GATA2,COL1A2,0.4229,discovered
ATF1,CDKN2A,0.3155,discovered
WASF3,SOX9,0.5611,discovered
ALK,STAT5,0.4744,discovered
IRF2,MMP1,0.3684,discovered
BAX,CDKN1B,0.3577,discovered
RELA,CYSLTR1,0.4368,discovered
ATRX,SETDB1,0.4265,discovered
HOXC11,NDC80,0.3672,discovered
CD38,TFE3,0.4009,discovered
IRF7,PTGS2,0.4576,discovered
CYP11B1,ALK,0.3455,discovered
IRF4,APP,0.4402,discovered
TBX21,IRF7,0.4794,discovered
TP53,CFTR,0.5305,discovered
STAT1,SOD1,0.4277,discovered
EREG,SNAI1,0.3607,discovered
CREB1,DNMT3B,0.3617,discovered
ETS1,WTAP,0.3563,discovered
HIRA,RBBP8,0.4044,discovered
ESR2,AICDA,0.3421,discovered
EPAS1,SYN1,0.4011,discovered
STAT3,SIGMAR1,0.4848,discovered
ELL,RLN1,0.6183,discovered
TWIST1,SELE,0.3239,discovered
AGER,TBPL1,0.3411,discovered
PIAS3,UGT1A10,0.4004,discovered
WT1,ADRA1A,0.483,discovered
FOXA2,EGLN3,0.5075,discovered
EPAS1,EDN1,0.495,discovered
CDKN1A,SPRY2,0.3095,discovered
USF2,BDNF,0.517,discovered
TP53,HNRNPA2B1,0.3154,discovered
WWTR1,SLC26A4,0.4042,discovered
STAT3,TOP2A,0.3511,discovered
FOSB,NCL,0.4092,discovered
HHEX,BCAR1,0.4578,discovered
CEBPB,MSLN,0.3581,discovered
BDKRB1,TCF3,0.4685,discovered
BLK,PCK1,0.4414,discovered
EGR1,TLR9,0.4852,discovered
STAT3,BRCA2,0.3897,discovered
HDAC3,TIMP2,0.6696,discovered
BCL6,MYCN,0.3842,discovered
SMAD3,SLC2A1,0.4988,discovered
FDFT1,ASCL1,0.6253,discovered
PROX1,IKBKG,0.4099,discovered
POU2F3,IL1A,0.6964,discovered
PAX4,MAP2K1,0.3934,discovered
FUT7,NR0B2,0.4655,discovered
CXCL2,CD40,0.3276,discovered
TCF4,CASP3,0.3777,discovered
BRCA1,AGT,0.4664,discovered
NR5A1,CXADR,0.4943,discovered
MSX2,MMP2,0.3958,discovered
TWIST1,PLK1,0.4001,discovered
EXO1,NOS3,0.3343,discovered
CLOCK,BIRC5,0.3705,discovered
SF1,MCM10,0.474,discovered
IGFBP3,RET,0.5227,discovered
CDKN1A,LRRN3,0.5516,discovered
JUNB,CCNA2,0.371,discovered
WT1,DIRAS3,0.3559,discovered
MITF,TERT,0.4137,discovered
MSC,LIPC,0.4829,discovered
FOSL2,WRN,0.6005,discovered
TP53,TERF1,0.3383,discovered
IRF4,RUNX1,0.4452,discovered
NFKB1,GNRH2,0.4318,discovered
JAG1,BRCA2,0.3423,discovered
MKL1,LTC4S,0.3802,discovered
HCFC1,FMO3,0.3673,discovered
RARB,IFNA1,0.653,discovered
TLR6,DAP3,0.4301,discovered
STAT1,TMPRSS2,0.5057,discovered
EP300,BRD3,0.3546,discovered
ZIC1,KLF2,0.3723,discovered
USF1,IVL,0.4934,discovered
TFAP2A,CHUK,0.33,discovered
REL,CAT,0.3132,discovered
NCBP1,LPIN1,0.4366,discovered
GATA1,IL10,0.4234,discovered
EREG,VMP1,0.4757,discovered
GRM2,HMGCR,0.3576,discovered
GATA4,SLC22A8,0.3483,discovered
MET,CD86,0.3412,discovered
BCL6,AURKA,0.5933,discovered
RUNX2,CD19,0.5617,discovered
SREBF1,IPO7,0.5209,discovered
DNMT1,GFI1B,0.4849,discovered
CEBPA,BCAS3,0.6522,discovered
IRF1,CHRNA3,0.3302,discovered
RELB,ABCB11,0.5201,discovered
SLC7A1,BAX,0.4459,discovered
ZEB2,SPAST,0.5991,discovered
EZH2,FUT7,0.4426,discovered
WT1,HDAC9,0.3395,discovered
SP1,WDFY4,0.3381,discovered
STAT4,CDH1,0.3226,discovered
MECP2,GLCE,0.5688,discovered
VHL,CFI,0.5476,discovered
MAFF,GTF3C2,0.3486,discovered
SP4,G0S2,0.5485,discovered
GFI1,RBP3,0.4869,discovered
NTF3,IFIT3,0.4195,discovered
RUNX1,TCFL5,0.347,discovered
TP53,LRRN3,0.3746,discovered
FABP4,ACTN4,0.4394,discovered
CEBPB,BTRC,0.3415,discovered
JUND,FBP1,0.6456,discovered
SP1,SPAG6,0.3364,discovered
BRAF,ADRB2,0.4766,discovered
USF2,RASGEF1B,0.407,discovered
SPDEF,CDK4,0.6358,discovered
UBE2I,PCNA,0.3535,discovered
PPARG,IVL,0.343,discovered
EBF1,PTPA,0.4151,discovered
MEN1,SHC1,0.4408,discovered
ETS1,IPO7,0.3452,discovered
MAFB,DUSP4,0.3585,discovered
KRAS,HTR1A,0.4625,discovered
ABL1,TNC,0.3685,discovered
E2F4,IGF1R,0.4563,discovered
TFAP2A,LEF1,0.6014,discovered
NFE2L2,RAD51,0.4211,discovered
WT1,BIRC5,0.3554,discovered
ARID1A,RICTOR,0.4703,discovered
TFAP2C,TFE3,0.5357,discovered
BCL6,MAPK1,0.3563,discovered
TBX21,PLAUR,0.4538,discovered
KLF5,TP53INP1,0.3736,discovered
IRF8,GDNF,0.3195,discovered
SPI1,TLR3,0.4546,discovered
USF1,EED,0.4663,discovered
SP1,CD40LG,0.3305,discovered
RB1,HSD17B2,0.5321,discovered
TFAP2A,GPR39,0.4177,discovered
TCF3,IFNB1,0.5995,discovered
RLN1,RAD51AP1,0.4759,discovered
FOXD1,MCL1,0.3852,discovered
SUGP1,CYP2C19,0.4533,discovered
MSX1,SNAPC1,0.392,discovered
STAT5B,HTR1A,0.4343,discovered
RASGEF1B,RARG,0.3843,discovered
RB1,CYP11A1,0.3544,discovered
CD33,CRLF1,0.5212,discovered
HCN4,KL,0.5852,discovered
BAX,PCK2,0.762,discovered
HOXA9,CYBB,0.3213,discovered
PHOX2A,SFN,0.5452,discovered
MYC,SFN,0.4436,discovered
MYCN,ODC1,0.4463,discovered
TAL1,SPARC,0.3374,discovered
XBP1,CCL5,0.5865,discovered
CREB1,PIAS3,0.4153,discovered
SATB1,HSF2,0.5293,discovered
SOX2,LIN28A,0.3537,discovered
ETS1,POU5F1,0.32,discovered
JAK2,GATA1,0.4562,discovered
FLT3,PPOX,0.4009,discovered
POU2F1,CDKN2C,0.6079,discovered
WT1,APOA2,0.4807,discovered
SP3,TNFRSF9,0.4644,discovered
HMGN1,FAAH,0.4585,discovered
FOXA2,UGT2B17,0.4024,discovered
RELA,TOMM34,0.4661,discovered
CCNB1,MSLN,0.3453,discovered
WT1,IGH,0.3808,discovered
TP53,TSC1,0.4327,discovered
SOX2,PCSK6,0.3927,discovered
NFKB1,ACLY,0.4574,discovered
ACKR1,HOXA9,0.5773,discovered
CASP3,GSK3B,0.3751,discovered
GSC,KLRK1,0.3606,discovered
CDKN1A,TRB,0.4085,discovered
SP1,POU5F1,0.7475,discovered
CREB5,GALT,0.4238,discovered
CHEK1,ACACA,0.3279,discovered
ILF2,BHLHE40,0.4553,discovered
PURA,GCLC,0.404,discovered
TCF12,UGT1A6,0.4803,discovered
BCL3,UGT1A1,0.3157,discovered
HOXB13,TERT,0.6129,discovered
SCD5,THBD,0.4061,discovered
LRBA,SERPINA3,0.3392,discovered
MEN1,TNFRSF12A,0.4069,discovered
CTBP1,FGB,0.3197,discovered
PTPRZ1,HFE,0.4104,discovered
CDK6,SERPINE1,0.4308,discovered
TP53,DDX18,0.56,discovered
LEF1,CDH5,0.3941,discovered
SPI1,E2F1,0.4379,discovered
FLT3,PRDX3,0.346,discovered
HNF1A,GYPB,0.3521,discovered
KLF8,ESR1,0.5001,discovered
CCNB1,IGFBP1,0.4696,discovered
AVP,SOX9,0.329,discovered
HLA-B,CYP19A1,0.3144,discovered
NR1I2,FOXJ1,0.5466,discovered
SMAD2,CIITA,0.3224,discovered
ZNF143,SLC4A2,0.4013,discovered
MYB,TFF2,0.5605,discovered
SMARCA4,FOXA2,0.3718,discovered
CA9,CXADR,0.4837,discovered
RGN,CASP3,0.3823,discovered
SNAI3,ACKR3,0.4131,discovered
ATF3,RAF1,0.5195,discovered
TWIST2,SOX9,0.5453,discovered
JUNB,LDHA,0.6103,discovered
BAD,TGFB1,0.4394,discovered
YY1,TSG101,0.4782,discovered
E2F1,BCL3,0.4275,discovered
CLOCK,IL5RA,0.3686,discovered
LY96,JAG1,0.5575,discovered
ELK1,KLF10,0.742,discovered
SLC25A20,PTGFR,0.6066,discovered
SNF8,SOX9,0.4116,discovered
TWIST2,CHAT,0.4866,discovered
GATA3,CDH17,0.3819,discovered
E2F1,SDHB,0.4259,discovered
RBPJ,BACH1,0.3449,discovered
RUNX3,CPEB1,0.5871,discovered
SP1,CAPN6,0.498,discovered
E2F4,CD69,0.3452,discovered
FCGR3B,TFF1,0.3552,discovered
LILRB2,MYBL1,0.3744,discovered
VHL,INS,0.3791,discovered
TP53,NF1,0.3467,discovered
NFATC1,CDKN1A,0.4828,discovered
FOXK2,COL1A1,0.4103,discovered
RUNX2,TOMM34,0.3314,discovered
HEY1,IRF8,0.5643,discovered
TWIST1,GATA3,0.3421,discovered
TP53,PF4,0.3514,discovered
FOS,PDGFRA,0.6332,discovered
AR,CCNB1,0.38,discovered
TRRAP,CCL2,0.3748,discovered
ETS1,REST,0.3044,discovered
SP1,JAG1,0.504,discovered
PER2,HLA-DOB,0.5224,discovered
CYP1A2,MMP13,0.3278,discovered
BMI1,NT5E,0.3063,discovered
TBXT,CDKN1A,0.3923,discovered
TBX21,TIMP1,0.5354,discovered
AR,FABP6,0.3513,discovered
EGFR,FOS,0.3069,discovered
RELA,LDLR,0.3274,discovered
CEBPD,GAD1,0.3474,discovered
NR3C1,ASCL1,0.3344,discovered
BACH2,DNMT1,0.6246,discovered
CCNB1,MTOR,0.5043,discovered
DEC1,DDIT4,0.3877,discovered
BCL3,SOD2,0.4576,discovered
SMAD4,CDKN2C,0.4033,discovered
LEF1,GSTP1,0.3318,discovered
GATA1,RET,0.3314,discovered
CYP7B1,LYL1,0.5371,discovered
THRA,ZNF202,0.3434,discovered
ZNF24,BAD,0.3573,discovered
TFPT,MMACHC,0.3968,discovered
NKX3-1,SCD,0.3664,discovered
AKT1,CFLAR,0.5306,discovered
ETS1,CDKN2B,0.3599,discovered
PRTN3,SIDT1,0.4744,discovered
CTNNB1,VEGFA,0.3867,discovered
CDK4,NQO1,0.4578,discovered
HSD3B1,SNAI2,0.6452,discovered
ATF7,SLC22A4,0.5373,discovered
CDK4,TAF7,0.3887,discovered
EGR1,ICAM1,0.3536,discovered
JARID2,HLA-C,0.321,discovered
HDAC1,PTPA,0.6254,discovered
STAT3,SOCS2,0.4453,discovered
CTCF,COX1,0.3487,discovered
ERBB3,CA9,0.5596,discovered
HNF4A,TNF,0.3649,discovered
WT1,GML,0.369,discovered
BRCA1,BRS3,0.4381,discovered
STAT3,TNFRSF1B,0.5538,discovered
CIITA,COX1,0.3315,discovered
PRG2,HLA-DRB1,0.6629,discovered
FGF9,SMAD2,0.3298,discovered
NKX2-1,ALOX12,0.5462,discovered
STAT1,CAPNS1,0.4901,discovered
IRF7,LEF1,0.4759,discovered
HSF1,IFNG,0.3047,discovered
GATA1,IDE,0.327,discovered
L1CAM,CFTR,0.4214,discovered
MST1,SLC1A3,0.7155,discovered
CCNE1,LOXL4,0.6053,discovered
PAX8,BARX2,0.5208,discovered
EP300,ITGAX,0.3767,discovered
ELK1,MEF2A,0.3683,discovered
LDHA,AKT1,0.4862,discovered
CYP46A1,ADAM23,0.6212,discovered
SCAI,CYP27A1,0.3486,discovered
MYB,AR,0.467,discovered
MEF2A,NPY,0.7061,discovered
TNFRSF10B,ERBB2,0.5104,discovered
NFKB1,BHLHE41,0.4113,discovered
MTOR,HBE1,0.6772,discovered
SP1,NAB2,0.5707,discovered
FOS,DBH,0.3437,discovered
NFKB1,CTNNB1,0.3421,discovered
MAFB,AHR,0.5118,discovered
ESR1,IL2,0.4907,discovered
SPP1,TP53,0.375,discovered
ATF6,PPM1D,0.4691,discovered
MYCN,CPD,0.4272,discovered
PARP1,CTGF,0.3991,discovered
CAPN10,IPO7,0.5814,discovered
CYP11A1,DHFR,0.3192,discovered
NONO,SMAD3,0.537,discovered
ATF3,CHEK2,0.5304,discovered
JUN,TNPO1,0.4584,discovered
RUNX2,ECT2,0.4991,discovered
KLF1,SNAI2,0.539,discovered
EGLN1,SCTR,0.3775,discovered
ATF4,DUX4,0.3942,discovered
E2F1,NTRK3,0.3444,discovered
IRF1,LDHA,0.5858,discovered
GATA3,STARD7,0.7197,discovered
PKM,ELANE,0.4527,discovered
GATA3,SOCS1,0.4697,discovered
RB1,TOE1,0.4865,discovered
MLLT10,SOD1,0.596,discovered
FOXM1,BCAR1,0.3013,discovered
MYC,CGA,0.4531,discovered
BABAM2,UGT1A6,0.5554,discovered
CEBPE,NF1,0.3635,discovered
ATF4,VDR,0.5497,discovered
RELA,APC,0.3295,discovered
USF2,KDR,0.3677,discovered
KIT,RUNX2,0.4445,discovered
SFRP1,CD4,0.3555,discovered
RB1CC1,VEGFD,0.4831,discovered
PPARA,SATB2,0.5024,discovered
SP1,CD40,0.3038,discovered
EWSR1,CYP2C9,0.4014,discovered
CDH2,L1TD1,0.4273,discovered
PIAS2,TFF2,0.3622,discovered
KPNA2,MAP4,0.3956,discovered
NANOG,BAD,0.3534,discovered
REST,NQO1,0.4946,discovered
CPT1A,MPL,0.6206,discovered
STAT4,MTF1,0.4831,discovered
WT1,FUT7,0.3923,discovered
ZIC1,HBE1,0.4877,discovered
CEBPB,MATN1,0.3228,discovered
IL21,ETS1,0.5102,discovered
USF1,DKK1,0.3734,discovered
IRF1,NOS2,0.3877,discovered
FOXM1,CYP17A1,0.4103,discovered
MYBL2,CES1,0.3852,discovered
IRF1,SKIL,0.5891,discovered
IRF1,IL5,0.3227,discovered
SERPINE1,IGF1,0.4102,discovered
PLAG1,ZNF300,0.3903,discovered
S100A11,NFKB1,0.7253,discovered
CLOCK,DNMT1,0.6729,discovered
ASH1L,SNAI2,0.3127,discovered
ILK,PTGER2,0.4621,discovered
SP4,CDKN1A,0.4578,discovered
MYC,CREB1,0.3663,discovered
EGR1,TAP2,0.3496,discovered
RELA,SLC6A3,0.4364,discovered
DMD,BCAS3,0.4636,discovered
NR1H4,ZNF268,0.5308,discovered
NR1H4,CCNB1,0.3494,discovered
STAT1,FOXD3,0.5615,discovered
HDAC1,NPHS1,0.5313,discovered
SERTAD1,RORC,0.3153,discovered
ACE2,CAT,0.3213,discovered
NFKB1,PRM1,0.3773,discovered
ESR1,ARG1,0.3869,discovered
DNMT1,FES,0.4235,discovered
SP1,WTAP,0.3993,discovered
DEDD,ID3,0.382,discovered
IER3,GJA5,0.6679,discovered
HDAC10,PRDM2,0.5293,discovered
HDAC2,YES1,0.4521,discovered
DVL1,MMP7,0.5159,discovered
FGFR1,HPGDS,0.3697,discovered
SP1,CIAO1,0.3982,discovered
ARNT,SNAI1,0.6268,discovered
IFNA2,S100P,0.4801,discovered
BRCA1,FHL2,0.3647,discovered
MCM5,CYP2C9,0.392,discovered
EP300,GSC2,0.3263,discovered
RRM2,ITGAV,0.4908,discovered
NPAS2,DST,0.3537,discovered
NR1I2,FUT4,0.6239,discovered
MEF2D,CCND1,0.3998,discovered
TP53,LAMA1,0.3478,discovered
MITF,MMP9,0.4573,discovered
ATM,CDK4,0.3722,discovered
RB1,IGFBP1,0.5013,discovered
ZNF143,OXTR,0.4955,discovered
PDGFRA,MCL1,0.4822,discovered
STAT1,ALB,0.3079,discovered
GLI3,UGDH,0.3808,discovered
NFKB1,KRT20,0.4215,discovered
YY1,IL10,0.4393,discovered
ANAPC4,CEACAM1,0.4767,discovered
CDK4,IL1RN,0.4616,discovered
COL7A1,BRD3,0.3996,discovered
LEF1,EPO,0.4865,discovered
APC,CASP8,0.5209,discovered
REST,PTGS2,0.499,discovered
PPARG,CXCL10,0.4967,discovered
NFKB1,RAG1,0.3404,discovered
GUSB,APOC3,0.4154,discovered
ILK,TUBB3,0.3266,discovered
TNFRSF13C,AR,0.4912,discovered
EGR1,FABP4,0.3547,discovered
SMAD4,CDK2,0.4715,discovered
NF1,TNIP3,0.4468,discovered
NOTCH2,APOA2,0.3096,discovered
CREB1,PLK1,0.3763,discovered
HDAC4,CYP11A1,0.4091,discovered
MYC,RELA,0.4764,discovered
NANOG,XRCC1,0.3598,discovered
CEBPB,TGFB1,0.4973,discovered
GATA3,PHGDH,0.3382,discovered
HDAC4,SOX11,0.32,discovered
SOX10,RPTOR,0.4165,discovered
IL17RB,FGFR1,0.4966,discovered
SMURF2,KIF2C,0.457,discovered
RARA,SHOX2,0.6148,discovered
ATF1,CDKN1A,0.35,discovered
CYP24A1,ITGB3BP,0.6417,discovered
STAT5B,KDM6A,0.7275,discovered
JUN,MTA2,0.4209,discovered
TRIM28,CDK1,0.3209,discovered
CEBPB,CAMP,0.4536,discovered
STAT1,SMAD2,0.3208,discovered
PTMA,PLAU,0.4228,discovered
JUND,PIGR,0.6295,discovered
STAT3,SIRT1,0.3617,discovered
JARID2,AIRE,0.4005,discovered
SPI1,RAF1,0.4009,discovered
ALB,PDK2,0.3982,discovered
CEBPA,SALL2,0.3525,discovered
ATF2,ECT2,0.5013,discovered
MTA1,ZNF350,0.4358,discovered
CREM,REEP5,0.3893,discovered
SNAI1,ITGB2,0.462,discovered
MYCN,DAP3,0.3066,discovered
SIRT1,CDK6,0.4559,discovered
KRT10,RAB3A,0.4315,discovered
POU5F1,GREB1,0.3287,discovered
PGR,ICAM1,0.3812,discovered
NOTCH2,IL1B,0.5368,discovered
ELF3,MYBL2,0.4762,discovered
SPN,IGF2BP1,0.4939,discovered
SNIP1,AGT,0.4517,discovered
WWP1,MT1E,0.6427,discovered
BRCA1,LATS2,0.4019,discovered
CYP11B1,HLA-F,0.7163,discovered
PAX5,BIRC7,0.54,discovered
KLF4,E2F1,0.4069,discovered
USF1,TNF,0.4375,discovered
SPI1,MAFF,0.3051,discovered
PAX5,SOCS2,0.3126,discovered
MLH1,NFYB,0.4874,discovered
E2F3,CCR7,0.4337,discovered
SIRT3,GLS,0.4832,discovered
HDAC1,MAP3K1,0.4418,discovered
IFI16,IL6R,0.5283,discovered
STAT6,FLI1,0.3248,discovered
CREB1,FGF8,0.375,discovered
MYCN,MAFF,0.3757,discovered
TP53,KRAS,0.4144,discovered
MYC,ATG7,0.4772,discovered
NRF1,DVL1,0.5436,discovered
MECP2,SPP1,0.4301,discovered
RBL1,CEP55,0.692,discovered
FOSL2,ABCA3,0.3241,discovered
ATF3,TFF1,0.3332,discovered
PAX5,MPG,0.33,discovered
RB1,TALDO1,0.5859,discovered
IGF2,FOXF1,0.4513,discovered
RELA,RAD51,0.3931,discovered
POU3F2,PLAU,0.5436,discovered
FOXM1,ZNF300,0.3738,discovered
RICTOR,FADD,0.4472,discovered
ZEB1,XPC,0.4305,discovered
MEN1,ETV1,0.3236,discovered
WT1,NDUFV2,0.4246,discovered
KLF5,NOTCH4,0.4489,discovered
GBP1,HLA-DQB1,0.3896,discovered
BRAF,CLDN7,0.5216,discovered
KRAS,CDKN2B,0.4576,discovered
RELA,CEBPB,0.5003,discovered
HOXB7,SYTL4,0.3761,discovered
DAPK2,SLC31A1,0.5025,discovered
RUNX1,NDRG2,0.6728,discovered
LMX1B,IGF2,0.4642,discovered
MEN1,UXT,0.4868,discovered
RARA,MCTS1,0.5597,discovered
TRAP,PIK3R3,0.3289,discovered
RUVBL1,APOA2,0.438,discovered
CEBPB,E2F1,0.3108,discovered
SFTPC,RAG2,0.3047,discovered
MLL4,PTGIR,0.5473,discovered
RELA,ASPM,0.3417,discovered
SP1,PML,0.3202,discovered
JUN,NOV,0.3781,discovered
CYP11B1,TCF4,0.4676,discovered
MSX2,PLAUR,0.4493,discovered
NR2F2,GSK3B,0.3788,discovered
POU5F1,E2F8,0.3891,discovered
CREM,COPS5,0.4257,discovered
PITX1,STAT1,0.6265,discovered
TEF,DNMT1,0.3494,discovered
RELA,CD274,0.4835,discovered
MYCN,RICTOR,0.6233,discovered
ZEB1,FMO3,0.4221,discovered
CLOCK,HOXA10,0.3653,discovered
MLH1,RASGRP3,0.306,discovered
JUND,TMPRSS2,0.4328,discovered
NSFL1C,ONECUT2,0.4737,discovered
JDP2,CDC25A,0.3955,discovered
EGR1,HPSE2,0.4126,discovered
TRAF6,HOPX,0.4959,discovered
GATA1,SRR,0.3341,discovered
HLA-DRB3,ABCG2,0.4795,discovered
HDAC7,ZNF300,0.3093,discovered
ATP6V0A2,CITED2,0.3383,discovered
NFKB1,ADAM17,0.4515,discovered
MYC,CEACAM5,0.3481,discovered
RELA,HLA-DRB3,0.4365,discovered
CREG1,FOS,0.4702,discovered
ALDH1A1,FURIN,0.5537,discovered
KLF2,HBB,0.4049,discovered
CD274,ARG1,0.4339,discovered
HNF4A,RCC1,0.3547,discovered
FOXD3,FASLG,0.3838,discovered
MPZ,NR0B1,0.4397,discovered
DLX3,GREB1,0.3861,discovered
ERCC2,ERBB2,0.348,discovered
STAT1,GSK3B,0.5844,discovered
SP3,HSPD1,0.4915,discovered
KLF2,POR,0.3239,discovered
RASGEF1B,CYP7A1,0.5044,discovered
BRCA1,PPARGC1A,0.5252,discovered
HOXA1,BCL6,0.4187,discovered
RB1,FABP2,0.4703,discovered
CEBPB,IRF5,0.466,discovered
PEG3,HPSE,0.3618,discovered
STAT3,MET,0.484,discovered
TP53,FBP1,0.3855,discovered
POU2F1,ATXN7,0.6139,discovered
NFE2L2,DCC,0.4072,discovered
CDC42BPG,SLC9A1,0.4462,discovered
TLE3,CCND1,0.3896,discovered
KLF4,SHOX,0.4403,discovered
RFX1,JAG1,0.3515,discovered
THBS1,GABPA,0.3171,discovered
EIF2AK2,COL11A2,0.6103,discovered
REL,TGFBR2,0.5683,discovered
PAX4,COL4A2,0.4425,discovered
CEBPA,BUB1B,0.4102,discovered
TGFBR1,CASP8,0.5257,discovered
CDKN3,MUC5AC,0.3241,discovered
PAX6,FOXA1,0.4813,discovered
EED,MUC2,0.348,discovered
CEBPB,RARRES1,0.4339,discovered
SEPT7,MIR708,0.338,discovered
YY1,ADRA1A,0.4266,discovered
PEG10,RCAN1,0.5963,discovered
NR2F1,CRYAB,0.3313,discovered
HMGA1,VEGFD,0.726,discovered
STAT3,TMPO,0.4565,discovered
CYP2F1,TLR9,0.3672,discovered
RELA,CCNA2,0.5317,discovered
HDAC5,EZR,0.3276,discovered
HIF1A,SMAD3,0.3312,discovered
STAT1,ODC1,0.5334,discovered
CDX2,CFB,0.4611,discovered
GNRH2,SNRPN,0.4505,discovered
SP3,GRHL2,0.4261,discovered
ID3,ALDH1A1,0.5897,discovered
JUN,MAD1L1,0.4909,discovered
PBX2,TUBB3,0.3249,discovered
EZH2,ALOX5,0.4646,discovered
BAD,HES1,0.4406,discovered
SHOX2,LAG3,0.4939,discovered
ELK1,LRIG2,0.3524,discovered
CDX2,GNRH2,0.3721,discovered
FOXM1,E2F8,0.5144,discovered
ARG2,SLC5A8,0.3198,discovered
PLXNA1,BRAF,0.3724,discovered
TCF3,ZEB1,0.4192,discovered
NCOA3,NPPB,0.4782,discovered
FGF16,GRM2,0.4914,discovered
RFX5,DNMT3A,0.3164,discovered
SREBF1,NKX3-1,0.3503,discovered
TBP,PAPSS2,0.429,discovered
SP1,CDKN2C,0.3767,discovered
BRCA1,POLK,0.3971,discovered
E2F1,UGT1A9,0.4241,discovered
GATA1,CCR5,0.5238,discovered
XPC,CYP17A1,0.3677,discovered
RELA,HLA-DRB4,0.6287,discovered
SF1,LCAT,0.5098,discovered
SP1,MYL9,0.3923,discovered
NFKB1,CTNNBIP1,0.4942,discovered
AKT1,DUSP6,0.651,discovered
SOX9,HLA-DOB,0.354,discovered
OXT,GAST,0.3789,discovered
PBX2,MDM2,0.666,discovered
PSMB10,LPL,0.3082,discovered
RFXANK,CCND1,0.3414,discovered
TLX1,ATG5,0.4181,discovered
SOX2,IL2RA,0.3732,discovered
SP1,RB1,0.4456,discovered
STAT4,LPAR2,0.5963,discovered
TSC1,EDEM2,0.3792,discovered
PTMA,CD36,0.3455,discovered
POU4F2,ARHGEF1,0.4616,discovered
HDAC9,TNFRSF12A,0.4419,discovered
PGR,PAWR,0.3579,discovered
WASF3,TUBB3,0.5847,discovered
ERAP2,CCND1,0.4818,discovered
NFAT5,GNRH1,0.4269,discovered
ARNT,CD22,0.331,discovered
POU3F1,ASCL2,0.4639,discovered
ETS1,SUZ12,0.429,discovered
NKX6-1,LRP5,0.5943,discovered
BAX,ESRRA,0.59,discovered
TFCP2,DNMT3B,0.3467,discovered
ICAM3,AKR1C4,0.535,discovered
SP1,DDR2,0.3641,discovered
KRAS,GFI1B,0.4733,discovered
CDKN1A,HLA-G,0.3607,discovered
BRD4,TIMP1,0.4894,discovered
PHF10,UGT2B7,0.3137,discovered
NLRC4,IFNL3,0.6222,discovered
STAT1,CITED2,0.6155,discovered
HLA-DRA,PRKCB,0.6273,discovered
RBL1,ID3,0.429,discovered
AHRR,AR,0.3469,discovered
POR,AURKA,0.3629,discovered
HDAC3,MCL1,0.3056,discovered
HOXA9,PTPN6,0.6239,discovered
KRAS,CYP3A5,0.3222,discovered
SP1,HLA-E,0.3397,discovered
MYB,SOCS1,0.3758,discovered
HIF1A,CD82,0.4913,discovered
ZNF350,CEBPA,0.3233,discovered
TWIST1,HSPA5,0.5614,discovered
PAX6,NOS3,0.4865,discovered
PLK1,HBG1,0.6531,discovered
CEBPA,SNAI3,0.3566,discovered
NR3C1,PENK,0.4019,discovered
SIRT1,EPOR,0.6623,discovered
BCL2A1,RHOA,0.3892,discovered
JAK2,EGFR,0.4586,discovered
PPARA,MAT2A,0.3467,discovered
EZH2,CD44,0.3223,discovered
SERTAD1,SPINK4,0.4985,discovered
RB1,HBZ,0.3902,discovered
POU2F2,TYR,0.447,discovered
TNFRSF9,SMAD4,0.3283,discovered
CEBPA,FOS,0.4429,discovered
MYC,APOB,0.3735,discovered
NPAS2,ING2,0.3159,discovered
E2F4,IL12B,0.4796,discovered
TAL1,AR,0.4033,discovered
CEBPA,THY1,0.5387,discovered
ATF3,NLRP2,0.4443,discovered
WT1,SLC2A1,0.3722,discovered
HLA-DRB5,TERT,0.4151,discovered
KCNH2,SKP2,0.3793,discovered
CXCL14,FCGR3B,0.6362,discovered
MAVS,PLTP,0.3184,discovered
SOX18,BRAF,0.3103,discovered
BAX,PNOC,0.4107,discovered
FOXP3,MMP1,0.3033,discovered
SUZ12,COL1A1,0.3806,discovered
EPAS1,IL23A,0.4651,discovered
FOXP2,VEGFA,0.5211,discovered
MYC,SLC2A1,0.4846,discovered
NANOG,BTG2,0.3604,discovered
HAND2,ERAP2,0.3197,discovered
ATM,IGFBP3,0.625,discovered
SMARCA1,COL2A1,0.3561,discovered
POU3F2,COX6A1,0.3489,discovered
KLF12,SOCS1,0.3144,discovered
CCND1,ATP2A2,0.4706,discovered
SOX9,PAX2,0.3375,discovered
AR,SDHB,0.358,discovered
PTTG1,CDH1,0.3084,discovered
JUND,KISS1,0.4987,discovered
PPARG,MMP2,0.3269,discovered
STAT3,SLC6A3,0.5763,discovered
KLF1,MRVI1,0.4514,discovered
TNFSF14,FN1,0.5199,discovered
JUND,SMAD4,0.3983,discovered
HNF1A,SLC22A3,0.7893,discovered
RFXAP,CTNNB1,0.3717,discovered
DNAJC12,PTPRO,0.5851,discovered
SRY,TP53,0.5134,discovered
FOXP3,NR1I3,0.3962,discovered
NFIC,CCND1,0.4549,discovered
INO80,HDAC7,0.7974,discovered
KCNIP3,INSR,0.5417,discovered
EGR1,ACACB,0.4581,discovered
TP53,SMAD4,0.3959,discovered
NOTCH3,CCNB1,0.5891,discovered
SP3,NEDD4L,0.4171,discovered
AKR1C3,BIRC7,0.3932,discovered
HBG1,ARX,0.5542,discovered
CEBPA,CDH1,0.3659,discovered
BCL2,FASLG,0.5784,discovered
SP1,CD82,0.4408,discovered
CREBBP,CYR61,0.4052,discovered
LIN54,FGFR3,0.4839,discovered
HOXD9,MEIS1,0.4861,discovered
HDAC1,FAP,0.5144,discovered
HES1,MCPH1,0.4351,discovered
TP53,CIC,0.3771,discovered
PPARA,PDGFRA,0.4105,discovered
SRY,SSPN,0.6878,discovered
STAT3,CD28,0.383,discovered
MIR202,IRF1,0.4977,discovered
TNF,IL5RA,0.6235,discovered
STAT1,WT1,0.4144,discovered
WDFY4,IGFBP3,0.3358,discovered
SP3,DSG4,0.3681,discovered
KRT10,CGB3,0.3208,discovered
SP1,SELL,0.3205,discovered
STAT5A,SOD2,0.3185,discovered
CTSB,CCND2,0.4984,discovered
NR1I3,VEGFA,0.3141,discovered
WT1,IHH,0.4229,discovered
PRNP,PBXIP1,0.4892,discovered
KRAS,SH3BP2,0.5276,discovered
EBF1,ASXL1,0.3594,discovered
KPNA2,HP,0.3968,discovered
SMAD2,POLR1A,0.4651,discovered
STAT6,FAM162A,0.4641,discovered
FOXQ1,HLA-DRA,0.3277,discovered
SPI1,EGLN3,0.3484,discovered
GTF3C1,CD3G,0.7657,discovered
TSC2,GH1,0.3078,discovered
E2F1,MME,0.3618,discovered
HIC1,UTRN,0.6831,discovered
HAND2,CETP,0.3564,discovered
USF1,MMP14,0.3211,discovered
CAPNS1,RPS3A,0.3363,discovered
POU2F1,HES1,0.3107,discovered
MYC,TRPC1,0.4831,discovered
HIC1,FOLR1,0.4999,discovered
PARP1,IPO7,0.452,discovered
HES1,LRRFIP1,0.4084,discovered
NFKB1,HSD17B11,0.3747,discovered
CTNNB1,GTF2A1,0.4279,discovered
ARID1A,PHB,0.3452,discovered
SIM2,HSD3B2,0.3084,discovered
XPC,C4A,0.4103,discovered
EGR1,HIP1R,0.3436,discovered
ATF1,VEGFA,0.4873,discovered
DAPK2,CYP3A4,0.3782,discovered
NFKB1,FOXM1,0.6813,discovered
HSF1,CTNNB1,0.494,discovered
DR1,SOX10,0.4844,discovered
AR,CDKN2A,0.4876,discovered
HDAC1,NR2F1,0.5241,discovered
HDAC1,SFTPB,0.5325,discovered
RELA,HLA-B,0.4562,discovered
SP3,F8,0.4481,discovered
HEY1,MUC4,0.4156,discovered
NR1H2,TRAF1,0.3283,discovered
HIC1,PTPRZ1,0.4328,discovered
TSIX,TP53,0.5048,discovered
JUN,FGF4,0.3471,discovered
NFIA,ETV4,0.3101,discovered
DNMT1,PER2,0.7174,discovered
CTNNB1,HLA-DOB,0.5927,discovered
ATR,PELO,0.3454,discovered
VIM,NOS3,0.4204,discovered
PURA,NODAL,0.3762,discovered
BMI1,HLA-DPA1,0.6684,discovered
SP1,MCL1,0.3237,discovered
HK2,LEF1,0.4478,discovered
HDAC4,ZEB1,0.3575,discovered
TP63,DDB1,0.5741,discovered
E2F7,GDA,0.4507,discovered
NR1I3,HMGA2,0.3987,discovered
SP2,PKNOX1,0.3775,discovered
RAD9A,CD1D,0.4249,discovered
STAT3,ALOX5,0.5358,discovered
SNAI1,E2F1,0.4424,discovered
NFKBIA,SUZ12,0.4955,discovered
TFAP2A,CYP19A1,0.4075,discovered
TNFAIP3,PLAC1,0.3851,discovered
CREM,EPAS1,0.4264,discovered
CEBPA,NFIA,0.3888,discovered
USF2,ITGA2,0.5945,discovered
ABCC2,ABCB1,0.3092,discovered
IRF5,SLC2A1,0.359,discovered
RREB1,NPPB,0.5243,discovered
ETS1,FLT3,0.514,discovered
TFAP2A,CD2AP,0.5172,discovered
IL1B,CXCL1,0.3136,discovered
SP4,AMH,0.3553,discovered
DNMT1,NR4A1,0.4084,discovered
HDAC1,VDR,0.3336,discovered
YY1,SPP1,0.3619,discovered
USF1,KCNN2,0.319,discovered
FOXP2,IFNG,0.5514,discovered
MEN1,L1CAM,0.6767,discovered
GATA4,NFIL3,0.4433,discovered
CLCN5,HSD17B1,0.3457,discovered
SPI1,SREBF1,0.4659,discovered
SFRP1,ACADL,0.4397,discovered
NANOG,NFKB1,0.4607,discovered
NPAS2,CBFB,0.3633,discovered
MYC,CAT,0.3575,discovered
SPI1,MMP7,0.5915,discovered
MSX1,MUC5AC,0.4248,discovered
DNMT3L,HSD3B1,0.388,discovered
HDGF,S100A6,0.4081,discovered
MYC,IFNB1,0.3328,discovered
RELA,TIMP2,0.313,discovered
EGR1,COPS5,0.304,discovered
PER2,SURF1,0.4023,discovered
CEBPB,SLC39A3,0.3897,discovered
NR4A1,NAMPT,0.5082,discovered
SNAI2,THBD,0.6138,discovered
VDR,BCAS2,0.3153,discovered
KRT13,GNRH1,0.347,discovered
YY1,ATG5,0.4037,discovered
E2F1,PLAU,0.5383,discovered
TRIB3,RBBP8,0.6204,discovered
APC,TDG,0.5318,discovered
MLLT3,MME,0.3319,discovered
SYTL4,CRP,0.5052,discovered
HSF1,NKX3-1,0.4366,discovered
MAP3K5,TXN,0.3881,discovered
HSF2,RSPO2,0.4422,discovered
NCOA4,PSG3,0.3365,discovered
FOXA1,CYP2C19,0.4321,discovered
MYC,HSP90AA1,0.3279,discovered
EGR3,TFF1,0.3445,discovered
TFDP3,ERBB2,0.526,discovered
OTX2,EDN1,0.3111,discovered
STAT3,CD40LG,0.6245,discovered
AIP,CCAR2,0.5924,discovered
DEAF1,IRF5,0.3207,discovered
TRAF1,HOXA10,0.4736,discovered
SMAD4,F8,0.3755,discovered
RELA,HLA-E,0.4037,discovered
ASPH,DLK1,0.7116,discovered
GATA2,PRM1,0.5184,discovered
EGR1,DES,0.6184,discovered
ZEB2,MLH1,0.3154,discovered
VEGFD,TDG,0.4515,discovered
VHL,TRA,0.435,discovered
SP1,GP6,0.3631,discovered
MYCN,JUN,0.3629,discovered
TFAP2A,CD4,0.3365,discovered
WNT2B,CHEK1,0.5419,discovered
EPAS1,CKM,0.3815,discovered
STAT3,EED,0.519,discovered
PPARA,SNAI2,0.3427,discovered
EPAS1,MIR202,0.4689,discovered
CCNG2,S100A4,0.4877,discovered
BNIP3,HNRNPA2B1,0.4644,discovered
PAX6,OGN,0.3205,discovered
GTF2I,CIAO1,0.6121,discovered
SP2,PPP2R2D,0.7006,discovered
HIF1A,GUSB,0.461,discovered
USF2,SALL4A,0.4523,discovered
NANOG,MEIS2,0.324,discovered
MAP2K1,SLCO1B3,0.4949,discovered
ADARB2,ROR1,0.4176,discovered
HIF1A,ERVW-1,0.6416,discovered
GTF2I,BRCA1,0.4585,discovered
STAT3,HLA-A,0.3196,discovered
CD38,TAP2,0.4249,discovered
CREG1,AFP,0.4284,discovered
HNF1A,TP53,0.434,discovered
ATF6,CDK4,0.5504,discovered
RUNX3,S100A9,0.6604,discovered
MYB,MUC6,0.398,discovered
ESR1,IRS2,0.3619,discovered
TIAL1,SNAI1,0.4034,discovered
RB1,TNF,0.4061,discovered
PPARD,AGR2,0.5523,discovered
ETS1,ATF4,0.5594,discovered
SP1,COL10A1,0.4259,discovered
IFNA13,CCND1,0.5216,discovered
RFXAP,RNASEL,0.4728,discovered
MAX,RB1,0.3677,discovered
RB1,JUN,0.3392,discovered
GFI1,MYC,0.6312,discovered
NOTUM,MYC,0.5909,discovered
ARNT,CETP,0.6447,discovered
MDM4,MUC17,0.5013,discovered
ATP6V0A2,SART3,0.5779,discovered
CDKN1A,MFSD2A,0.5313,discovered
YY1,LAG3,0.3268,discovered
ZNF148,SERPINE1,0.47,discovered
TAL1,SLC22A6,0.5588,discovered
CDH1,TP53INP1,0.3751,discovered
APOA1,EAPP,0.4082,discovered
TCF4,ALB,0.4488,discovered
NKX3-1,POU3F2,0.3018,discovered
FPGS,HSPA4,0.3041,discovered
RAD51,SMAD4,0.5379,discovered
TFAP2A,PTPN6,0.319,discovered
CREB3L1,CDKN2B,0.391,discovered
AHR,SMN1,0.6411,discovered
PPARG,TF,0.5739,discovered
FOXM1,DUSP4,0.4568,discovered
CHEK1,FGF4,0.3828,discovered
MYC,NR2E3,0.572,discovered
UPF3B,CDC34,0.4224,discovered
STAT1,TSC22D1,0.4833,discovered
MET,TPMT,0.3832,discovered
AHR,ESR1,0.3892,discovered
ING1,NQO1,0.3345,discovered
NFKB1,PSMD11,0.507,discovered
CD247,PDK4,0.6009,discovered
PAX5,UGT1A4,0.5165,discovered
FOS,TYMS,0.3197,discovered
EPAS1,ANAPC4,0.3717,discovered
CDH1,BRCA2,0.6388,discovered
SP3,XIAP,0.3411,discovered
TCF4,HRH1,0.3591,discovered
CCNE1,PTGFR,0.5725,discovered
CIITA,ASPM,0.4387,discovered
APC,MYCN,0.4109,discovered
HINFP,GATA5,0.5602,discovered
STAT3,ZNF24,0.3425,discovered
ALOX15B,NOS2,0.5375,discovered
RUNX2,LDHA,0.4982,discovered
FOXJ1,C4A,0.4849,discovered
GSTA1,SPI1,0.3879,discovered
ELK4,ZEB1,0.333,discovered
GUSB,FMO3,0.3378,discovered
CIITA,CD4,0.3706,discovered
SMARCA4,MMP1,0.3331,discovered
FOXD3,TRPS1,0.4119,discovered
RUNX1,CD86,0.458,discovered
CREM,MYH10,0.422,discovered
RB1,NF1,0.4756,discovered
ST3GAL5,MCM3,0.3311,discovered
CSF3R,CD40LG,0.3936,discovered
RELA,KLF6,0.6472,discovered
E2F6,PDGFRA,0.5181,discovered
GREB1,PRRX1,0.3339,discovered
HDAC1,AKT1,0.4138,discovered
NR5A1,INS,0.3635,discovered
B4GALT1,EGR1,0.5691,discovered
IL1R2,CASP3,0.4958,discovered
IRF2,EIF2AK1,0.3704,discovered
CEBPB,EAPP,0.4858,discovered
STAT1,HBEGF,0.383,discovered
JUN,E2F1,0.3178,discovered
DNMT1,IPO7,0.5415,discovered
ELF1,APOC3,0.5342,discovered
TWIST2,GDA,0.4974,discovered
PTTG1,MCM10,0.3509,discovered
CCND1,TSHB,0.5502,discovered
HOXD9,MMP11,0.5571,discovered
VDR,LEF1,0.3322,discovered
NR1H4,RHO,0.6041,discovered
MYCN,FASLG,0.3322,discovered
JUN,ZNF148,0.6356,discovered
SIRT1,P4HA1,0.4726,discovered
EGFR,CREM,0.7932,discovered
SP4,FLI1,0.5093,discovered
USP21,ZIC1,0.3301,discovered
SP1,SLCO1B3,0.5228,discovered
SMARCA1,MMP12,0.4378,discovered
WT1,CCL4,0.3556,discovered
KRT16,POLD2,0.5172,discovered
BNIP3,FGF10,0.4541,discovered
CEBPA,KIF2C,0.3563,discovered
LTC4S,E2F3,0.4376,discovered
UBE2D3,SMN1,0.4731,discovered
CCNB1,KLF6,0.3829,discovered
JUN,DGCR5,0.363,discovered
GRIP1,CDKN2B,0.3717,discovered
XBP1,SOCS3,0.4292,discovered
FOXF2,CAPN6,0.4037,discovered
MYC,NKX2-1,0.5634,discovered
LEF1,ACAN,0.5699,discovered
KAT2B,POLB,0.3227,discovered
SIRT1,MDM2,0.4865,discovered
EAF1,TCF4,0.4303,discovered
NR2C2,BTG3,0.409,discovered
ATOH1,IGK,0.5037,discovered
NFKB1,PDGFRA,0.3189,discovered
ADGRB1,ITGA9,0.6365,discovered
NFATC1,SPRY2,0.3016,discovered
PARP1,AR,0.7428,discovered
TP53,HOXB13,0.5354,discovered
SHOX,HSF1,0.3541,discovered
STAT3,HEY1,0.3371,discovered
MECP2,NRAS,0.6642,discovered
SMAD4,PLOD1,0.327,discovered
CDC20,HDC,0.3307,discovered
DMD,MRVI1,0.3794,discovered
LOXL4,NR4A1,0.3775,discovered
PPARA,FGFR4,0.4428,discovered
UHRF1BP1,MAPK1,0.4322,discovered
HSF1,HEY1,0.4159,discovered
TCF3,FASN,0.4034,discovered
WT1,IBSP,0.3899,discovered
STAT3,PDK2,0.3395,discovered
CTNNB1,PLTP,0.362,discovered
HOXD3,BLK,0.495,discovered
JAG1,OPRM1,0.4342,discovered
TP73,NOX1,0.4026,discovered
TCN2,MCM4,0.5468,discovered
SDC1,SMAD3,0.3152,discovered
RELA,RARA,0.5685,discovered
TSG101,DEC1,0.3959,discovered
HDAC1,PCK2,0.3668,discovered
MYF6,CX3CL1,0.4042,discovered
RFXANK,PGR,0.3395,discovered
TSG101,BCL6,0.4875,discovered
GPNMB,PCK2,0.5149,discovered
MYOD1,IL1B,0.7058,discovered
MEF2D,ITGB3,0.3862,discovered
GATA3,SLC3A2,0.4729,discovered
GKN2,LRP5,0.3657,discovered
YY1,CXCL14,0.4891,discovered
E2F1,WRN,0.416,discovered
KIN,STAT3,0.4071,discovered
HNF1A,PPARGC1A,0.4637,discovered
TP63,IRF5,0.3382,discovered
STAT5,SOX3,0.3173,discovered
TEF,SLC5A5,0.4321,discovered
HIF1A,RFXAP,0.4476,discovered
H2AFX,CD44,0.4771,discovered
IRF1,SOS1,0.3222,discovered
HEXIM1,EP300,0.5243,discovered
RXRA,TOMM34,0.5874,discovered
ZNF202,DSG4,0.5833,discovered
ZNF24,ATF5,0.6056,discovered
TP53,PTGS2,0.4029,discovered
IRF7,ARNTL,0.3854,discovered
KCNIP3,PDHA1,0.4019,discovered
TCF4,MSH2,0.3596,discovered
SND1,PCNA,0.7056,discovered
STAT3,TFAP4,0.3236,discovered
IRF3,ATR,0.4717,discovered
SOX18,POU5F1,0.5267,discovered
FOXA1,IGF2,0.4742,discovered
GATA3,GTF2A1,0.5507,discovered
COP1,SMURF2,0.4917,discovered
HDAC4,COL2A1,0.3507,discovered
TP53,HBE1,0.4009,discovered
HDAC1,RASGEF1B,0.5523,discovered
SIAH1,DCT,0.4449,discovered
DGKG,PTGES,0.3535,discovered
EP300,VWF,0.4071,discovered
RELA,PDGFRA,0.3202,discovered
NCOA4,PCSK6,0.46,discovered
HNF1A,MYC,0.4111,discovered
JUN,SNF8,0.3439,discovered
SIRT1,FLT1,0.3911,discovered
LOXL4,CYP3A4,0.3374,discovered
HDAC1,ETV2,0.4136,discovered
NFE2L1,HSP90AA1,0.515,discovered
DUX4,SHC1,0.6295,discovered
TP53,UGT1A7,0.4824,discovered
NR2F2,UGT2B7,0.624,discovered
MYC,TRAF1,0.4723,discovered
AURKA,SRY,0.3726,discovered
ABCG1,TERT,0.405,discovered
TP53,MVP,0.3986,discovered
SATB1,BIRC5,0.5523,discovered
ERG,SLCO1B3,0.6239,discovered
YY1,IL3,0.451,discovered
HNF1A,MNDA,0.4522,discovered
RPL3,ICAM1,0.4801,discovered
NFKBIA,AKR1B1,0.555,discovered
EGLN1,GP6,0.4508,discovered
CREM,PLG,0.4128,discovered
TP73,COL1A2,0.4126,discovered
RUNX1T1,FGFBP1,0.4491,discovered
ESR1,TUBB3,0.4855,discovered
EGLN1,NOS3,0.4001,discovered
FOSL1,PCNA,0.6225,discovered
CLOCK,SLC9A3,0.4262,discovered
NR3C1,SALL4A,0.5421,discovered
NOTCH1,ARL6IP5,0.3787,discovered
IL6ST,DACT3,0.5181,discovered
HOMER3,LMO7,0.5542,discovered
ERVW-1,E2F1,0.3782,discovered
VDR,GATA5,0.3918,discovered
YY1,LAMB1,0.4168,discovered
RUNX3,RFXAP,0.4185,discovered
COL1A2,BPTF,0.3754,discovered
KLF2,VWF,0.4972,discovered
EPAS1,PRL,0.5494,discovered
DR1,IFNA1,0.4996,discovered
UHRF1BP1,TNC,0.5145,discovered
ERF,SMARCD3,0.4495,discovered
MYOG,PLOD1,0.465,discovered
MGAT5,RGN,0.3967,discovered
ESR2,CCND2,0.6214,discovered
SKI,CHI3L1,0.3115,discovered
USF1,SLC26A3,0.4116,discovered
CREB3L1,IL10,0.38,discovered
ARNT,FBXO32,0.4211,discovered
TRIM28,SLC26A4,0.3143,discovered
ETS1,TF,0.3488,discovered
POU5F1,TGFBI,0.4592,discovered
JUN,PAPSS2,0.6357,discovered
STAT4,ADRA2B,0.4581,discovered
MAF,STARD4,0.5625,discovered
JAK1,ID2,0.5453,discovered
CEBPB,AR,0.4165,discovered
BAD,SPINK4,0.3365,discovered
ABCG8,CDK4,0.5058,discovered
E2F1,CBX8,0.4178,discovered
JUN,ATM,0.3956,discovered
SMAD3,NES,0.4014,discovered
MAZ,MYC,0.3817,discovered
STAT3,UPP1,0.4633,discovered
FOXD3,CCR7,0.485,discovered
MEF2C,PRM1,0.5302,discovered
CREB1,SALL4,0.355,discovered
RAD51,KDR,0.4196,discovered
STAT2,SREBF2,0.6716,discovered
MTA1,BCL2,0.451,discovered
HNF1A,SLC10A2,0.3894,discovered
HDAC4,PLAU,0.3648,discovered
COP1,LMO7,0.6746,discovered
MITF,SNAI1,0.6795,discovered
PER1,SNAI1,0.3724,discovered
HIC1,CEACAM1,0.3029,discovered
RUNX1,MUC2,0.3643,discovered
BDKRB1,TAF5,0.3041,discovered
FOXN4,HSD3B2,0.3816,discovered
XPC,ADIPOR1,0.3362,discovered
NRF1,CBS,0.5222,discovered
ACAT2,GATA3,0.5422,discovered
HIF3A,POLD1,0.5616,discovered
MYC,RASGRP1,0.3584,discovered
RFXANK,IFNG,0.4357,discovered
VIP,KRT10,0.4448,discovered
SP3,KRT16,0.5345,discovered
MSH2,WNT2B,0.4083,discovered
FOSL1,LDHA,0.5856,discovered
SLCO1B3,MAP3K1,0.3469,discovered
XRCC6,SLC39A8,0.5225,discovered
PLK1,DDC,0.6601,discovered
HIPK2,LGALS3BP,0.5034,discovered
EVX1,BRD7,0.4784,discovered
GJA1,FAS,0.5256,discovered
MSH2,TNIP3,0.5601,discovered
OTX2,OGG1,0.3969,discovered
UCN,CFTR,0.3247,discovered
SMARCA1,TIMP1,0.5353,discovered
ESR1,TGFBI,0.4816,discovered
HLX,XBP1,0.3529,discovered
RGS10,ABCG1,0.4046,discovered
MAD2L1,MTOR,0.3403,discovered
USF2,IL13,0.5467,discovered
GATA1,GJA5,0.3725,discovered
SRPX2,EMSY,0.3142,discovered
PCYT2,CRISP1,0.5395,discovered
MUC17,IFNG,0.3571,discovered
KRAS,PIK3CA,0.5091,discovered
E2F1,APOM,0.3533,discovered
APOM,CTSD,0.4282,discovered
E2F1,VMP1,0.3845,discovered
CIITA,PRG2,0.7064,discovered
SP1,KRAS,0.4082,discovered
CTCF,CDK6,0.306,discovered
HSD3B2,GATA2,0.309,discovered
CREB1,EGLN1,0.3577,discovered
PARP1,NF1,0.3188,discovered
OLFM4,IKBKB,0.3779,discovered
VHL,PPP2R2D,0.324,discovered
RUNX2,SNCB,0.4015,discovered
NANOG,PTGFR,0.348,discovered
CTCF,BMP4,0.441,discovered
EPAS1,SIRT6,0.4417,discovered
RB1,SSPN,0.4808,discovered
CREB1,MYC,0.3814,discovered
ERCC2,PDHA1,0.3909,discovered
MATN1,EGR2,0.5758,discovered
SP4,NTRK1,0.5416,discovered
RELA,STAR,0.6855,discovered
FOXK2,IL1RN,0.3863,discovered
TP53,ITGB2,0.4423,discovered
SEPT7,DUSP1,0.4129,discovered
STARD3,PTGES,0.6778,discovered
STAT1,SIRT1,0.4476,discovered
TCF7L2,COMP,0.3391,discovered
PIAS4,DHFR,0.5058,discovered
REL,GFER,0.4302,discovered
TSC1,MYB,0.6629,discovered
PPARA,IGF2,0.569,discovered
E2F1,BCL6,0.3831,discovered
RELA,ATF2,0.3773,discovered
POU4F1,ADORA2A,0.3762,discovered
ETV4,BHLHE41,0.4263,discovered
USF2,MCM3,0.5989,discovered
IFNAR1,DDC,0.5241,discovered
NOS2,HDAC9,0.4277,discovered
IRF1,TNFRSF9,0.3739,discovered
ATM,ITGAV,0.3675,discovered
FOSL2,GNAS,0.3441,discovered
NFE2L2,CXCR4,0.3754,discovered
SP1,GREB1,0.3512,discovered
JUN,CDKN2B,0.4321,discovered
DUX4,CD40LG,0.3425,discovered
MKL1,DNMT1,0.3133,discovered
EGFR,IL5RA,0.4689,discovered
MYF6,RORA,0.329,discovered
TWIST1,DAPK1,0.5842,discovered
RBMX,RNASE2,0.3262,discovered
XBP1,KDR,0.4691,discovered
DACH1,HLA-E,0.3756,discovered
CCNB1,SLC22A6,0.3826,discovered
ESR1,RAB3A,0.4196,discovered
GATA4,FGF4,0.4938,discovered
CGB5,HTT,0.4456,discovered
ATF4,ABCC6,0.4085,discovered
RNASEL,PPP2CA,0.4276,discovered
AMH,MMP13,0.4255,discovered
TP53,POR,0.7228,discovered
SOX17,ALDH1A3,0.4602,discovered
ING4,JUNB,0.5491,discovered
STAT3,DR1,0.4359,discovered
STAT3,IL5RA,0.6101,discovered
IRF7,LILRB1,0.3803,discovered
SOX5,IFNA1,0.3156,discovered
PPARA,RB1,0.3578,discovered
NFKB1,ARF1,0.3458,discovered
FOXO3,IRF4,0.3456,discovered
RELA,MAPK1,0.3568,discovered
POU2F3,GREB1,0.5557,discovered
PIAS1,RRM2B,0.704,discovered
MET,MED1,0.3594,discovered
MED23,FGFBP1,0.7246,discovered
EGR1,PHOX2B,0.3268,discovered
MED15,MSLN,0.3528,discovered
MEN1,CTSL,0.3598,discovered
SIDT1,TEK,0.3578,discovered
MTA1,NGFR,0.4557,discovered
KAT2B,LEF1,0.4162,discovered
HDAC3,TNFSF10,0.3175,discovered
CEBPE,AIP,0.4129,discovered
CEBPB,ABCC3,0.4471,discovered
E2F1,CCK,0.486,discovered
MAZ,KRT18,0.3935,discovered
E2F1,SOD2,0.3755,discovered
PPOX,CHEK1,0.3079,discovered
NKX2-3,NTS,0.5734,discovered
GATA4,SRF,0.4878,discovered
RELA,ZBTB7A,0.4382,discovered
PHOX2B,CFTR,0.4037,discovered
HDAC3,CCND1,0.3995,discovered
POU4F1,CDK2,0.4496,discovered
STAT2,SFTPB,0.3536,discovered
RFX2,STMN1,0.4416,discovered
FOXD3,WT1,0.4041,discovered
CREB1,BRCA1,0.4643,discovered
POU3F4,MYC,0.4166,discovered
NFIC,ARID1B,0.3413,discovered
LMO4,LBP,0.3752,discovered
IGK,BAX,0.5537,discovered
GATA3,HFE,0.334,discovered
HOXA2,OPRM1,0.4608,discovered
CEBPB,BAG2,0.4985,discovered
IRF4,MMP3,0.303,discovered
E2F1,HLA-DQB1,0.4391,discovered
DNAJC12,CXCR1,0.6394,discovered
EGR1,AMH,0.466,discovered
STAT5A,CYP4F12,0.3975,discovered
NEAT1,SPI1,0.3611,discovered
JUN,FBLN1,0.3697,discovered
EZH2,FBP1,0.477,discovered
HSP90AB1,PPARG,0.4435,discovered
NQO2,TNFRSF21,0.4024,discovered
PIR,CXXC5,0.5391,discovered
PTTG1,GSTP1,0.3296,discovered
HDAC1,PGR,0.376,discovered
MLLT3,HIST1H2AE,0.3758,discovered
AES,TNNI3,0.3236,discovered
ATF1,APC,0.3393,discovered
MAD2L1,CDH2,0.4791,discovered
ETV4,IFNB1,0.3902,discovered
IRF3,FTO,0.332,discovered
HSF1,NCF2,0.5976,discovered
GLS,HIF1A,0.5042,discovered
STAT1,PF4,0.5002,discovered
BCL6,SIX5,0.4513,discovered
FLI1,HSPA1A,0.5012,discovered
GADD45G,MITF,0.4201,discovered
PHOX2B,ALOX5,0.467,discovered
TBX20,MCAT,0.4684,discovered
ATF3,TNFSF10,0.3893,discovered
EZH2,MEN1,0.6754,discovered
DNMT3L,SMAD7,0.6326,discovered
PAX6,BAX,0.3929,discovered
GATA1,APOB,0.3224,discovered
MECP2,MTA2,0.3418,discovered
HLA-DRB3,NFYC,0.3817,discovered
CREBBP,SFTPD,0.3715,discovered
IRF1,NT5E,0.5468,discovered
MUC2,HSPA5,0.4424,discovered
STAT1,CCL5,0.385,discovered
S100A11,BGLAP,0.3275,discovered
RAF1,THBD,0.3119,discovered
GATA4,GYPB,0.3974,discovered
STAT2,MCAT,0.4631,discovered
NFKB1,ASPM,0.5072,discovered
DNMT3A,CYP17A1,0.3328,discovered
EP300,CYP11A1,0.3679,discovered
FOXM1,CYP2B6,0.3898,discovered
HLA-E,CCL5,0.5652,discovered
IGFBP3,MEF2C,0.3745,discovered
PKM,CDKN1B,0.3809,discovered
ING1,PSG7,0.338,discovered
MBP,TRB,0.5385,discovered
TLE3,INS,0.4012,discovered
E2F1,NOTUM,0.504,discovered
FOXD3,CDKN2A,0.3055,discovered
CREB1,TOB1,0.3648,discovered
EGR1,CYP11A1,0.5136,discovered
MTA1,ZHX2,0.53,discovered
RPLP0,ALPI,0.4128,discovered
CCL5,HBD,0.4281,discovered
EBF1,ANGPT1,0.4322,discovered
YBX1,CYBB,0.6973,discovered
POU2AF1,NDRG2,0.3589,discovered
NFYA,MME,0.446,discovered
SMAD4,FHL2,0.3904,discovered
BRCA1,MCL1,0.4029,discovered
RFXAP,SNAP91,0.5213,discovered
CREB1,THBS1,0.3028,discovered
SMAD4,PLAU,0.6064,discovered
CCNE1,CISH,0.3619,discovered
IKBKG,BACH1,0.5081,discovered
GATA1,CEL,0.3714,discovered
SATB1,SAA2,0.3653,discovered
ETS1,RHO,0.5631,discovered
MYB,EZR,0.3341,discovered
IRF9,MAT2A,0.4928,discovered
DLL1,IGF2,0.3242,discovered
GATA3,CCND1,0.5767,discovered
NPM1,TYR,0.625,discovered
MIR708,ICAM1,0.3274,discovered
XAF1,CYP17A1,0.428,discovered
LEF1,NF1,0.4055,discovered
PPARG,PROM1,0.5764,discovered
HDAC3,CSH1,0.4691,discovered
POU2AF1,FBP1,0.3505,discovered
EZH2,DBH,0.3955,discovered
PIP,CCND3,0.3899,discovered
DNMT3A,TRPC1,0.5338,discovered
CDKN1A,MITF,0.5526,discovered
RFX5,HMGA2,0.3558,discovered
VDR,LIPC,0.466,discovered
ATM,PIAS3,0.4577,discovered
TAL1,IL13,0.3034,discovered
UMOD,HSD11B2,0.3359,discovered
EGR1,MCM5,0.4507,discovered
GRK2,IGF1,0.6242,discovered
GATA4,DNMT3A,0.3857,discovered
NF1,SOX9,0.405,discovered
CREBBP,RUNX1,0.3762,discovered
TP53,TFF2,0.4155,discovered
HIF1A,SPRR3,0.5232,discovered
ID2,VWF,0.4658,discovered
REST,SOCS2,0.4604,discovered
ERG,ALK,0.3318,discovered
ATF4,RASSF1,0.3575,discovered
SURF2,OXTR,0.4084,discovered
NR0B2,FGF9,0.4121,discovered
TRIP6,BLK,0.6351,discovered
MYC,ICAM3,0.315,discovered
MYCN,FXR2,0.3809,discovered
ETV4,IL1B,0.5354,discovered
EGR2,HEXIM1,0.3081,discovered
SPI1,KLF5,0.4225,discovered
RELA,KRT18,0.3482,discovered
RRM1,RAF1,0.395,discovered
BCL2L1,SLC6A3,0.5114,discovered
E2F4,EGFR,0.3191,discovered
CD14,RPTOR,0.3163,discovered
PAX2,NR2F1,0.3588,discovered
KLF4,FOXP3,0.5844,discovered
IPO13,RPA2,0.3483,discovered
RFX1,CCNB1,0.4758,discovered
HOXA10,BTG1,0.5243,discovered
TP53,DBP,0.344,discovered
HIPK2,DCT,0.414,discovered
KCNIP3,IKBKG,0.437,discovered
LEF1,TEAD4,0.635,discovered
NFKB1,EDEM2,0.45,discovered
ELK1,PTPN13,0.4213,discovered
YY1,DNMT3B,0.4949,discovered
SOX6,CHGB,0.4213,discovered
FOXO4,BCL2,0.5398,discovered
PRRX1,SPP1,0.6802,discovered
NPAS2,MUC2,0.4978,discovered
ATF2,XIAP,0.3971,discovered
IRF4,KLF9,0.3295,discovered
RUNX3,IL5,0.6565,discovered
PARP1,GHR,0.3737,discovered
BCL6,HLA-DRB3,0.436,discovered
RFXAP,CYP17A1,0.3822,discovered
LEFTY1,CYP17A1,0.3337,discovered
FOS,KLF4,0.3262,discovered
RPS6KA3,INSR,0.4425,discovered
EZH2,COL2A1,0.4454,discovered
SMAD4,ESRRA,0.3808,discovered
FOXA2,GFAP,0.5605,discovered
SP1,FAT1,0.5096,discovered
RET,TNFRSF10B,0.4768,discovered
FOXD3,PDCD2,0.4896,discovered
ZNF148,CDKN1A,0.3422,discovered
MYCN,MYC,0.4885,discovered
GLRA1,PSG3,0.4613,discovered
DRAP1,HSD17B1,0.4163,discovered
EP300,MSL1,0.3397,discovered
IRF7,UGT2B15,0.3995,discovered
ASCL1,ICAM1,0.4786,discovered
WWTR1,MMP2,0.3091,discovered
SMARCB1,SNAP25,0.3035,discovered
POU2F3,BCL2,0.3819,discovered
MAP2K4,ZNF300,0.3058,discovered
RUNX3,GATA4,0.3207,discovered
NANOG,BDKRB1,0.5996,discovered
PIK3CA,CDC25A,0.4154,discovered
PARP1,CENPH,0.3323,discovered
MSX2,DHFR,0.4638,discovered
RPL3,MITF,0.3718,discovered
NFYB,KCNN4,0.307,discovered
CDC25B,EGLN1,0.4527,discovered
AHR,BCL2,0.5289,discovered
STAT5A,SURF2,0.5539,discovered
HSF1,UGT2B15,0.3363,discovered
HDAC1,TNFRSF1B,0.308,discovered
USF2,ETF1,0.4593,discovered
MYD88,ALOX5AP,0.6234,discovered
E2F1,HLA-DRA,0.3279,discovered
FGFR1,FMO3,0.6295,discovered
CDK6,CEACAM1,0.3755,discovered
EGR1,CDK4,0.4208,discovered
NF1,AURKA,0.3301,discovered
SFPQ,APC,0.4744,discovered
MMP10,MMP9,0.6761,discovered
KAT6A,PRKCB,0.4584,discovered
PDGFRA,MED1,0.4196,discovered
PIAS1,PLK1,0.5324,discovered
SP3,IL10,0.3429,discovered
SEMA6A,CDK1,0.3538,discovered
TFAP2A,EXO1,0.3487,discovered
SIRT1,HOXA10,0.3363,discovered
USF1,CCNE1,0.3074,discovered
FOXA2,DUSP1,0.4123,discovered
SP1,PSG1,0.3922,discovered
STAT3,CDKN2C,0.3841,discovered
PTEN,SLC9A2,0.3956,discovered
POU3F1,CCNE1,0.3191,discovered
SRF,GJA1,0.3376,discovered
TFAP4,IER3,0.3705,discovered
SP1,PRDM1,0.3314,discovered
SREBF1,MMP2,0.339,discovered
JUN,STAT1,0.5885,discovered
CDH1,TNIP3,0.5534,discovered
SP3,SLC9A1,0.5191,discovered
SOX2,MYC,0.4938,discovered
TRIB3,SMAD7,0.3912,discovered
ATR,CDKN1A,0.3775,discovered
KLF4,ETS1,0.6975,discovered
BCL6,CYP1A1,0.5723,discovered
MYC,MYD88,0.3235,discovered
CTSD,SNAI1,0.4349,discovered
HOXA5,MSH2,0.5385,discovered
RELA,PLG,0.395,discovered
HDAC5,FOXN4,0.4762,discovered
MSC,KLK3,0.4777,discovered
STAT6,SLC3A2,0.408,discovered
TGFBR2,CD28,0.4795,discovered
ITGAM,CFTR,0.3879,discovered
ACE,AKAP12,0.357,discovered
TBP,BUB1B,0.3657,discovered
E2F1,NT5E,0.3032,discovered
TGFB3,FN1,0.474,discovered
IRF1,HOXD3,0.3523,discovered
HDAC3,IL13,0.4024,discovered
SP1,MIR202,0.435,discovered
LMO4,IL10,0.7042,discovered
JUN,KDR,0.3609,discovered
AR,NOD2,0.515,discovered
CDX2,EBNA1BP2,0.5822,discovered
SP1,UGT1A9,0.7523,discovered
MTA3,GYPB,0.5612,discovered
CDX2,PREB,0.3213,discovered
GTF3C1,NTRK3,0.5009,discovered
STAT1,SIX5,0.4843,discovered
FOXF2,CCL5,0.3609,discovered
SP1,GATA4,0.4045,discovered
CEBPB,TNFAIP3,0.5475,discovered
NR4A3,MAT2A,0.3241,discovered
CLOCK,CDK4,0.46,discovered
E2F1,MNDA,0.4471,discovered
CUX1,FDXR,0.6085,discovered
MEF2C,IFNA2,0.349,discovered
JUND,GSK3B,0.4758,discovered
CTNNB1,DDX18,0.3642,discovered
CTCF,ATP2C1,0.3972,discovered
GATA2,TIMP1,0.578,discovered
IRF8,LDHA,0.4948,discovered
RFX5,IFNA1,0.4107,discovered
YY1,CRABP1,0.454,discovered
HDAC5,REG4,0.3134,discovered
PITX1,ZNF300,0.3109,discovered
ARNT,MMP9,0.4027,discovered
HDAC4,HSP90AA1,0.3706,discovered
HIF1A,RETN,0.3609,discovered
TFAP2A,GABPB2,0.3967,discovered
CD36,FGFR3,0.4692,discovered
CEBPE,POU3F4,0.5835,discovered
TAC1,BRD3,0.6041,discovered
CREM,TRAF2,0.473,discovered
USF1,JAK2,0.526,discovered
STAT1,MUC3A,0.3122,discovered
HNF1A,GK,0.3501,discovered
NME3,OLR1,0.3703,discovered
ERG,WISP2,0.4238,discovered
PGLYRP2,SNAI1,0.486,discovered
TCF7L2,TUBB3,0.5473,discovered
E2F4,GREB1,0.4336,discovered
TFE3,PLAGL1,0.4521,discovered
MYC,HLA-DRB1,0.3645,discovered
SP1,GABPA,0.4354,discovered
SIX1,KDR,0.48,discovered
HBG1,BRD7,0.4899,discovered
RELA,CSTA,0.4075,discovered
NR4A1,CDC6,0.4455,discovered
RB1,UGT1A1,0.5432,discovered
MEF2C,TEK,0.6325,discovered
SURF2,ADORA1,0.3409,discovered
DEAF1,COL2A1,0.4213,discovered
CEBPB,SERPINA3,0.6234,discovered
NR4A2,CDK2,0.3376,discovered
GRHL1,FSHB,0.541,discovered
SNAI2,CYP2C9,0.3345,discovered
USF1,HMGA2,0.3127,discovered
PPARGC1A,ZFP42,0.5303,discovered
IPO7,TAP1,0.3204,discovered
FOXJ1,CDH1,0.553,discovered
JAG1,ECD,0.5438,discovered
E2F1,NCOA4,0.5832,discovered
TP73,EP300,0.6903,discovered
RBL1,CACNA1H,0.6017,discovered
SOX9,TP53,0.3802,discovered
POU4F2,GMPS,0.5934,discovered
PITX2,PDGFRA,0.5665,discovered
DNMT1,GATA5,0.3677,discovered
BCL6,TFDP1,0.6197,discovered
FOXO1,NPPA,0.3518,discovered
VIM,TNC,0.7144,discovered
PDX1,CREB3,0.4627,discovered
MC2R,LTC4S,0.4619,discovered
YY1,TEK,0.4603,discovered
TP53,RAP1A,0.4082,discovered
EGR1,PTHLH,0.3573,discovered
ELL,CYBB,0.3526,discovered
SDC1,CTSD,0.3303,discovered
SP1,POU2AF1,0.3784,discovered
HDAC3,E2F3,0.3469,discovered
TSC1,BEST1,0.3407,discovered
CDC20,UGT2B7,0.533,discovered
TNPO1,XRCC5,0.481,discovered
TWIST1,COL7A1,0.3631,discovered
TP73,CREM,0.5716,discovered
IKBKG,ICAM1,0.3379,discovered
TGFBR2,MAOA,0.3107,discovered
ITGB8,MAPK1,0.3667,discovered
RUNX1,ENO1,0.4091,discovered
P4HA1,SPRY2,0.374,discovered
ESR1,ARHGEF1,0.6333,discovered
EZH2,CPD,0.3851,discovered
UPF3B,SEMA6A,0.431,discovered
SNAI2,PLAGL1,0.3775,discovered
ARNT,SIAH1,0.3388,discovered
FOXA1,CDKN1A,0.4555,discovered
SIRT1,POU5F1,0.6506,discovered
ELK1,CCND1,0.6393,discovered
RLN2,SGPL1,0.3654,discovered
TNF,IL23A,0.5191,discovered
TNF,PRDM2,0.3822,discovered
SOX2,AURKA,0.3586,discovered
SGK1,EGFR,0.3665,discovered
MET,NFKB1,0.449,discovered
PKP3,CSRP1,0.5127,discovered
NAB2,LDHA,0.4274,discovered
WT1,PLAU,0.3392,discovered
SF1,GPNMB,0.3347,discovered
TWIST1,HES1,0.4985,discovered
ELF4,TIMP2,0.408,discovered
SPI1,MYC,0.4819,discovered
ALDH1A2,TK1,0.433,discovered
MCL1,BAG3,0.3702,discovered
MYC,ZFP36,0.4542,discovered
STAT3,NOS3,0.3313,discovered
IRF1,HBG1,0.4298,discovered
APLNR,MYC,0.5195,discovered
PARP1,SOX2,0.4561,discovered
CDH13,IFNA1,0.5897,discovered
LEF1,IL5,0.3222,discovered
MITF,PTBP1,0.3809,discovered
NR2C2,L1TD1,0.338,discovered
EOMES,HLX,0.5383,discovered
CEBPE,EED,0.3644,discovered
MAFF,CD36,0.635,discovered
SPDEF,AQP3,0.4721,discovered
STAT3,FHL5,0.3277,discovered
IRF2,CYP2C9,0.3187,discovered
HDAC1,NTS,0.4542,discovered
XBP1,PMAIP1,0.4882,discovered
TTF2,CCND2,0.3343,discovered
NRAS,PSMD6,0.3092,discovered
SF1,FOXM1,0.3479,discovered
SFRP1,GJD2,0.3916,discovered
JUN,DMRT1,0.4441,discovered
ETV1,TNFRSF11B,0.4135,discovered
PLK1,PDK4,0.3135,discovered
AKR1C3,TWIST2,0.4923,discovered
PCSK2,TLR4,0.5225,discovered
ATRX,COX1,0.5354,discovered
CEBPA,GSK3B,0.4758,discovered
ARX,CDH3,0.5936,discovered
E2F1,LOXL4,0.4591,discovered
MSC,GDF15,0.4901,discovered
VDR,SCARB1,0.3977,discovered
APOA1,POLD2,0.6141,discovered
KCNIP3,CTSV,0.4494,discovered
GATA3,HLA-DRB1,0.3338,discovered
CEBPE,TGFB1,0.338,discovered
CDK4,TRPS1,0.3032,discovered
PEBP1,XPC,0.4761,discovered
MEF2C,PCNA,0.577,discovered
HNF1A,FABP6,0.3225,discovered
SP1,EPAS1,0.3625,discovered
MLL3,BACH1,0.3065,discovered
IRF6,MNAT1,0.7435,discovered
FOS,NAMPT,0.4,discovered
ILK,TNFRSF21,0.4512,discovered
MED1,NME1,0.367,discovered
UBE2I,HBG1,0.4536,discovered
NKX6-1,ALDH1A1,0.522,discovered
MECP2,PIAS2,0.3648,discovered
HDAC3,CCK,0.4231,discovered
SP1,GBA,0.3157,discovered
MYC,CASP3,0.4436,discovered
PPARGC1A,CDKN1A,0.4465,discovered
GLI1,ALK,0.4316,discovered
NFIC,MAP1LC3A,0.4259,discovered
CTBP1,NPPB,0.5601,discovered
MEF2D,SOX4,0.4246,discovered
TBX2,NR4A1,0.3738,discovered
SPI1,XPA,0.4086,discovered
TP53BP1,RB1,0.3929,discovered
USF1,HSD11B2,0.6165,discovered
POU2F1,ALOX15,0.4933,discovered
KIN,CCL4,0.3785,discovered
NPM1,EGR1,0.4459,discovered
E2F6,FGF2,0.4554,discovered
SP3,CD68,0.5232,discovered
MITF,HSD17B11,0.4311,discovered
GNLY,PDIA2,0.4632,discovered
CDKN2C,DRD1,0.7208,discovered
KRAS,RAG1,0.342,discovered
AXIN1,PNRC1,0.3465,discovered
BRCA2,CDH5,0.6895,discovered
KLF4,RECK,0.4435,discovered
SND1,BABAM2,0.5725,discovered
SP3,CDKN1B,0.4951,discovered
CRX,TNFRSF11A,0.3181,discovered
TP53,HLA-DQB2,0.367,discovered
USF1,MECP2,0.485,discovered
SURF1,NFIA,0.3591,discovered
ESR1,LAMA3,0.3677,discovered
RELA,NPC1L1,0.4339,discovered
ETV4,NOTUM,0.4049,discovered
REL,SOCS2,0.46,discovered
PGR,HCFC1,0.3882,discovered
LMO2,RGS10,0.399,discovered
NFKB1,GUCY1B1,0.415,discovered
KLF4,PTGS2,0.5072,discovered
ASCL1,SLC9A2,0.4817,discovered
RGN,EBI3,0.4903,discovered
SMAD4,MIF,0.626,discovered
ZEB1,FOXM1,0.3652,discovered
SLC2A4,NOX5,0.3032,discovered
TP73,IGF1R,0.3937,discovered
TWIST1,MYH6,0.4983,discovered
DEFA3,TSC1,0.376,discovered
ACE2,APP,0.437,discovered
CRY1,BTG3,0.4302,discovered
RUNX1,CGB5,0.3934,discovered
NEDD4L,IL5,0.3731,discovered
SMAD4,ANGPTL4,0.3442,discovered
SIRT1,AR,0.5356,discovered
ERG,CD82,0.3736,discovered
HDAC7,PTPRC,0.3127,discovered
BRCA2,PRAME,0.5838,discovered
AKT1,MEP1A,0.5694,discovered
JUN,XPC,0.4428,discovered
CHEK2,FMO4,0.6002,discovered
TRIP6,BCL2,0.4985,discovered
USF2,NOS3,0.4437,discovered
MYB,SMAD2,0.3571,discovered
TRPS1,TERT,0.4996,discovered
FLT3,NR2C2,0.4185,discovered
NFKB1,ERBB2,0.471,discovered
FOXO1,SELE,0.4831,discovered
E2F3,CARM1,0.4489,discovered
MLLT10,LIPC,0.436,discovered
TP53,RUNX2,0.3685,discovered
CREBBP,POR,0.4998,discovered
RAD51,CCNB1,0.4215,discovered
DUX4,DNMT1,0.5023,discovered
IKBKB,ABCG4,0.3629,discovered
NFIA,AGER,0.364,discovered
ACAT2,A2M,0.4831,discovered
MTA3,IL10,0.4518,discovered
PLK1,SOX9,0.4711,discovered
CEBPA,MCL1,0.343,discovered
SP1,AKT1,0.3382,discovered
ZNF76,SPP1,0.4035,discovered
JUN,CBX5,0.3857,discovered
TWIST1,PSMB10,0.3949,discovered
COL4A4,CHEK2,0.3536,discovered
SIRT1,ABCG8,0.3886,discovered
CARD8,CDKN1A,0.3078,discovered
SP1,IRF4,0.3428,discovered
SMAD3,CDK1,0.4101,discovered
PCYT1A,HOXB13,0.3544,discovered
TIAL1,L1CAM,0.3785,discovered
DLX4,HSD3B2,0.592,discovered
RICTOR,DNASE2,0.5157,discovered
RELA,MAFF,0.6415,discovered
SP1,ITGAM,0.3735,discovered
KLF2,PLTP,0.5881,discovered
KIT,EGLN3,0.3149,discovered
UGDH,FASN,0.473,discovered
STAT5A,IL2RA,0.6069,discovered
NOTUM,NGF,0.3893,discovered
PPARD,LYL1,0.5211,discovered
RFX5,VEGFD,0.3366,discovered
E2F1,BRAF,0.3623,discovered
HOXB13,CDKN1B,0.6116,discovered
SMARCA1,BPTF,0.3761,discovered
JUN,NOTCH4,0.3982,discovered
GLI2,MSL1,0.372,discovered
KLF11,C3,0.3697,discovered
STAT1,BRPF1,0.4721,discovered
FLT1,SLC34A2,0.3628,discovered
ASPM,PDGFRA,0.7169,discovered
JUN,LTBP4,0.4596,discovered
ESR1,AFP,0.4137,discovered
STAT3,TUBB3,0.3609,discovered
KIT,SOX7,0.6471,discovered
JUN,DAB2,0.4231,discovered
TGFBR2,CXCL8,0.4723,discovered
HDAC11,SPIC,0.3824,discovered
ERBB2,OPRM1,0.5232,discovered
NFKB1,CYP17A1,0.3156,discovered
HOXB7,HSP90AA1,0.4448,discovered
PITX2,ALOX12,0.304,discovered
RB1,IFNLR1,0.6405,discovered
SMARCA4,GHR,0.5134,discovered
RELA,MC2R,0.3479,discovered
REST,RUNX2,0.3383,discovered
WT1,HRAS,0.3858,discovered
SREBF1,IL13,0.571,discovered
RELA,ADRB3,0.3823,discovered
TSIX,GSC2,0.3975,discovered
POU2AF1,MPL,0.3116,discovered
FGFR4,IL1RN,0.4884,discovered
MYC,TNFSF10,0.3071,discovered
E2F1,CD4,0.3093,discovered
MYC,CYP3A5,0.6003,discovered
MAL,RAD51,0.3706,discovered
HBB,JUND,0.3599,discovered
SIM2,LBP,0.344,discovered
SPARC,GAS2,0.4227,discovered
ARNTL,GCSAM,0.4724,discovered
REST,CDKN3,0.4893,discovered
HNF1A,POLD1,0.4377,discovered
TWIST1,PRDX3,0.374,discovered
MAP1LC3A,GAD1,0.3493,discovered
NR1H4,CCK,0.4211,discovered
PLK1,FBXO32,0.5522,discovered
NELFB,DCT,0.4749,discovered
STAT3,BAX,0.4917,discovered
DDIT3,ERVW-1,0.5293,discovered
SOX10,FES,0.4026,discovered
NFKB1,SNAPC1,0.6117,discovered
BCL11A,TWIST1,0.5473,discovered
SPHK1,SLC2A4,0.4395,discovered
STAT6,ADM,0.5051,discovered
AHR,BCL2L1,0.3409,discovered
MECP2,GLI1,0.4312,discovered
CTCF,HSPH1,0.6425,discovered
ATF4,AR,0.3734,discovered
MYOD1,CCR5,0.7263,discovered
AR,MGAT5,0.4647,discovered
MTF2,CREB1,0.5916,discovered
FOXO1,E2F1,0.3012,discovered
ELK4,HPSE,0.5037,discovered
HDAC1,CDKN1B,0.4496,discovered
GSK3B,CXCL8,0.4149,discovered
PPARG,RAB3A,0.3507,discovered
NFYC,CDKN2A,0.6189,discovered
SMAD3,SFTPD,0.3697,discovered
UPF2,CCR5,0.3833,discovered
CDX2,BRCA1,0.4045,discovered
CREM,SNRPN,0.3964,discovered
ACACA,IL13,0.527,discovered
SP3,CDX2,0.509,discovered
FPGS,KLF2,0.451,discovered
ATF4,LEF1,0.3414,discovered
SNAI1,CYP2C9,0.6082,discovered
IRF4,CDH17,0.3242,discovered
NR1H4,SERBP1,0.4378,discovered
E2F4,MUC1,0.561,discovered
REL,TSG101,0.3735,discovered
PLD1,MPO,0.5774,discovered
JUN,AHR,0.3907,discovered
CLOCK,TFF1,0.3357,discovered
TP53,CPT1A,0.5141,discovered
EZH2,PTPA,0.3121,discovered
TNFAIP3,HNF1A,0.4844,discovered
RFX1,TK1,0.4181,discovered
ELK1,CDX2,0.3733,discovered
STAT3,HLA-DRA,0.4567,discovered
ABCG4,UGDH,0.5844,discovered
KLF13,CDK4,0.4093,discovered
E2F1,LTBP4,0.543,discovered
MYC,CLDN7,0.5091,discovered
DBP,TIMP1,0.5003,discovered
PTGES,COX1,0.4128,discovered
TP63,ABCC3,0.325,discovered
ADRA2B,LY96,0.6264,discovered
CREB5,HAX1,0.4827,discovered
STAT4,FASN,0.3882,discovered
CREBBP,ELF4,0.5697,discovered
YY1,BCL6,0.6074,discovered
HSF1,CD28,0.3328,discovered
CEBPA,FGFBP1,0.5887,discovered
NFKB1,KLF10,0.312,discovered
TWIST2,CD69,0.5135,discovered
RPTOR,KLK10,0.531,discovered
TCF3,IGFBP3,0.3894,discovered
RARB,MIF,0.5223,discovered
RICTOR,POU1F1,0.3592,discovered
FOXM1,HIST2H4A,0.3116,discovered
RARA,BECN1,0.3649,discovered
WASF3,HNRNPR,0.7171,discovered
YBX1,LPIN1,0.5504,discovered
IL12RB2,BCL2,0.3519,discovered
CDH2,LDHA,0.5468,discovered
PREB,NKX2-5,0.4326,discovered
MEF2C,ID2,0.4641,discovered
NOD2,BRCA1,0.5108,discovered
MAL,TBP,0.4662,discovered
CYP24A1,KLF2,0.4882,discovered
BRD7,CD14,0.6099,discovered
SP1,CD36,0.3112,discovered
MYC,SMAD4,0.3368,discovered
UXT,CDH1,0.595,discovered
CEBPA,IFNB1,0.337,discovered
STAT6,LRRFIP1,0.6465,discovered
MYOD1,AGTR1,0.4498,discovered
ATF7,TP53,0.3723,discovered
LMO2,IL2,0.5201,discovered
NR2F2,IL12A,0.344,discovered
PPARA,TEF,0.3447,discovered
SP3,SNAI1,0.3674,discovered
HIF1A,BAMBI,0.3428,discovered
STAT3,FASLG,0.7107,discovered
DNMT1,ERG,0.324,discovered
JUND,CDK4,0.4439,discovered
RB1,SIRT2,0.351,discovered
SP1,CPT1A,0.3772,discovered
ESRRA,GSK3B,0.5166,discovered
SCD5,NMNAT2,0.399,discovered
ZBTB16,PON2,0.4242,discovered
CTCFL,SOCS2,0.3604,discovered
GJD2,DUSP1,0.5739,discovered
SUZ12,SMAD4,0.3654,discovered
LAMC2,APP,0.4393,discovered
ATM,WNT7B,0.4205,discovered
AR,BRCA1,0.3998,discovered
USF1,CIC,0.6503,discovered
IRF9,NR2E3,0.4146,discovered
MKL1,POLD2,0.4415,discovered
HMGA2,RUNX2,0.4537,discovered
JUN,L1TD1,0.7064,discovered
REST,DUSP1,0.4419,discovered
HNF4A,MDM2,0.3062,discovered
NFKBIA,ODC1,0.3202,discovered
DHRS2,SRCAP,0.4291,discovered
LEF1,KRT10,0.354,discovered
RUNX3,SRC,0.4473,discovered
FOXA3,SNAP25,0.3504,discovered
SP1,POLR3D,0.4594,discovered
DNMT1,SLC2A1,0.5031,discovered
BRAF,HLA-G,0.4989,discovered
NANOG,SPART,0.5823,discovered
RB1,ATOH1,0.335,discovered
DEAF1,KLF2,0.325,discovered
LEF1,NOX1,0.4757,discovered
IL1B,MMP1,0.3207,discovered
RARB,PRKCB,0.496,discovered
FUT2,E2F3,0.3633,discovered
STAT4,BCL2,0.3026,discovered
IRF8,USF1,0.6316,discovered
HNF1A,GATA3,0.3969,discovered
TCF4,GCG,0.4978,discovered
KLF2,XRCC6,0.4723,discovered
SMAD4,CCNB1,0.4375,discovered
TDGF1,FAT1,0.5912,discovered
HNF4A,NONO,0.49,discovered
PHF8,S100A4,0.3418,discovered
PPARG,B4GALT1,0.3376,discovered
CCL3,DEFB1,0.462,discovered
WT1,SYP,0.4381,discovered
KLF4,SAA2,0.3984,discovered
HIF1A,TP53,0.3937,discovered
GLI2,TNFRSF10A,0.4847,discovered
PPARA,PDGFC,0.3154,discovered
FLI1,CYP19A1,0.3731,discovered
ZNF148,SLC2A4,0.3584,discovered
RAD51,OAS1,0.4222,discovered
SP1,TNFRSF21,0.4563,discovered
SNAI1,NFKB1,0.4632,discovered
CGB5,UGT2B4,0.5341,discovered
JUN,SOD1,0.5135,discovered
RPA2,HMOX1,0.6402,discovered
AR,HLA-G,0.623,discovered
PAX5,LTBP4,0.4429,discovered
HDAC1,BAX,0.4847,discovered
NR1I3,TYR,0.5672,discovered
UHRF1,BAX,0.3549,discovered
USF1,PCYT1A,0.5943,discovered
BTF3,MSX2,0.6388,discovered
RUNX3,SMAD7,0.4153,discovered
JUND,UGT2B15,0.358,discovered
ELL,CDH17,0.343,discovered
DACH1,MCTS1,0.3845,discovered
NFKB1,TFRC,0.4457,discovered
PCGF2,SERPINE1,0.4285,discovered
CEBPB,PKM,0.4969,discovered
DBP,POLD2,0.3668,discovered
USP21,CD19,0.3963,discovered
MYBL2,SLC22A4,0.7201,discovered
HIC1,TNFSF11,0.6208,discovered
MYC,MUC1,0.6385,discovered
PEG3,JUNB,0.4808,discovered
STAT1,MMACHC,0.3932,discovered
PRDM1,IL3,0.416,discovered
IDO1,OXTR,0.3985,discovered
CDC42BPG,EDA,0.3078,discovered
EED,ACRV1,0.391,discovered
STAT3,CBX8,0.5511,discovered
TYMS,CD28,0.5791,discovered
LEF1,AMACR,0.3651,discovered
PPARG,PLAUR,0.3326,discovered
PPP2CA,UPF3B,0.3879,discovered
YBX1,PLAU,0.3331,discovered
ERG,MZF1,0.3289,discovered
S100A10,HBE1,0.4706,discovered
ETS1,CD40LG,0.3839,discovered
RAD51,CLU,0.3109,discovered
NANOG,BCL2,0.4284,discovered
NKX2-5,MMP14,0.4505,discovered
MME,KRT5,0.3344,discovered
NFKB1,TNFSF11,0.4841,discovered
ING4,SNAI1,0.369,discovered
TBR1,CCND1,0.4702,discovered
TWIST1,IL12A,0.4283,discovered
DLX5,CARTPT,0.4318,discovered
SOX4,IRF7,0.3058,discovered
SP3,PSG5,0.4986,discovered
SOST,H19,0.346,discovered
SP1,PCSK6,0.606,discovered
SOX17,ZIC1,0.3561,discovered
FGF9,BCL2,0.3973,discovered
HIF1A,PLAC1,0.4811,discovered
MITF,XRCC5,0.4778,discovered
MYOG,ADRB3,0.3652,discovered
JUN,CFB,0.3554,discovered
VHL,E2F1,0.6214,discovered
F13A1,CYP11A1,0.3583,discovered
PLK1,KLF5,0.659,discovered
RELA,PER2,0.3305,discovered
REST,ST3GAL4,0.4017,discovered
EGR1,ANGPT2,0.4288,discovered
SREBF2,CDK2,0.3203,discovered
EP300,HOXB7,0.592,discovered
SP1,PIP,0.5078,discovered
NFYB,IL15,0.3391,discovered
FOXC1,BRCA1,0.3832,discovered
EZH2,CRP,0.5286,discovered
NFKB1,CCNE1,0.3026,discovered
USF2,MAD1L1,0.5583,discovered
CREB1,PDCD1,0.4139,discovered
WTAP,PTGS2,0.427,discovered
DNMT3A,CHEK1,0.3877,discovered
NR2F2,PCNA,0.4701,discovered
SP3,DNAJC3,0.3613,discovered
STAT1,HSPA5,0.502,discovered
MEF2D,CDH17,0.6201,discovered
RNF7,NEFL,0.3883,discovered
IDO1,MPL,0.33,discovered
L1CAM,KDR,0.4703,discovered
HMGA2,BCL2,0.5603,discovered
KDM6A,RHOB,0.5236,discovered
DACH1,PPOX,0.3398,discovered
EAF1,ACACA,0.3691,discovered
IFI16,CDKN1A,0.4925,discovered
WRN,ESRRA,0.339,discovered
MYOD1,FOXM1,0.5909,discovered
FOXC1,THBD,0.456,discovered
GSK3B,IDO2,0.4624,discovered
HDAC1,CSF3R,0.601,discovered
ETS1,ESRRA,0.514,discovered
STAT3,PLOD1,0.5161,discovered
ZBTB17,CD3G,0.4721,discovered
DMRT1,TSC1,0.584,discovered
ERCC1,HOXB7,0.4309,discovered
EZH2,CRMP1,0.5307,discovered
CTNNB1,CASP3,0.528,discovered
MEN1,CYR61,0.4527,discovered
LITAF,PRTN3,0.5046,discovered
AMACR,CYP11B1,0.4587,discovered
USF1,DNMT3B,0.306,discovered
EGLN1,POLR3D,0.4131,discovered
SDC1,CCND2,0.3297,discovered
RUNX3,TNFRSF10A,0.3393,discovered
ESR2,UXT,0.4443,discovered
FOXD3,CCND2,0.5595,discovered
HNF1A,SLC9A1,0.5737,discovered
CCR1,PCNA,0.3158,discovered
CYBB,CDK6,0.5963,discovered
BRCA1,ARG1,0.4165,discovered
ATF4,LHCGR,0.3672,discovered
JUND,HSF1,0.4923,discovered
ATF6,APH1A,0.3311,discovered
NR1H4,IRF1,0.5917,discovered
SRF,CIP2A,0.5944,discovered
MSC,HEY1,0.3309,discovered
FOXO1,PITX3,0.3625,discovered
EP300,SET,0.3593,discovered
TDGF1,IMPDH2,0.3097,discovered
VEZF1,CDKN2A,0.4115,discovered
NCOA3,HPSE2,0.5465,discovered
EGR1,IL27,0.4002,discovered
CD274,CYP19A1,0.554,discovered
HIF1A,ABCC1,0.6216,discovered
ETS1,PLAT,0.5068,discovered
CCND1,AR,0.5686,discovered
NR5A1,PRNP,0.7544,discovered
NUPR1,LEP,0.3922,discovered
MECP2,DKK1,0.4196,discovered
DR1,FAT1,0.4477,discovered
NAB1,CDK6,0.3326,discovered
AHR,SLC22A10,0.3759,discovered
BCL6,PPP1R13B,0.574,discovered
CASP3,IER3,0.6064,discovered
STAT3,YWHAQ,0.3243,discovered
GLS,MTTP,0.5136,discovered
SLC8A3,NAMPT,0.3336,discovered
CD82,CREB1,0.5049,discovered
STAT5B,CCL2,0.5558,discovered
SCAND1,GSTA1,0.3482,discovered
ZNF350,MITF,0.3424,discovered
BRCA2,BCL2,0.4245,discovered
REL,KLF6,0.3592,discovered
NR0B1,TERT,0.4449,discovered
BRCA1,SLCO4C1,0.6185,discovered
POU4F2,SERPINE1,0.4531,discovered
PKM,COL4A3,0.425,discovered
PHOX2B,KIR3DL1,0.5515,discovered
GATA3,CSTA,0.3547,discovered
VDR,COL4A4,0.4651,discovered
CTNNB1,MAD1L1,0.3486,discovered
IFI16,CYP2D6,0.5498,discovered
EHMT2,TIMP1,0.415,discovered
IRF7,E2F1,0.4278,discovered
SRY,EGR1,0.5607,discovered
REST,AMHR2,0.395,discovered
IL12RB2,OXTR,0.4765,discovered
HIF1A,NR1H3,0.4818,discovered
TYR,FGFBP1,0.4093,discovered
CCNE1,BEST1,0.4871,discovered
NFKB1,NMU,0.4179,discovered
FLI1,KLK2,0.4012,discovered
YBX1,KRAS,0.3693,discovered
EP300,RAD21,0.4313,discovered
CASP1,COL1A2,0.4162,discovered
PPARD,CCNE1,0.3101,discovered
TFAP2C,TERT,0.3197,discovered
BLMH,MDC1,0.3092,discovered
NR4A1,SHOX2,0.399,discovered
HIF1A,SFPQ,0.6297,discovered
AATF,TBX21,0.3821,discovered
SP1,MYH9,0.544,discovered
NR2F2,NPY,0.6054,discovered
PDGFRA,CRMP1,0.3668,discovered
TNFSF14,BACH1,0.6541,discovered
MYC,PRL,0.4733,discovered
MTOR,CSF1,0.3216,discovered
E2F1,LAG3,0.4347,discovered
FOXM1,KCTD11,0.4062,discovered
LYL1,TBX21,0.4041,discovered
ING4,AR,0.5059,discovered
E2F1,SHOX2,0.4674,discovered
STAT3,PSMB9,0.3076,discovered
TCFL5,CYP2E1,0.4626,discovered
IL10,HMOX1,0.3443,discovered
NR2C2,RECK,0.3627,discovered
NFE2L2,FABP6,0.4117,discovered
KRAS,HOXB7,0.3605,discovered
FOSL2,TFF1,0.6344,discovered
SOX4,STAT3,0.6754,discovered
ING1,STAT3,0.3464,discovered
CREBBP,ALDH1A3,0.459,discovered
CYP11B1,PDGFRB,0.3106,discovered
GHR,GDF3,0.5052,discovered
CEBPB,ANGPTL4,0.5032,discovered
HOXB7,TBX5,0.4266,discovered
FLI1,AQP3,0.4515,discovered
BTRC,SMYD1,0.4352,discovered
POU4F1,NME3,0.5664,discovered
BRCA2,IFNLR1,0.3792,discovered
POU1F1,CCND1,0.3023,discovered
ID2,RAG2,0.3403,discovered
CTNNB1,SATB2,0.6991,discovered
FASN,RPTOR,0.751,discovered
HDAC2,POLR1A,0.3968,discovered
JUN,EED,0.4017,discovered
YWHAQ,CREB1,0.402,discovered
TP53,TAF5,0.3575,discovered
SIRT1,DDX5,0.6467,discovered
EXO1,CHGB,0.4335,discovered
CXCR1,ASCL1,0.3047,discovered
RARA,DICER1,0.5148,discovered
NFKB1,EMX2,0.3825,discovered
E2F1,SUZ12,0.3802,discovered
GLI1,UHRF1,0.5655,discovered
TBP,BAX,0.4821,discovered
EXO1,KLF4,0.4886,discovered
HDAC2,HLA-DQB1,0.3951,discovered
ETS1,F2R,0.6435,discovered
PREB,IL17A,0.3497,discovered
CDK11B,NOS2,0.4674,discovered
ATF6,HOXA10,0.3715,discovered
LILRB4,IL10,0.3817,discovered
DLG1,POU3F4,0.3129,discovered
SPRY2,NODAL,0.6298,discovered
SP3,TCF4,0.4152,discovered
TP63,ADM,0.4321,discovered
HEYL,NR2F1,0.4931,discovered
SOX17,CLEC4G,0.3655,discovered
SP3,VDR,0.5488,discovered
KLF15,HLA-DQA1,0.3412,discovered
STAT3,TFF3,0.3164,discovered
TWIST1,MCM5,0.3886,discovered
NFYB,PREB,0.522,discovered
SALL4,HDAC9,0.3723,discovered
OLIG2,YY1,0.3422,discovered
DMAP1,ITGB1,0.5482,discovered
TOB1,TGFBR1,0.5364,discovered
SMARCA4,RPRM,0.4867,discovered
BTF3,SOD1,0.4556,discovered
E2F2,SPRY2,0.3595,discovered
MAP1LC3A,TFAP2C,0.3452,discovered
HES1,NR1H2,0.3981,discovered
MYC,IMPDH2,0.3648,discovered
EZH2,WASF3,0.5813,discovered
RB1,ICAM1,0.4573,discovered
MYCN,DDC,0.3373,discovered
PEA15,CYBB,0.6429,discovered
SREBF2,ATF5,0.4039,discovered
HLA-B,HLA-DMB,0.4268,discovered
SRF,OSM,0.5548,discovered
RB1,CDKN2C,0.4861,discovered
TFE3,CFLAR,0.5114,discovered
HSF1,PTGS2,0.3336,discovered
ONECUT1,ATM,0.3366,discovered
ELK1,DST,0.3706,discovered
OTX2,EGLN1,0.6111,discovered
PPARG,RTN3,0.5488,discovered
BRAF,RLN1,0.3707,discovered
GATA3,GADD45G,0.5568,discovered
MICA,TWIST1,0.3283,discovered
EP300,INSM1,0.406,discovered
GATA3,PLIN2,0.4573,discovered
CYP4F12,NOTUM,0.3337,discovered
VHL,MAP3K14,0.4464,discovered
PDGFRB,REPS2,0.385,discovered
RUNX1,HDAC1,0.5163,discovered
HMGA2,RARB,0.4091,discovered
TH,ABCB1,0.3529,discovered
PTHLH,MDM2,0.5383,discovered
STAT3,IKBKG,0.5224,discovered
HDAC1,E2F2,0.4772,discovered
RFXAP,PLAUR,0.3146,discovered
VDR,TSC1,0.3377,discovered
FOXO1,MVP,0.3476,discovered
RELA,IKBKE,0.5369,discovered
BRCA1,POU3F4,0.4016,discovered
EZH2,MET,0.3405,discovered
ARNT,TRAP,0.6044,discovered
DCDC2,CTSD,0.5592,discovered
CEBPB,HLA-DQA2,0.3465,discovered
HDAC7,FBXO32,0.4749,discovered
WASF3,TAP2,0.4973,discovered
NANOG,CAT,0.6558,discovered
PER2,PHF8,0.3732,discovered
HDAC9,RB1,0.397,discovered
DLL1,PTGS2,0.3398,discovered
BCL6,SPN,0.3204,discovered
DYRK1A,CD40,0.4245,discovered
YY1,RCC1,0.3901,discovered
CREM,SLC19A1,0.4277,discovered
MYCN,CREM,0.3515,discovered
WWTR1,CHEK1,0.3433,discovered
SSB,PC,0.3326,discovered
NFKB1,GTF2F1,0.4394,discovered
PDIA2,NR4A1,0.3255,discovered
RUNX1,TOP3A,0.3759,discovered
SND1,PLXNA1,0.4548,discovered
SF1,TDO2,0.3372,discovered
MMP2,CSH2,0.335,discovered
YY1,CEACAM5,0.3566,discovered
CREB1,TGFBR1,0.314,discovered
RELA,CYP2C8,0.339,discovered
NCBP1,NOS2,0.4501,discovered
FOS,HLA-G,0.3743,discovered
ZNF410,IL6,0.3447,discovered
ZEB2,CDKN2B,0.4176,discovered
PCGF2,PHOX2A,0.622,discovered
BACE1,CXCL8,0.4593,discovered
KLF4,CD4,0.4832,discovered
NR2C2,BCL2,0.3418,discovered
MITF,ADIPOQ,0.4456,discovered
RELA,NAT1,0.4651,discovered
RUNX3,PSMD11,0.3549,discovered
PREB,CD40,0.3228,discovered
HLX,APP,0.4464,discovered
GATA2,DACT3,0.6585,discovered
TNFSF11,ERBB2,0.3301,discovered
RB1,NFKB1,0.6338,discovered
TPT1,EYA3,0.4267,discovered
GFI1,CRYAB,0.4003,discovered
PDGFRA,COX7C,0.334,discovered
SUZ12,BHLHE40,0.3985,discovered
EGR1,ZNF300,0.3167,discovered
KLF10,FOXE1,0.5731,discovered
PER1,DOK1,0.3655,discovered
RELA,RCC1,0.3637,discovered
DLL1,ID1,0.3068,discovered
RUNX1,CDH1,0.4293,discovered
MAT2A,MCM5,0.3744,discovered
DDC,PAX6,0.4282,discovered
COPS5,IL23A,0.302,discovered
CREB1,TP53,0.4416,discovered
JUN,SPP1,0.3204,discovered
AATF,FADD,0.5308,discovered
CFH,RAD51,0.4279,discovered
RELB,APAF1,0.338,discovered
NR1D1,FCER2,0.3277,discovered
UMOD,MFSD2A,0.5102,discovered
EP300,BTS1,0.6498,discovered
OCLN,FLT3,0.4851,discovered
RELA,DAPK1,0.4,discovered
RFX2,TNFAIP3,0.3083,discovered
FOS,PSIP1,0.3609,discovered
GATA4,SYK,0.3851,discovered
KLF11,HBP1,0.641,discovered
HOXB1,FASN,0.4386,discovered
OTX2,ASPH,0.7232,discovered
HBG1,ZNF202,0.4263,discovered
CYP11A1,RHO,0.4875,discovered
PHOX2A,PSMB10,0.303,discovered
SP4,FURIN,0.3457,discovered
F13A1,PIK3R3,0.69,discovered
BST2,CGB5,0.4652,discovered
RAD51AP1,PF4,0.4198,discovered
BARX2,L1CAM,0.3844,discovered
TRERF1,IL2RA,0.4033,discovered
TGFBR2,DGCR5,0.5986,discovered
STAT5B,DVL1,0.7088,discovered
MEN1,ZNF750,0.3505,discovered
HMGCS1,FOXP3,0.3165,discovered
ACACA,MYBL1,0.4,discovered
NRF1,CHI3L1,0.3736,discovered
RELB,VHL,0.4342,discovered
FOSL2,SLC16A1,0.4757,discovered
HDAC1,PMEL,0.6291,discovered
RB1,ERBB2,0.3706,discovered
PIAS1,HOXA7,0.4284,discovered
NFKB1,GREB1,0.6197,discovered
NF1,UGT2B15,0.461,discovered
YY1,FADD,0.396,discovered
CDX2,NFIC,0.4048,discovered
E2F6,SUZ12,0.5509,discovered
CREB1,SLC9A3,0.3627,discovered
ZNF202,FOXN4,0.307,discovered
FOXO1,BHLHE40,0.4815,discovered
MEF2A,FGF2,0.6636,discovered
HLA-G,KDM4C,0.3267,discovered
BRCA1,TAC3,0.3244,discovered
MAP2K1,LEF1,0.338,discovered
SMAD4,VCAN,0.3485,discovered
MYCN,PADI3,0.3161,discovered
RELA,STK11,0.4648,discovered
CDK4,ADIPOQ,0.6032,discovered
SERBP1,PTEN,0.3902,discovered
PCBD1,NCOA6,0.463,discovered
MUC5B,DMPK,0.3949,discovered
PURA,EGFR,0.3082,discovered
SP1,CPEB1,0.4484,discovered
HOXB1,JAK1,0.5131,discovered
HNF1A,PROM1,0.4245,discovered
PAX6,PHOX2A,0.4435,discovered
EMX2,VDR,0.4417,discovered
ALK,ALDH1A1,0.4926,discovered
TAF1,IFNG,0.4524,discovered
KDM4B,IL27,0.3615,discovered
MCAT,MGMT,0.3626,discovered
COL1A2,EGFR,0.3318,discovered
CDKN1A,ALOX15,0.5676,discovered
FOXF1,FOXN4,0.5714,discovered
KLF8,TNF,0.655,discovered
DNASE2B,OAT,0.6013,discovered
CEBPA,VCAM1,0.4662,discovered
APOA2,MMP13,0.4698,discovered
HLA-C,PFKP,0.5609,discovered
ATM,XPC,0.451,discovered
SOX9,DHX9,0.3557,discovered
HSF4,ATF4,0.3972,discovered
PLAG1,MCTS1,0.4494,discovered
FOXM1,LRP8,0.3387,discovered
STAT5B,TNFSF11,0.4472,discovered
ATF2,USP7,0.5961,discovered
IRF1,SUZ12,0.456,discovered
POU2F1,CR2,0.3079,discovered
RB1,PSIP1,0.4348,discovered
E2F1,RAG2,0.6464,discovered
NES,JUN,0.6497,discovered
SP1,BLK,0.559,discovered
BST2,RB1,0.3388,discovered
SP1,KRT12,0.3185,discovered
TP63,CDKN2B,0.3163,discovered
ELK4,SIN3A,0.4652,discovered
MEF2A,CDK6,0.3684,discovered
HMGA1,CDK4,0.3813,discovered
RELA,KDM4C,0.3524,discovered
EP300,LCK,0.5493,discovered
KLF6,CDH5,0.4421,discovered
E2F1,ASCL1,0.3368,discovered
CTCF,DUSP1,0.4082,discovered
NPM1,MPL,0.3415,discovered
OCLN,MMP20,0.3224,discovered
KHDRBS1,NFKB1,0.7052,discovered
JUN,IVL,0.7216,discovered
PRKAB1,TP53,0.414,discovered
EWSR1,DIRAS3,0.7132,discovered
FOXA1,ATF3,0.5587,discovered
RB1,RNASEL,0.3673,discovered
RFX1,INO80,0.3543,discovered
FOXM1,SLC5A8,0.4761,discovered
MITF,ID2,0.5566,discovered
TP63,CDK6,0.3126,discovered
CHEK1,PFDN4,0.4599,discovered
ZEB1,MYC,0.347,discovered
HIF1A,PLAUR,0.4682,discovered
BRCA1,HBG1,0.6021,discovered
NR2C2,HSD17B1,0.3273,discovered
GDF3,USP26,0.3917,discovered
HBP1,PDGFC,0.3334,discovered
CYP1A2,BCL2,0.3287,discovered
FLT3,CLU,0.4221,discovered
STAT3,ITGB1,0.3333,discovered
NR2F2,LRBA,0.5594,discovered
E2F1,ABCA1,0.4824,discovered
SMAD4,CTSS,0.7449,discovered
NFKB1,TRB,0.5367,discovered
ATF6,CCND1,0.476,discovered
CUX1,PCLAF,0.5012,discovered
STAT5B,AGT,0.367,discovered
SOX10,HBG1,0.5416,discovered
CDX2,SLC1A3,0.4972,discovered
RELA,LPIN1,0.5072,discovered
PGR,FAS,0.3235,discovered
ETS1,ABCB8,0.5283,discovered
SP3,MXD4,0.3963,discovered
ERF,CYP2C9,0.3394,discovered
TERF2,IGH,0.4358,discovered
HNF1A,SCG3,0.4256,discovered
SLC2A1,ME1,0.4626,discovered
FOXL2,TJP1,0.4769,discovered
JUN,DBH,0.5711,discovered
SYN1,PLIN1,0.3557,discovered
AR,MCL1,0.3268,discovered
SOX6,FAS,0.4809,discovered
ATF3,MYD88,0.3466,discovered
STAT1,GYPB,0.4662,discovered
MAP2K1,SEMG1,0.5785,discovered
POU2F1,OSM,0.3742,discovered
PLK1,INPP5J,0.4605,discovered
ASCL1,SLC2A1,0.4112,discovered
BRAF,LXN,0.4178,discovered
OGN,CCL11,0.496,discovered
HSF1,CDKN1B,0.4717,discovered
ATF4,BTS1,0.3328,discovered
RUNX1,CYP27B1,0.5764,discovered
STAT3,LMO2,0.3378,discovered
MSX1,AR,0.4256,discovered
TFDP1,CIP2A,0.3672,discovered
SLC22A8,EZR,0.7165,discovered
MAL,TCFL5,0.4789,discovered
NFKB1,STAT5A,0.5832,discovered
EAPP,CREBBP,0.5414,discovered
RUNX1,IBSP,0.394,discovered
KRAS,CAV1,0.5207,discovered
REST,MYEF2,0.3914,discovered
TEAD1,OXTR,0.5398,discovered
HIC1,TFDP3,0.4321,discovered
BMI1,PLAC1,0.3417,discovered
HTATIP2,BABAM2,0.6626,discovered
SPDEF,TK1,0.4842,discovered
NFIL3,NR4A1,0.5319,discovered
SETDB1,PRDX3,0.6428,discovered
GLIS3,SH2D1A,0.4193,discovered
IRF7,CCK,0.3519,discovered
CASP8,MICB,0.6611,discovered
TERF2,DCN,0.323,discovered
RAG1,HLA-DPA1,0.4146,discovered
POU2F3,NOV,0.5352,discovered
ID1,BCL2A1,0.3412,discovered
MYC,NCOR2,0.4786,discovered
SPI1,SLC6A3,0.5929,discovered
JUND,MMP17,0.5123,discovered
PREB,KRT18,0.3382,discovered
TFAP2A,PLAU,0.6743,discovered
SNAI2,PDGFRA,0.342,discovered
HLA-DQB2,MYEF2,0.4182,discovered
HOXD3,HBE1,0.5514,discovered
UGT1A1,DYRK1A,0.3417,discovered
DDB1,STAT1,0.6038,discovered
KRAS,BHLHE22,0.3249,discovered
CTCF,CYP11A1,0.4206,discovered
REL,IL1A,0.6405,discovered
KAT2B,SPINK4,0.6431,discovered
TMPRSS2,SHH,0.5784,discovered
BRD4,CD22,0.4811,discovered
NAMPT,AR,0.6161,discovered
CIITA,TOE1,0.5393,discovered
E4F1,MMP2,0.3714,discovered
CEBPB,HBG1,0.3176,discovered
ERBB2,U2AF2,0.636,discovered
ELF4,PSMC5,0.3547,discovered
WISP2,ITGAD,0.5201,discovered
ILF2,SIX5,0.3308,discovered
MEF2D,COPS5,0.4445,discovered
STAT2,CUX1,0.3329,discovered
SNW1,PDCD1,0.3938,discovered
RELA,REL,0.3563,discovered
FAT1,REL,0.4244,discovered
MYD88,SLPI,0.6039,discovered
SFRP1,OLIG2,0.5113,discovered
MACC1,F12,0.3953,discovered
XBP1,GATA4,0.5211,discovered
ETS1,IL6,0.3563,discovered
YY1,ECT2,0.3592,discovered
E2F1,PREB,0.5035,discovered
TCF4,CNR1,0.4564,discovered
CEBPB,NPY,0.3329,discovered
CTCF,FOSL1,0.4088,discovered
UHRF1,AKR1C4,0.442,discovered
JUNB,RASSF1,0.3677,discovered
STAT3,TRPC1,0.3866,discovered
IL10,IGFBP4,0.305,discovered
WT1,ABCA3,0.4691,discovered
HIF1A,KISS1,0.3181,discovered
RELA,ITGB2,0.6513,discovered
EED,WASF3,0.312,discovered
ATM,RB1,0.4454,discovered
SOX9,DGKG,0.4528,discovered
KLF10,BCL2A1,0.505,discovered
MSC,CD4,0.4429,discovered
MYC,SMPD1,0.4314,discovered
TP53,BIRC2,0.5572,discovered
IRF7,RCC1,0.5433,discovered
CTNNB1,RPTOR,0.3836,discovered
NR1H4,PROX1,0.3729,discovered
SP3,AR,0.3196,discovered
FHL5,IL13,0.6143,discovered
XRCC6,THBS1,0.5382,discovered
SMAD3,CA9,0.4604,discovered
CBX5,KLK3,0.3296,discovered
FLI1,CDKN1B,0.4,discovered
PER1,PPARG,0.4188,discovered
KLF4,PPARD,0.319,discovered
JUN,FOLR1,0.6397,discovered
MECP2,TAF12,0.3796,discovered
FOS,HLA-DQB2,0.4633,discovered
ACE,CYP7A1,0.5403,discovered
XBP1,BCL2,0.5241,discovered
NFKB1,VIP,0.3878,discovered
STAT3,HBE1,0.5162,discovered
TWIST1,OPRM1,0.4043,discovered
ASCL1,LCAT,0.4609,discovered
MYC,KDR,0.3173,discovered
ING1,PHLDA1,0.3541,discovered
HMG20B,IKBKG,0.495,discovered
NFIC,MMP2,0.3439,discovered
PTTG1,OLR1,0.3203,discovered
REL,GJA1,0.5745,discovered
STAT1,PARP1,0.6599,discovered
CREB5,TBX2,0.5177,discovered
PPARG,SATB1,0.3492,discovered
ETS2,PPARG,0.4033,discovered
CTCF,CD40LG,0.3382,discovered
CLOCK,ADH5,0.4539,discovered
GABPB2,POU3F4,0.4469,discovered
HIVEP2,MEF2C,0.4153,discovered
NR5A2,MITF,0.4058,discovered
NFE2L2,KDM4C,0.5171,discovered
KL,ADGRB1,0.5457,discovered
HNF1A,FDFT1,0.3104,discovered
AR,TYR,0.4843,discovered
PARP1,IGF2BP1,0.4687,discovered
CCNE1,COL1A2,0.4212,discovered
PGR,CRYAB,0.5651,discovered
TP53,FOXD1,0.5406,discovered
TFAP2B,TRRAP,0.5034,discovered
UPF1,CCL5,0.3909,discovered
HNF4A,ELL,0.5735,discovered
LEF1,HSPA1A,0.4984,discovered
REL,PTN,0.5119,discovered
PPARA,CYP7B1,0.3479,discovered
TRIM21,MYC,0.4184,discovered
BRCA1,JUND,0.3687,discovered
SOX17,LDHA,0.5946,discovered
RICTOR,EHMT2,0.4801,discovered
IRF9,POU1F1,0.3355,discovered
STAT6,BCL2,0.6889,discovered
FOSB,TXNIP,0.323,discovered
CREM,HLA-DOA,0.7706,discovered
PER1,RHO,0.5201,discovered
TWIST1,HSPA8,0.3641,discovered
HSF1,LAMTOR5,0.3905,discovered
VDR,APOE,0.3232,discovered
STAT3,CDK6,0.3062,discovered
UPF1,JUN,0.3834,discovered
STAT3,CD274,0.3221,discovered
KISS1,NQO1,0.4483,discovered
SPI1,IL2,0.4597,discovered
EZH2,GLS,0.3527,discovered
TEF,PFKP,0.6565,discovered
UMOD,SIM2,0.3174,discovered
LYL1,CSH1,0.4646,discovered
SP100,RECK,0.3721,discovered
IRF7,ASNS,0.3239,discovered
NR2F6,ITGA5,0.3713,discovered
PKP3,MET,0.3164,discovered
PIAS3,RELA,0.4256,discovered
VDR,MITF,0.3984,discovered
ATF1,GM2A,0.4497,discovered
SNAI2,INS,0.3878,discovered
SP3,IL12B,0.343,discovered
PAX4,GCGR,0.4291,discovered
MAP3K1,NOTUM,0.471,discovered
NR4A1,PMEPA1,0.3595,discovered
EWSR1,CDC25B,0.4279,discovered
TRPS1,SLC22A10,0.4724,discovered
REL,KRAS,0.3073,discovered
STAT3,CRISP1,0.3751,discovered
ETS1,ODC1,0.3101,discovered
NFKB1,PFKFB3,0.4455,discovered
CCND1,CYP11A1,0.5093,discovered
SP1,MAP3K1,0.4638,discovered
NR1I3,CDKN1A,0.4056,discovered
MYBL2,PTPN13,0.5422,discovered
TFDP1,SERPINE1,0.4654,discovered
ETS1,BCAR1,0.3184,discovered
USF2,ITGB3BP,0.4328,discovered
TINF2,WBP1,0.4181,discovered
ATRX,ME1,0.427,discovered
NFE2L2,PLAT,0.4781,discovered
RELA,EPHA3,0.4034,discovered
HDAC1,DEFA1,0.408,discovered
SOX5,GTF3A,0.4428,discovered
E2F8,DST,0.315,discovered
HIF1A,SPI1,0.515,discovered
TCF7L2,PSMB9,0.3311,discovered
SNAI1,TIMP1,0.3404,discovered
ETV4,RFX3,0.3519,discovered
HOXD3,CYP7B1,0.443,discovered
GADD45G,LYZ,0.3617,discovered
HOXA10,SOD2,0.7455,discovered
HIF1A,CYBB,0.4543,discovered
MUC17,GLS,0.3754,discovered
EGR1,NEUROD1,0.3716,discovered
NR3C2,ARNTL,0.7204,discovered
HEY2,SRSF1,0.3869,discovered
PAX5,RET,0.4586,discovered
TERF2,SIRT6,0.3822,discovered
TP63,MSR1,0.4233,discovered
CCL26,STAR,0.3775,discovered
MEF2A,BSG,0.3906,discovered
STAT3,MCM5,0.4272,discovered
IL21,VEGFA,0.494,discovered
ATXN7,NOTCH1,0.3356,discovered
ESR1,RAF1,0.4619,discovered
FGFR1,MITF,0.5057,discovered
STAT2,HMOX1,0.3882,discovered
TWIST1,CXCL8,0.4423,discovered
E2F1,SIGIRR,0.4093,discovered
CREBBP,PGR,0.3041,discovered
TCN2,DMD,0.3453,discovered
SIRT1,LOR,0.5143,discovered
KLF5,UGT2B7,0.372,discovered
CCL22,ZNF148,0.4587,discovered
RARA,FOXE1,0.3612,discovered
KLF2,ACOX1,0.3086,discovered
PSMD11,JUN,0.4711,discovered
AICDA,WFDC2,0.5207,discovered
KLF7,MEOX2,0.5686,discovered
TEAD1,LTC4S,0.5517,discovered
AURKA,MEFV,0.3916,discovered
PSMC5,PTK6,0.3743,discovered
SNAI1,ITGA2B,0.3291,discovered
NR3C1,TNFRSF10B,0.3799,discovered
ZEB1,SMAD4,0.6989,discovered
MYCN,HLA-DOB,0.4077,discovered
RFXANK,ATF3,0.5089,discovered
KLF4,SMARCD3,0.4155,discovered
CTNNBIP1,SMUG1,0.3609,discovered
PLG,ALOX15,0.4768,discovered
ALB,DDB1,0.4097,discovered
STAT2,BAMBI,0.4086,discovered
PGR,THBS1,0.3191,discovered
NR2F2,E2F3,0.3379,discovered
HDAC4,EZR,0.3635,discovered
NFKB1,HSPA5,0.3886,discovered
NES,SFTPB,0.369,discovered
NR1I3,PSMC5,0.4027,discovered
ATF3,FAS,0.3658,discovered
SP3,PDGFB,0.5351,discovered
NFE2,MMP1,0.476,discovered
NFKB1,UGT1A7,0.3598,discovered
TP53,TNFRSF11A,0.377,discovered
TFDP3,RELB,0.4167,discovered
ANXA8,HP,0.5379,discovered
L1CAM,EP300,0.6774,discovered
KRAS,PTP4A1,0.4679,discovered
NANOG,ADGRB1,0.4176,discovered
FGF10,SOX11,0.7186,discovered
USF2,BGLAP,0.4249,discovered
SP1,TNFRSF13C,0.5523,discovered
USF2,CDH2,0.3767,discovered
EGR1,GH1,0.3274,discovered
EBF1,ESR1,0.5236,discovered
GLI2,CLDN7,0.4885,discovered
HDAC1,TAF7,0.3723,discovered
UBTF,HLA-DOB,0.4339,discovered
ASS1,ABCA1,0.3288,discovered
USF2,HTT,0.3775,discovered
PTTG1,CD70,0.3155,discovered
RARG,E2F1,0.4297,discovered
BRCA1,NTRK3,0.3187,discovered
LMO4,DNAJC3,0.5857,discovered
RELA,SIDT1,0.3849,discovered
CREG1,RAD51,0.5643,discovered
DDIT3,RAD51B,0.4096,discovered
BTF3,INS,0.3689,discovered
STAT5A,CDKN1A,0.3168,discovered
SP1,SOX2,0.4153,discovered
MEN1,PDCD5,0.3982,discovered
MYC,KPNA1,0.3764,discovered
FTH1,DNMT3A,0.3376,discovered
MECP2,TNFRSF12A,0.5384,discovered
SCAI,FGF1,0.3315,discovered
ZNF148,CRP,0.3922,discovered
SPI1,PCLAF,0.4991,discovered
CTCF,PELP1,0.496,discovered
SP1,SFTPD,0.4076,discovered
NCOA2,SNAI1,0.5133,discovered
CREBBP,SLC22A8,0.5128,discovered
HOXC8,GADD45A,0.4722,discovered
RNF8,BUB1B,0.4064,discovered
MTF1,PDE6A,0.3767,discovered
IRF5,AR,0.4152,discovered
FOXO4,BTG3,0.5079,discovered
STAT3,VIM,0.5034,discovered
TUBA1B,ASCL1,0.5502,discovered
SP1,CDK2,0.5513,discovered
TAF1,HES6,0.5481,discovered
BRCA1,SERPINE1,0.5755,discovered
MYC,HIF1A,0.3321,discovered
ESR1,BMI1,0.367,discovered
TBX2,RAF1,0.4462,discovered
NR1I2,CYP17A1,0.3688,discovered
HPSE,COP1,0.7201,discovered
EGR1,LIF,0.4017,discovered
POU4F1,TBP,0.3208,discovered
MEF2D,CDK6,0.4416,discovered
EZH2,RICTOR,0.3057,discovered
ARNTL,PTPN6,0.5829,discovered
REST,NFKB1,0.4682,discovered
ARID1A,RB1CC1,0.4124,discovered
HDAC2,TNC,0.3674,discovered
SIRT1,S100A10,0.3321,discovered
YY1,CSNK2B,0.5261,discovered
COL1A2,CFH,0.3537,discovered
RFXAP,POLK,0.3236,discovered
JUNB,BCL2L1,0.5638,discovered
ATR,MST1,0.4424,discovered
JUN,CDKN2A,0.4328,discovered
CDKN3,CDKL5,0.3281,discovered
STAT3,HSF1,0.375,discovered
SNAI1,TRIM21,0.3136,discovered
KLF4,TLR9,0.5273,discovered
TFCP2,HSPA5,0.4678,discovered
CIITA,MITF,0.3106,discovered
TGFB1,HLA-DOB,0.6208,discovered
E2F1,ORMDL3,0.4194,discovered
FOXL1,SLC3A2,0.333,discovered
USF1,VEGFA,0.4074,discovered
S100P,PIK3R3,0.3997,discovered
CTNNB1,HOXB13,0.5269,discovered
GREB1,TRAP,0.4568,discovered
CBFA2T3,OXTR,0.4856,discovered
PEG3,BACE1,0.5315,discovered
MAP3K14,IL11,0.3396,discovered
RUNX3,BAX,0.3935,discovered
EPB41L4B,SELL,0.3909,discovered
ARID3A,SDHB,0.5662,discovered
PRAME,GATA4,0.4357,discovered
NR2F1,LCN2,0.3782,discovered
FHL2,CSF2RA,0.656,discovered
RUNX1,SFTPA1,0.5547,discovered
DEAF1,TERT,0.3318,discovered
KLF2,RRAS2,0.6527,discovered
HDAC1,RB1,0.4808,discovered
ATR,SMAD7,0.3748,discovered
CHGA,APOB,0.6257,discovered
UHRF1,LIN28A,0.3157,discovered
HDAC4,DAP3,0.4504,discovered
DNMT1,TNFSF10,0.3717,discovered
STAT3,TG,0.3818,discovered
PLIN1,TNF,0.3497,discovered
HNF4A,RASGEF1B,0.5868,discovered
ZNF350,BDKRB1,0.5086,discovered
USF2,BGN,0.4645,discovered
BMI1,CD82,0.3357,discovered
MYCN,GABPA,0.4212,discovered
TBP,SCARB2,0.3773,discovered
TSG101,ACBD3,0.3801,discovered
NRAS,ITGAD,0.563,discovered
IRF8,ALK,0.4402,discovered
BRCA2,SLC2A4,0.4039,discovered
MYC,HSD17B6,0.5926,discovered
ELF4,HOXA9,0.3371,discovered
TFEB,BCL2,0.3824,discovered
HNF1A,PERP,0.4489,discovered
WDR5,SI,0.4084,discovered
JUND,TP53,0.557,discovered
SOX17,CD40,0.6396,discovered
KLF8,CYBB,0.3903,discovered
PITX1,MAL,0.3315,discovered
TRPV6,MGMT,0.474,discovered
CEBPB,IDO1,0.3915,discovered
STAT5A,FABP6,0.6303,discovered
HMGA1,TLR9,0.367,discovered
KLF15,BRCA2,0.3996,discovered
NR1I2,SAA1,0.384,discovered
AR,FGF1,0.4572,discovered
ING4,PEBP1,0.319,discovered
ALDOB,CDKN1B,0.4779,discovered
NME1,AKR1C4,0.3896,discovered
ARNTL,ITGB1,0.3111,discovered
ETV7,PGR,0.3178,discovered
SOX2,SRPX2,0.4562,discovered
ATF4,RAD51,0.4188,discovered
GATA2,CEBPE,0.4297,discovered
ETS1,KRT19,0.3743,discovered
KCNMA1,RICTOR,0.536,discovered
SLC22A9,EYA3,0.6069,discovered
FASN,MYBL2,0.4058,discovered
IL10,BIRC2,0.4677,discovered
SNAI2,SEC14L2,0.478,discovered
CREB1,SGPL1,0.505,discovered
REL,STIM1,0.3256,discovered
POU3F1,MSC,0.5083,discovered
CREBBP,IBSP,0.4831,discovered
STAT1,IGF1,0.4784,discovered
POU4F1,FAM57A,0.4403,discovered
HMGN1,UGCG,0.3742,discovered
CIITA,SALL4,0.6089,discovered
PCGF2,SF1,0.3713,discovered
E2F8,ID3,0.4172,discovered
TNPO1,ATP5F1A,0.3547,discovered
TFAP2C,NPHS2,0.4714,discovered
HOXA4,TGFBR2,0.3541,discovered
SP3,RB1,0.516,discovered
HIF1A,MDM2,0.5366,discovered
DNMT1,AKR1C4,0.5237,discovered
RUNX1,SESN1,0.5561,discovered
CLDN2,MYC,0.3917,discovered
RELA,ME1,0.4734,discovered
HNF1B,PTGIR,0.4393,discovered
MITF,PTGES,0.3968,discovered
STAT1,DICER1,0.6115,discovered
TP53BP1,SMAD7,0.4153,discovered
JUND,SNCB,0.5007,discovered
POU2F2,NEUROG3,0.3578,discovered
LRP5,CELSR3,0.468,discovered
GCK,WAS,0.4173,discovered
HLA-G,PLA2G2A,0.3029,discovered
RPTOR,TPH1,0.4452,discovered
ARID1B,IFNL2,0.341,discovered
TSC1,SFRP5,0.3607,discovered
BRCA1,DEFB1,0.6301,discovered
BRCA1,CPEB1,0.3833,discovered
E2F1,HTR1A,0.501,discovered
RLN2,ITGAX,0.4633,discovered
E2F1,TCN2,0.4532,discovered
FOXO1,HPGD,0.6572,discovered
PDHX,MID1,0.3346,discovered
SPI1,RASGEF1B,0.4178,discovered
ETS1,TGFB1,0.4185,discovered
ZNF300,TP53,0.46,discovered
SP1,GCSAM,0.4281,discovered
STAT5A,ITGAV,0.3662,discovered
USF1,MAP3K5,0.3287,discovered
CEBPB,SLC31A1,0.323,discovered
PPARA,CYP19A1,0.57,discovered
ETS1,PCNA,0.4197,discovered
STAT3,ARID1A,0.4014,discovered
SPI1,SPRR3,0.4041,discovered
MIR202,IL27,0.416,discovered
HSF1,FOXP3,0.6411,discovered
MCM7,ITGAD,0.346,discovered
RICTOR,ETS2,0.4697,discovered
CSNK2A1,BRAF,0.6429,discovered
HNF4A,CDK6,0.6926,discovered
NFATC1,IGF1,0.3413,discovered
SP1,HSPA8,0.3538,discovered
RELA,NES,0.4405,discovered
HMGA1,LMO3,0.3858,discovered
STAT6,NELFCD,0.3074,discovered
TTF2,CDH1,0.3014,discovered
MSX2,PHGDH,0.3335,discovered
ARL6IP5,NRF1,0.3749,discovered
NR0B1,ADAM12,0.3539,discovered
EGR1,DBH,0.5557,discovered
FOXO1,PFDN4,0.3718,discovered
ETV4,IGFBP3,0.4213,discovered
RELA,BTRC,0.543,discovered
ASCL1,HSPA5,0.3976,discovered
CLOCK,POMGNT1,0.3922,discovered
TAP1,NR2C2,0.4932,discovered
PAX2,ALAS1,0.5273,discovered
JUNB,PLIN2,0.5952,discovered
GSK3B,TNFRSF11B,0.5475,discovered
PRDM1,IL5,0.3185,discovered
SCNN1B,LRRN3,0.6329,discovered
MC1R,MMP1,0.4822,discovered
TEF,PCLAF,0.3965,discovered
TNFAIP3,FOSL1,0.4759,discovered
FOXO1,BIN1,0.3985,discovered
SMN1,GCM1,0.4194,discovered
EGF,CLU,0.4135,discovered
EGR1,ZNF423,0.4479,discovered
CDX2,ARNTL2,0.5909,discovered
PSMD3,CYR61,0.6094,discovered
NF1,PGK1,0.3423,discovered
ELK1,TNPO1,0.4057,discovered
ROS1,APOBR,0.4722,discovered
FOXK2,NPPA,0.3074,discovered
SP3,SLC13A4,0.4499,discovered
EP300,CCNA2,0.3091,discovered
CD46,CCND2,0.5586,discovered
ELF1,ERG,0.4422,discovered
MXD1,SELP,0.6978,discovered
HEY2,CCND2,0.4457,discovered
LIMD1,CDC25B,0.5327,discovered
HDAC4,TIMP1,0.574,discovered
CEBPB,CHEK2,0.5367,discovered
EZH2,MBD2,0.6236,discovered
TP53,SNAI1,0.6023,discovered
PBX2,DDC,0.4884,discovered
GML,SMAD7,0.5654,discovered
JUNB,LDLR,0.3606,discovered
TP63,IKBKG,0.3689,discovered
TBC1D22A,AR,0.3418,discovered
DEK,UBTF,0.3811,discovered
RBL1,NPSR1,0.3193,discovered
PPARG,PRG3,0.3665,discovered
TSG101,SLC22A6,0.3101,discovered
STAT3,CYP1A1,0.429,discovered
YY1,FGF10,0.3083,discovered
KRT10,TFF1,0.3724,discovered
TP53,KL,0.5271,discovered
NRF1,IRF2,0.6483,discovered
SATB1,NELL2,0.6402,discovered
EP300,TMPO,0.3782,discovered
ATF1,CD40,0.5223,discovered
ERG,IPO13,0.3971,discovered
STAT3,POLD2,0.4648,discovered
STAT5A,CDH1,0.3991,discovered
CTCF,CDC25A,0.7106,discovered
RFXANK,AURKA,0.4006,discovered
KPNB1,KPNA2,0.4699,discovered
PARP1,SAP30,0.3086,discovered
SALL4,ABCB8,0.5571,discovered
SP3,MBD1,0.4575,discovered
SUZ12,CYP19A1,0.3642,discovered
NFKBIA,KIT,0.3098,discovered
ELF4,FADD,0.402,discovered
YY1,DUSP10,0.5811,discovered
NFKB1,IRF2,0.3088,discovered
APC,ZNF750,0.4003,discovered
E2F1,HSD3B2,0.5452,discovered
EYA3,IGF1,0.3726,discovered
PPARA,TBP,0.558,discovered
RUNX1T1,PTGS2,0.4828,discovered
GTF3A,ATF4,0.6061,discovered
ENO1,TERT,0.3545,discovered
RPTOR,CRISP3,0.4459,discovered
SOX9,TFF1,0.3457,discovered
TIMP2,PHB,0.3437,discovered
DMAP1,S100P,0.3561,discovered
POU2F1,DCT,0.3664,discovered
HDAC3,PDGFA,0.397,discovered
PITX2,CRY1,0.4653,discovered
PAX6,ZIC3,0.4431,discovered
NFKB1,ID2,0.5443,discovered
CREM,HLA-G,0.4482,discovered
BRCA1,FMN2,0.437,discovered
TTF2,TGFBR1,0.3059,discovered
TFAP2A,CTSD,0.5654,discovered
SPHK1,FGFR1,0.3546,discovered
GSK3B,HSPA5,0.3927,discovered
KLK2,E2F1,0.6568,discovered
ATF3,RPTOR,0.4009,discovered
CSF2RA,CYP7B1,0.3901,discovered
MAPK14,MITF,0.6022,discovered
CEBPA,HOXB13,0.3057,discovered
BRCA1,NTRK1,0.3826,discovered
SRPX,PHOX2A,0.3402,discovered
HDAC3,TYR,0.3827,discovered
AR,USF1,0.3381,discovered
HMGA1,APOC3,0.4063,discovered
AR,XBP1,0.4292,discovered
MTOR,PFKFB3,0.4273,discovered
HDAC7,SIRT6,0.3682,discovered
ZEB1,HOXD3,0.6198,discovered
CARD8,PIGR,0.4447,discovered
RUNX1,F3,0.3434,discovered
PGR,SAMD4A,0.338,discovered
DBP,CTNNB1,0.4996,discovered
NRAS,MMP14,0.5024,discovered
VEZF1,MMP3,0.3631,discovered
ARID1A,SNAPC1,0.5379,discovered
HEYL,TP53,0.4324,discovered
SIRT1,PSMC5,0.3889,discovered
TGFB1,ABCC6,0.4078,discovered
DDC,ADH5,0.5126,discovered
HSPH1,BCL2,0.5781,discovered
BRD7,LIN28A,0.413,discovered
CTCF,TAP2,0.4033,discovered
TP53,IFNG,0.3025,discovered
STAT5A,CDH2,0.3309,discovered
NRF1,SNAI1,0.4031,discovered
SMAD4,RARG,0.3549,discovered
STAT1,MAT2A,0.323,discovered
SP3,ALOX15,0.3682,discovered
ILF3,CCND1,0.3938,discovered
CBX7,TNFRSF10B,0.4906,discovered
NFKB1,FGFR3,0.4275,discovered
RFXANK,NOTCH2,0.4037,discovered
ATM,ZNF148,0.6016,discovered
ESR1,FOXO3,0.7286,discovered
FOSL2,FGF1,0.4275,discovered
CDKN1A,HINFP,0.5233,discovered
IFNB1,APC,0.4021,discovered
CTNNB1,FOS,0.6088,discovered
MAX,NQO1,0.535,discovered
SERPINB9,POU1F1,0.5148,discovered
NR5A1,ABCB1,0.3882,discovered
EGR1,HES1,0.5513,discovered
WT1,GSTA1,0.5437,discovered
RUNX1,CDKN1A,0.3228,discovered
CEBPB,PFKP,0.4733,discovered
NRAS,CREM,0.3159,discovered
XPC,ABCC6,0.4694,discovered
HIF1A,KLF2,0.3839,discovered
XRCC1,CDCA7,0.5911,discovered
CRYGA,VEGFA,0.364,discovered
POU4F1,ICAM1,0.5109,discovered
XAF1,TNFRSF10B,0.345,discovered
JUND,STAT1,0.4005,discovered
NLRP2,SALL4,0.3473,discovered
UBE2I,HSD11B2,0.5274,discovered
DNMT1,JAK1,0.318,discovered
CYBB,IFNG,0.352,discovered
TP53,MSH6,0.4237,discovered
EGFR,FUBP1,0.3997,discovered
SF1,SIDT1,0.3867,discovered
CDC20,FGF10,0.5335,discovered
LMX1B,HBA2,0.3167,discovered
BCL2L1,HMGXB4,0.7483,discovered
MYC,ANKRD1,0.6251,discovered
NR5A2,ELL,0.3366,discovered
ATF1,STAR,0.3249,discovered
FOS,SFRP1,0.4173,discovered
PTEN,RAD51,0.381,discovered
TERF2,DNAJC3,0.4048,discovered
DVL1,MECOM,0.5804,discovered
TWIST1,IGF1,0.3659,discovered
TOP3A,IFNB1,0.68,discovered
STAT1,ATF6,0.3774,discovered
NRL,CCL2,0.5085,discovered
POU2F2,SCNN1B,0.4167,discovered
NFKB1,AVP,0.4425,discovered
NFIB,ACTA1,0.4292,discovered
TRIB3,TGFB2,0.3387,discovered
SFTPA1,MSLN,0.3558,discovered
HOXA1,FUT2,0.5908,discovered
HES1,NUCB1,0.3034,discovered
DCN,FLT1,0.428,discovered
CLDN2,PCSK6,0.3778,discovered
NR5A1,ERBB2,0.4243,discovered
LEF1,NR1H4,0.4231,discovered
ATF6,CCL3,0.3159,discovered
STAT3,OGG1,0.3371,discovered
JUN,MC1R,0.3647,discovered
SP3,APOA4,0.3671,discovered
TRIM21,GDF5,0.3248,discovered
CEBPA,IGF2BP2,0.4501,discovered
NKX2-1,HAX1,0.3161,discovered
JUNB,ERCC4,0.4087,discovered
SALL2,MMP2,0.5457,discovered
CLEC4G,HBE1,0.6458,discovered
NR2F2,HMGB1,0.4608,discovered
TEAD1,MMP12,0.3308,discovered
NFKB1,ITGB2,0.3902,discovered
DEAF1,PTPN13,0.4733,discovered
SPI1,ACE,0.4114,discovered
SATB1,EGLN2,0.6238,discovered
USF1,BHLHE22,0.4118,discovered
DDIT3,KLF1,0.3758,discovered
NR5A1,ABCA1,0.3273,discovered
AES,LIN28A,0.4046,discovered
STAT3,PDGFRB,0.5666,discovered
RAD51AP1,TNFRSF11B,0.5637,discovered
LCOR,EGFR,0.5887,discovered
NRF1,NTS,0.5296,discovered
GSK3B,GMPS,0.341,discovered
SLC46A1,ERG,0.529,discovered
ALOX15,FMO4,0.4642,discovered
JUN,LMO2,0.3854,discovered
VDR,PREB,0.3853,discovered
REPS2,MAOB,0.4932,discovered
ATF2,TP63,0.3735,discovered
E2F1,IGF2R,0.3898,discovered
RB1,GAPDH,0.4213,discovered
SLC26A4,NKX3-1,0.3911,discovered
RUNX1,KLK1,0.5184,discovered
HDAC2,GFAP,0.6627,discovered
MTA1,CDK6,0.4231,discovered
DNMT1,ICAM1,0.5119,discovered
SNW1,IBSP,0.453,discovered
DEAF1,TAF1B,0.5942,discovered
RELA,ECT2,0.4278,discovered
SPAG6,PDK4,0.3649,discovered
BMI1,CYP19A1,0.3661,discovered
NFKB1,DCC,0.5628,discovered
EWSR1,CDK6,0.4418,discovered
FOS,PAX6,0.5911,discovered
KLF6,ANGPTL4,0.3065,discovered
TFAP2A,BAG3,0.4879,discovered
BCL2A1,SRD5A3,0.3689,discovered
PITX2,IL6,0.6341,discovered
NF1,XRCC1,0.4436,discovered
MTA2,RLN1,0.4701,discovered
HNF4A,MITF,0.4547,discovered
STAT6,CTSK,0.4774,discovered
MYBL2,BRAF,0.3526,discovered
NR3C1,SMARCA4,0.31,discovered
TP53,CD4,0.571,discovered
DAPK1,ICAM1,0.5017,discovered
ABL1,TBPL1,0.3851,discovered
LYL1,BTG2,0.3219,discovered
AHR,RTN3,0.3154,discovered
TP53,KDM6A,0.5285,discovered
MAF,CYP1B1,0.7122,discovered
FLT3,NR0B2,0.4464,discovered
CCNE1,RELA,0.3375,discovered
CDC20,NDRG1,0.4124,discovered
NFE2,FGF4,0.3669,discovered
UHRF1BP1,ABCA1,0.6691,discovered
REST,MYBL2,0.6396,discovered
SP1,TRIM28,0.6167,discovered
CCND1,INS,0.3673,discovered
TLE3,DDB1,0.3033,discovered
ETS1,VEGFA,0.324,discovered
NR5A2,INS,0.3324,discovered
NME1,TGFB1,0.337,discovered
KISS1,CYP7A1,0.3121,discovered
UCP1,CLEC4G,0.5298,discovered
ZEB2,SMARCA4,0.6122,discovered
E2F1,IGF1,0.4234,discovered
GATA4,LHB,0.4899,discovered
SP1,RNASEL,0.5825,discovered
NOTCH2,USP26,0.4744,discovered
PEG10,CXCL14,0.3063,discovered
NFKB1,PRL,0.3291,discovered
SP1,SIN3A,0.3711,discovered
JUN,BCL2,0.44,discovered
JUN,RB1,0.3771,discovered
RB1,G0S2,0.3385,discovered
STARD3,EXT1,0.5155,discovered
CTCF,MAP2K1,0.561,discovered
SIRT1,UGT1A6,0.4184,discovered
XBP1,CYP11A1,0.4842,discovered
FCGRT,SMARCD3,0.5527,discovered
FOSL1,IL5,0.3924,discovered
DNASE2B,NEFL,0.5641,discovered
E2F8,MDM2,0.3011,discovered
FLT3,CEACAM1,0.355,discovered
ABL1,HBEGF,0.3946,discovered
PARP1,SP1,0.3687,discovered
YBX1,LAG3,0.4043,discovered
NFKB1,POLD2,0.3416,discovered
E2F1,IFNL2,0.4011,discovered
HDAC7,HLTF,0.3453,discovered
STAT4,IGF2,0.5011,discovered
SERPINB5,ARG2,0.5484,discovered
SAA2,PPARG,0.7018,discovered
PTTG1,CDC5L,0.3848,discovered
SRF,BHLHE40,0.4668,discovered
KLF4,RPLP0,0.6037,discovered
BRAF,EAF2,0.5198,discovered
GATA3,ARHGEF1,0.4014,discovered
FSHR,GLRA1,0.4846,discovered
TP73,POR,0.5943,discovered
CDH1,ADIPOR1,0.4343,discovered
REL,PELO,0.3554,discovered
NR1H3,ASNS,0.4184,discovered
MMP10,EGFR,0.4471,discovered
EP300,ENO1,0.3263,discovered
FOXO1,CSNK2A1,0.425,discovered
KLF4,ESR1,0.358,discovered
SLC34A2,F8,0.3453,discovered
TWIST2,FGF10,0.5311,discovered
PARP1,NOTCH2,0.5036,discovered
FGFR1,NDRG2,0.4936,discovered
LHX6,AURKA,0.3182,discovered
CREBBP,IRF5,0.3486,discovered
ILF3,CCND2,0.3459,discovered
SIRT3,CIC,0.3876,discovered
YBX1,BRCA1,0.38,discovered
TWIST1,ASS1,0.3954,discovered
IRF9,IGFBP1,0.6403,discovered
SP3,FOXD3,0.7246,discovered
MYC,ZNF205,0.4937,discovered
AR,ABCG2,0.3952,discovered
MTA3,GRIP1,0.4279,discovered
MYB,ADRB2,0.423,discovered
NR1I2,IRS2,0.3651,discovered
LGR5,LMO1,0.5422,discovered
USF2,SIDT1,0.3432,discovered
RFX5,BRS3,0.4703,discovered
ETS1,RBP3,0.5103,discovered
SP1,HK3,0.3596,discovered
FOXA2,ERG,0.3823,discovered
FOXN1,TCF4,0.3552,discovered
EMSY,MITF,0.4447,discovered
GREB1,RB1,0.4413,discovered
SOX9,ACKR1,0.3951,discovered
BAD,CYP7B1,0.5278,discovered
ARID1A,LGALS1,0.3134,discovered
COL7A1,SI,0.3778,discovered
OTX1,PDE6B,0.5775,discovered
HIF1A,SOX3,0.7374,discovered
TIMP2,NCBP1,0.6481,discovered
MITF,HLF,0.3372,discovered
TTK,RORA,0.3215,discovered
PTN,CD2,0.4721,discovered
TGFB1,AMH,0.4164,discovered
SIRT1,CABLES1,0.5352,discovered
HDAC1,IL10,0.5779,discovered
FUS,PRL,0.6961,discovered
E2F1,GBP1,0.5601,discovered
MTA1,MIA,0.5179,discovered
TP53,CDH2,0.3581,discovered
RAB3A,CDKN1B,0.4663,discovered
WT1,BDKRB2,0.375,discovered
TP53,HDAC2,0.4208,discovered
SPEN,RARB,0.5825,discovered
FOXM1,IGF2R,0.4811,discovered
STAT5A,CDKN2C,0.5996,discovered
SP1,CHEK1,0.3204,discovered
JAG1,UGT2B15,0.3417,discovered
CCND3,CCL3,0.5779,discovered
SRY,E2F1,0.4129,discovered
KLF4,MAP2K1,0.3319,discovered
YY1,LAMA1,0.5109,discovered
SIRT1,HECA,0.4431,discovered
POU2F1,CYBB,0.3168,discovered
NKX2-3,APCS,0.3996,discovered
ALK,CAT,0.3125,discovered
NFIC,IRF9,0.305,discovered
GSK3B,KLK1,0.3704,discovered
EGR1,DEFA3,0.5296,discovered
RUNX1,ARG2,0.5744,discovered
CDX2,SOX3,0.6702,discovered
JUN,HLA-DRB3,0.3312,discovered
HSF1,BCL2,0.302,discovered
CD46,PTPA,0.423,discovered
GATA1,ECE1,0.451,discovered
SDC1,PTPN13,0.6119,discovered
FLI1,CXADR,0.3333,discovered
POU2F1,MIR202,0.4276,discovered
CD274,PLAUR,0.3361,discovered
TFDP1,SLC34A2,0.5241,discovered
PTEN,KRT7,0.4159,discovered
SEMA6A,MKI67,0.4092,discovered
BRCA1,SRD5A3,0.3118,discovered
ETS2,NFKB1,0.5181,discovered
RELA,ESCO2,0.4218,discovered
NR1I3,GAST,0.3093,discovered
JUNB,CCL3,0.3708,discovered
TNFAIP6,DCT,0.4749,discovered
SRCAP,ABCB1,0.3706,discovered
COL4A2,CD40LG,0.325,discovered
HSF1,PLAGL1,0.3941,discovered
SNAI1,EPHB2,0.4893,discovered
HEY1,MDM2,0.3751,discovered
ATOH1,ADGRB1,0.4124,discovered
RXRA,CCNG2,0.5829,discovered
TFAP2B,PSEN1,0.3972,discovered
AGTR1,HLA-DQB2,0.4776,discovered
SMAD4,SHOX2,0.6494,discovered
NR3C1,EPHA2,0.4926,discovered
SIRT1,PDHA1,0.4439,discovered
PRSS8,TERT,0.3033,discovered
PGR,HBG1,0.3988,discovered
TP53,HPGDS,0.4295,discovered
HDAC2,IL5RA,0.5809,discovered
TFAP2A,KLF6,0.4128,discovered
EPAS1,HLA-DOB,0.3313,discovered
PIAS3,MCM10,0.6363,discovered
IRF1,GPX1,0.592,discovered
EIF3M,TSHB,0.3467,discovered
RRM2,MYC,0.4056,discovered
RORA,ZNF350,0.637,discovered
HAND2,SRCAP,0.4646,discovered
NFKB1,SPRR2A,0.4037,discovered
SP1,NEUROD1,0.3965,discovered
ID4,TFDP1,0.3253,discovered
HOXC13,DCT,0.5231,discovered
SMAD4,TFF3,0.3668,discovered
IL12RB2,CXCL14,0.3528,discovered
E2F1,PLAUR,0.4009,discovered
TP53,BEX2,0.3568,discovered
SEPT7,BRD3,0.3189,discovered
RPA2,SPINK4,0.4235,discovered
TSHR,MMP2,0.3115,discovered
HDAC1,SAMD4A,0.5585,discovered
LEF1,APEX1,0.3703,discovered
FSHB,IVL,0.5956,discovered
AR,DLL4,0.644,discovered
SPI1,PDLIM7,0.6653,discovered
TBR1,CALB1,0.4333,discovered
FOXA1,FLT3,0.3342,discovered
NFYB,ATR,0.3503,discovered
PTGES,CSF3R,0.4171,discovered
CD99,ETV6,0.6436,discovered
ZNF76,CDC20,0.5578,discovered
NFYA,G0S2,0.4096,discovered
CREM,TERF1,0.4976,discovered
NAMPT,CDC20,0.5964,discovered
E2F4,GTF2I,0.4404,discovered
FOS,LTF,0.5564,discovered
ALPI,ENO1,0.4743,discovered
RELA,GADD45A,0.47,discovered
VHL,ABCB11,0.3986,discovered
BRCA1,SUZ12,0.5748,discovered
HDAC3,SOCS3,0.4824,discovered
MTA1,SRY,0.3476,discovered
TRAF6,CDKN1A,0.381,discovered
CEBPA,CLEC4G,0.3862,discovered
CCND1,PDCD2,0.4461,discovered
PDGFRB,MUC2,0.4206,discovered
TRB,MMP9,0.5363,discovered
YY1,BIRC3,0.411,discovered
SP3,MTOR,0.3475,discovered
MAPK14,GTF2B,0.3179,discovered
HNF1A,PPOX,0.3134,discovered
NFKB1,PDHA1,0.4904,discovered
NANOG,RAD21,0.4292,discovered
CREB1,RET,0.3707,discovered
MCL1,CSF2,0.4264,discovered
FUBP3,IBSP,0.5657,discovered
WRN,HP,0.4433,discovered
KRAS,MBD1,0.4231,discovered
SPI1,CXCR4,0.6794,discovered
MYBL1,CTCF,0.5237,discovered
E2F4,ATM,0.5273,discovered
CYP19A1,DNMT3B,0.412,discovered
PTP4A1,TAP1,0.4072,discovered
MSC,GAPDH,0.4645,discovered
SP1,HSPA1A,0.557,discovered
ZBTB16,FAAH,0.4864,discovered
CREM,BCL2,0.4203,discovered
EP300,TRPS1,0.5951,discovered
NKX2-1,RAP1A,0.4367,discovered
ELK1,XIAP,0.4533,discovered
TBX21,BRCA2,0.3175,discovered
IER3,BRCA2,0.3634,discovered
NKX3-1,ITGB1,0.5056,discovered
TFAP2C,CD34,0.3034,discovered
AR,GDF5,0.4622,discovered
CREB1,JUNB,0.3085,discovered
ZMYND11,POR,0.5668,discovered
FOS,NLRC4,0.3635,discovered
SLC15A1,TPT1,0.479,discovered
JUN,CD83,0.3314,discovered
ELK1,TIMP1,0.4355,discovered
HOXD3,TPO,0.5057,discovered
TBXT,ADGRE5,0.6799,discovered
JUN,FCER1A,0.357,discovered
SP1,PROX1,0.4493,discovered
PAX6,PIN1,0.5538,discovered
NRF1,CSTA,0.4405,discovered
FOSL2,SET,0.3797,discovered
WT1,CYP3A5,0.309,discovered
HDAC7,NOTUM,0.313,discovered
HMGA2,CYP17A1,0.5438,discovered
SP3,HSF1,0.5343,discovered
HIF1A,ADM,0.4436,discovered
MZF1,CCNA1,0.3639,discovered
RUNX1T1,CDKN1B,0.4683,discovered
RB1,HOXB13,0.3301,discovered
TCF4,CTSD,0.5201,discovered
RNF8,MMP17,0.448,discovered
ALK,CDK2,0.4971,discovered
ARNT,CTCF,0.4901,discovered
RREB1,CASP3,0.3792,discovered
VDR,CGA,0.4305,discovered
GJC2,DEC1,0.3918,discovered
AHR,KLF4,0.4699,discovered
TFAP2A,UGT1A4,0.5201,discovered
REL,PCSK6,0.3224,discovered
XRCC1,RASSF1,0.4267,discovered
NFE2L2,RAG1,0.3623,discovered
CREB1,IVL,0.3905,discovered
STAT3,HDAC1,0.3139,discovered
MLLT3,APOM,0.4467,discovered
CREBBP,SMN1,0.5182,discovered
NFIL3,TLX1,0.5168,discovered
BCL2,IFNB1,0.5343,discovered
TNF,PLK1,0.5977,discovered
TBP,COL1A1,0.4109,discovered
NFE2L2,FHL2,0.3474,discovered
NOTCH4,ONECUT2,0.4735,discovered
DNMT1,LYL1,0.4492,discovered
CDKN1A,HSD3B1,0.42,discovered
HOXA11,A2M,0.353,discovered
SP1,TGFBR1,0.4373,discovered
ETV6,STAT1,0.5389,discovered
CDH13,ZEB2,0.4198,discovered
ATF3,STK11,0.4328,discovered
MYBL2,CFI,0.5136,discovered
EBF1,CHI3L1,0.4511,discovered
PSG5,OPRM1,0.4072,discovered
OTC,TRIB3,0.5192,discovered
NFKB1,ARF6,0.3674,discovered
WNT5A,CCND1,0.4335,discovered
MFN2,ACADL,0.3525,discovered
TAF1,CDK6,0.4324,discovered
E2F3,CCL7,0.4768,discovered
CEBPE,BCL2,0.4021,discovered
MED1,CDH1,0.5376,discovered
CTCF,IGFBP3,0.3294,discovered
EED,BCL2A1,0.4259,discovered
AR,HLA-DQA1,0.3328,discovered
ANXA8,MET,0.355,discovered
STAT6,MAFF,0.5822,discovered
RFX1,DNMT3B,0.5723,discovered
SP1,SAT1,0.3737,discovered
HDC,FHL1,0.353,discovered
SPRR3,RS1,0.3026,discovered
NR2C2,CYP7B1,0.3544,discovered
DEAF1,ZEB1,0.4751,discovered
BTF3,HSPA5,0.3219,discovered
NR1I2,CCL5,0.5374,discovered
NFIX,PRSS50,0.3434,discovered
STAT1,HIST2H4A,0.4034,discovered
TP73,RLN1,0.3236,discovered
KRAS,CHGB,0.3394,discovered
MLL4,CNR1,0.4044,discovered
ETS2,PHOX2A,0.4216,discovered
ILF2,SOX1,0.3786,discovered
SPRY2,FGF9,0.3793,discovered
USF1,IFNA1,0.3896,discovered
WT1,TNFAIP3,0.4621,discovered
NFKB1,PPARD,0.3323,discovered
DIRAS3,CDK4,0.3996,discovered
SP1,ORMDL3,0.3092,discovered
PHLDA1,CDKN1A,0.4021,discovered
JUN,SERPINE1,0.4007,discovered
MTA1,GML,0.327,discovered
HIF3A,HSP90AA1,0.4012,discovered
PPARA,FADD,0.3519,discovered
HRAS,LCT,0.3504,discovered
SPI1,SOX1,0.3762,discovered
RBMX,CHST4,0.5627,discovered
PARP1,CD59,0.3361,discovered
TWIST1,ANPEP,0.4476,discovered
TFAP2A,BRCA2,0.5508,discovered
MEF2C,SOX10,0.527,discovered
NR5A1,IL5,0.6873,discovered
ZEB1,PDK4,0.634,discovered
STAT3,CCNB1,0.4926,discovered
KLF8,RDX,0.4203,discovered
NANOG,PLK3,0.3852,discovered
TCF7L2,NFKBIZ,0.4381,discovered
HDAC9,SOX14,0.5536,discovered
RFX1,CD28,0.6586,discovered
HNF4A,PMEL,0.3809,discovered
HLA-G,SHH,0.3293,discovered
FOXM1,SMN1,0.7059,discovered
NOTCH2,IGF1R,0.4396,discovered
HDAC2,STK39,0.6099,discovered
MECP2,NFKB1,0.3718,discovered
TSC2,PTHLH,0.7926,discovered
NR3C1,GSK3B,0.3889,discovered
DNMT1,ACTA1,0.3786,discovered
ALK,ITGAX,0.4817,discovered
STAT2,ABCG8,0.4638,discovered
PDLIM7,LRP8,0.3514,discovered
PPARG,FGF2,0.3878,discovered
MECP2,HLA-DPB1,0.4856,discovered
HEY1,STAT3,0.4495,discovered
EZH2,SDHB,0.5613,discovered
SP1,NDC80,0.4386,discovered
MYC,ABCB11,0.5879,discovered
POU3F1,PRL,0.4538,discovered
EP300,FGFR1,0.3351,discovered
SMAD3,HLA-DPA1,0.4903,discovered
HK2,NR2C2,0.4812,discovered
CIITA,CDKN2A,0.4522,discovered
HDAC1,DNMT3B,0.3904,discovered
DLL1,IGF1,0.3575,discovered
SOX9,PDIA2,0.355,discovered
ZNF148,MT1F,0.3877,discovered
GATA2,RFX5,0.415,discovered
MMP13,ANGPT1,0.4697,discovered
NR1I2,BTS1,0.4695,discovered
HLA-F,ERCC4,0.3481,discovered
HDAC1,ALDOB,0.4217,discovered
SP1,FGF1,0.3832,discovered
GALT,MRVI1,0.5084,discovered
BHLHE40,BAX,0.4375,discovered
ING4,SAA2,0.4716,discovered
PDCD11,HOXB13,0.4298,discovered
BRAF,BCL2L1,0.4024,discovered
STAT3,HOXC8,0.3796,discovered
YY1,TNC,0.3654,discovered
SP1,SRF,0.3808,discovered
SP1,TP53BP2,0.4167,discovered
PIAS1,CETP,0.3908,discovered
NR5A1,TFF1,0.3894,discovered
CDX2,PADI1,0.42,discovered
USF1,CA9,0.4437,discovered
STAT1,PTPN13,0.4537,discovered
CTNNBIP1,KIT,0.3037,discovered
HDAC2,RASGRP1,0.3666,discovered
GUSB,ZFP36,0.5036,discovered
STAT3,CASP8,0.7728,discovered
CUX1,NKX3-1,0.4522,discovered
CASP3,BPTF,0.5572,discovered
FGB,REEP5,0.5683,discovered
FLT3,CPEB1,0.3548,discovered
BRD3,PDCD1,0.5922,discovered
TP63,COPS5,0.3662,discovered
SLC4A2,RGS4,0.4594,discovered
YY1,NOTCH1,0.458,discovered
SP1,SPI1,0.3327,discovered
HDAC3,RAF1,0.339,discovered
PPARG,STMN1,0.3018,discovered
DAPK2,HPSE,0.5344,discovered
RELA,MYOCD,0.3462,discovered
HDAC1,UHRF1BP1,0.3756,discovered
MXD1,ICAM3,0.5579,discovered
STAT3,VLDLR,0.3691,discovered
PGR,AURKA,0.4943,discovered
CIITA,CDKN1A,0.317,discovered
TP53,SNAI3,0.3532,discovered
TFPT,DDB2,0.3369,discovered
SMAD3,CR2,0.4325,discovered
TP53,PRKCA,0.3898,discovered
PPARG,MAFA,0.5505,discovered
FGF2,DBF4,0.5794,discovered
HIF1A,ATP6V0A2,0.319,discovered
FOXM1,PDGFA,0.3435,discovered
DDIT3,BAX,0.5844,discovered
STARD3,DDB2,0.4588,discovered
STAT1,BRCA1,0.6013,discovered
DMAP1,MMP1,0.429,discovered
SP3,RCAN1,0.4023,discovered
ATF2,NQO1,0.3023,discovered
PCGF2,CTCF,0.3466,discovered
DNMT1,ACAN,0.3946,discovered
SP1,IFIT3,0.5904,discovered
USF1,CCND1,0.7188,discovered
PLK1,MMP2,0.5083,discovered
EP300,BDKRB2,0.6818,discovered
STAT3,UCP1,0.4046,discovered
RELA,SLC22A8,0.4832,discovered
SP1,MAD2L1,0.4583,discovered
MYB,LDLR,0.4035,discovered
PFKP,CTCF,0.4243,discovered
STAT3,TRAF1,0.3899,discovered
SP1,ADAM12,0.3753,discovered
SMAD4,PRMT1,0.3907,discovered
SP1,FCER1A,0.5047,discovered
NES,ERBB2,0.4492,discovered
HNRNPA2B1,SUZ12,0.3105,discovered
CSNK2A1,ZNF300,0.352,discovered
MED15,ZNF750,0.406,discovered
ELF1,IVL,0.3775,discovered
EGR1,HLA-DRB1,0.6478,discovered
MYC,TRRAP,0.5706,discovered
RIPK2,RFX2,0.3421,discovered
CXADR,ESR1,0.3793,discovered
SHOX2,EXO1,0.5224,discovered
ETS1,CYP11A1,0.3609,discovered
PPARG,MSMB,0.3451,discovered
CTCF,GDF5,0.5536,discovered
POU5F1,COX1,0.6623,discovered
CDX1,BCAS3,0.5391,discovered
SLC46A1,CCK,0.5502,discovered
SALL3,TAPBP,0.6343,discovered
NR0B2,IL2RB,0.441,discovered
SIRT1,DHX9,0.376,discovered
MSC,CDK6,0.3758,discovered
NFKB1,ISYNA1,0.3993,discovered
ATF4,TIMP1,0.5696,discovered
USF1,TNFRSF10B,0.3324,discovered
TRAF2,HBEGF,0.4401,discovered
IRF9,GALT,0.6185,discovered
TBPL1,PCSK6,0.3922,discovered
RELA,E2F3,0.3967,discovered
IRF4,TP53,0.5151,discovered
ETS1,IDO1,0.3765,discovered
USF2,TIMP1,0.3889,discovered
FOXM1,FOXP1,0.43,discovered
GHR,MET,0.3796,discovered
NFIA,NR3C1,0.4036,discovered
PARP1,FABP4,0.4256,discovered
BRCA1,SCG3,0.3166,discovered
EGFR,MYC,0.4537,discovered
WBP1,NLK,0.4825,discovered
GATA1,CDH1,0.3171,discovered
ATR,DISC1,0.4898,discovered
PIAS4,BIRC5,0.3343,discovered
RARA,TP53,0.3489,discovered
USF2,LMO3,0.4026,discovered
ETS1,SOCS3,0.6309,discovered
PGR,FABP5,0.3114,discovered
STAT3,TGFBR2,0.5772,discovered
EZH2,ABCG2,0.3944,discovered
RFXANK,MAP3K5,0.609,discovered
ETS1,IL10,0.4838,discovered
CCND1,TRAP,0.3526,discovered
EDEM2,CDC73,0.6252,discovered
WHSC1,MAT2A,0.3336,discovered
PTPN1,DHX9,0.3299,discovered
HDAC8,RUNX1,0.6027,discovered
ZBTB16,GH1,0.566,discovered
SP1,SLC7A1,0.3257,discovered
INO80,CHD8,0.4365,discovered
RELA,CYBB,0.6758,discovered
EVPL,EGFR,0.3937,discovered
DDX5,NFATC3,0.3674,discovered
STMN1,SOD1,0.5512,discovered
MMP13,FOXK2,0.3145,discovered
SIRT1,PDLIM7,0.4157,discovered
OTX2,GP9,0.5227,discovered
IRF3,STAT3,0.662,discovered
ALB,IRS2,0.3499,discovered
PPARG,HEY2,0.389,discovered
HIF3A,CYP3A7,0.3985,discovered
HMGA1,RELA,0.3642,discovered
PDGFRA,IL11,0.3799,discovered
STAT1,EGLN2,0.4316,discovered
MCM6,APC,0.468,discovered
MSC,ATM,0.4286,discovered
FAT1,TP73,0.4283,discovered
SLC26A3,CDKN1A,0.4652,discovered
TFAP2A,RPTOR,0.5475,discovered
RELA,ABCC3,0.4552,discovered
IRF1,MYC,0.4179,discovered
TP53,HBA2,0.3839,discovered
ETS1,PDE6B,0.5598,discovered
HOXA7,DRG2,0.4964,discovered
E2F1,UBC,0.3332,discovered
STAT1,HMGB1,0.4427,discovered
STAT3,PTBP1,0.3584,discovered
STAT5,EZR,0.3658,discovered
HES1,CCK,0.3114,discovered
STAT2,PTPRZ1,0.4151,discovered
ATM,AR,0.5774,discovered
NPAS2,SOX3,0.4956,discovered
HDAC5,SRY,0.4172,discovered
ALK,CDAN1,0.6622,discovered
LHX3,MIR202,0.6051,discovered
GALNT3,TPH1,0.7696,discovered
HEXIM1,SKP2,0.6764,discovered
MET,CCNB2,0.3762,discovered
SLC4A2,TERF1,0.3733,discovered
E2F5,UHRF1,0.4116,discovered
BEX2,DACT3,0.3661,discovered
TPMT,MPO,0.4009,discovered
ETS1,FGFR1,0.624,discovered
SMAD4,DDR2,0.7415,discovered
BRCA1,PTGFR,0.3685,discovered
COL10A1,ESR1,0.369,discovered
HIF1A,NPAS3,0.3375,discovered
NFKB1,CBFB,0.3291,discovered
IRF9,IL1R2,0.5024,discovered
CYP11A1,ST2,0.345,discovered
TP63,PTP4A1,0.3577,discovered
ZBTB16,SNAI3,0.3592,discovered
JUN,MPZ,0.5515,discovered
PARP1,GBP1,0.5899,discovered
AR,ADIPOR1,0.6088,discovered
PHOX2B,CYBB,0.3823,discovered
CDX2,F13A1,0.528,discovered
GLI2,GNAS,0.5128,discovered
SLC25A20,SPP1,0.3043,discovered
CCNE1,IRF2,0.3189,discovered
SPI1,PDGFRA,0.525,discovered
STAT1,CLDN3,0.465,discovered
SP1,FANCA,0.5265,discovered
APEX1,MDM2,0.3974,discovered
BTG2,PIAS2,0.4179,discovered
NR5A1,ARF1,0.3754,discovered
AATF,CSN2,0.3702,discovered
EDEM2,ACVRL1,0.4891,discovered
SIRT1,BAMBI,0.4025,discovered
EAPP,SRPX,0.4204,discovered
HOXA5,SPP1,0.579,discovered
STAT2,CD58,0.5129,discovered
STAT6,TBX2,0.5465,discovered
MYC,IL10,0.3321,discovered
TFAP2A,GDNF,0.543,discovered
CASP3,NODAL,0.4165,discovered
WNT11,FAS,0.6497,discovered
REST,ELANE,0.3554,discovered
ARNT,RICTOR,0.4432,discovered
DNMT3A,LCT,0.365,discovered
NR5A2,HDAC1,0.4118,discovered
IRF7,MMP9,0.4255,discovered
ROS1,YWHAQ,0.3232,discovered
CHEK1,MAP2K1,0.3397,discovered
SPI1,COL18A1,0.3081,discovered
E2F3,ITGAX,0.6612,discovered
PAX4,CCNB1,0.3112,discovered
HK2,SRF,0.381,discovered
IFNA13,SPAST,0.6174,discovered
TCF7L2,KRAS,0.3741,discovered
PDX1,KDM4C,0.3612,discovered
SP1,EXO1,0.307,discovered
PAX4,VEGFA,0.4608,discovered
SLC22A8,EIF3M,0.3732,discovered
MYC,BRCA2,0.6709,discovered
CDKN1A,TUBB3,0.4612,discovered
BRCA1,CASP3,0.3855,discovered
STAT3,ECD,0.3458,discovered
HBB,TF,0.5892,discovered
PLIN1,GIPR,0.3835,discovered
JUN,SLC22A9,0.4246,discovered
TP53,FABP6,0.4391,discovered
TP53,HLA-DPB1,0.3132,discovered
FOXO1,RARB,0.426,discovered
ZEB1,PAX2,0.4331,discovered
FOXM1,PCYT1A,0.3838,discovered
ARX,IL6,0.3713,discovered
EDEM2,FUS,0.4117,discovered
SMARCA4,MYC,0.3647,discovered
GSC2,RUNX3,0.3759,discovered
YY1,TWIST1,0.5588,discovered
EGR1,BRCA2,0.5333,discovered
SPI1,CCL4,0.4716,discovered
HDAC7,PURA,0.6502,discovered
E2F1,MMP9,0.3058,discovered
TP53,SLC22A10,0.4585,discovered
KLK3,PTGFR,0.3646,discovered
CDKN1A,SLC9A2,0.3085,discovered
ACE2,SPARC,0.5319,discovered
ETV4,H19,0.4798,discovered
MYC,KLK1,0.3488,discovered
SP1,ALAS2,0.4639,discovered
ERCC1,ALDH1A3,0.5153,discovered
ETS1,SAMD4A,0.5795,discovered
ETV7,CDK4,0.3861,discovered
WT1,PDE6B,0.355,discovered
TOP2B,RB1,0.3346,discovered
HDAC1,IDE,0.676,discovered
IL1RL1,BAX,0.5861,discovered
ETS1,MSLN,0.6269,discovered
FOXM1,POLR3D,0.3301,discovered
MITF,MYC,0.5366,discovered
SMARCA4,ATF4,0.3942,discovered
TGFB1,ANAPC4,0.5008,discovered
ERG,MYC,0.336,discovered
SOX10,PDGFRA,0.4439,discovered
PAX2,TNFRSF1B,0.3807,discovered
REST,NCOR2,0.3317,discovered
GATA4,AR,0.5612,discovered
UHRF1BP1,IFNGR1,0.3887,discovered
EGR1,IFNGR1,0.3312,discovered
ZEB1,BHLHE40,0.4829,discovered
CDKN2C,STAR,0.4006,discovered
MSX2,CDH17,0.4794,discovered
IKBKB,RLN1,0.4512,discovered
CTCF,KRAS,0.4253,discovered
PML,APOM,0.4405,discovered
MSLN,MUC4,0.4208,discovered
STAT6,CYP11B1,0.3051,discovered
AHR,PAX6,0.3066,discovered
HDAC1,HLA-DQA2,0.5372,discovered
PLA2G2A,MIF,0.5319,discovered
PF4,CD82,0.4215,discovered
EAF1,CYP19A1,0.3519,discovered
HEXIM1,TYR,0.5363,discovered
PDGFRA,HLA-C,0.4411,discovered
HDAC2,MYBL2,0.4582,discovered
CDX2,BAX,0.4124,discovered
SMAD4,SOD1,0.3784,discovered
PGR,DUSP10,0.3123,discovered
CLOCK,SGK1,0.5608,discovered
GABPA,WNT2,0.4033,discovered
ERG,PSIP1,0.3754,discovered
SMAD7,TOP2B,0.4223,discovered
RFX5,ME1,0.3618,discovered
HOMER3,IVL,0.4731,discovered
ATF1,GPX4,0.5534,discovered
DDC,ATF7,0.4766,discovered
RELA,MAP3K1,0.3838,discovered
ILK,PIAS2,0.4718,discovered
NRF1,PTPN1,0.3682,discovered
BTG2,MME,0.386,discovered
BIN1,CD46,0.3803,discovered
RFX5,NOTCH2,0.4562,discovered
HEY1,CCR5,0.3363,discovered
EAF1,IL13,0.3018,discovered
NR4A1,BRD7,0.391,discovered
BTS1,SIX5,0.4348,discovered
PRAME,ABCC1,0.3326,discovered
MCL1,TYR,0.3548,discovered
HDAC2,ATAD2,0.6389,discovered
E2F2,KLF10,0.3644,discovered
RB1,GUCY1B1,0.4457,discovered
YY1,TNFRSF10A,0.4019,discovered
SMAD7,POU5F1,0.5353,discovered
SPDEF,PDIA6,0.3124,discovered
ZNF148,ARG2,0.3652,discovered
TP53,IKBKB,0.5119,discovered
LGALS3BP,PCK2,0.4913,discovered
BAK1,MELTF,0.634,discovered
CEBPD,IL24,0.4936,discovered
NFKBIA,CHEK1,0.5404,discovered
TNF,EED,0.4305,discovered
CTCF,SRCAP,0.3169,discovered
YY1,HLA-C,0.3823,discovered
NFIC,TNIP3,0.3535,discovered
JUN,RELA,0.4871,discovered
SP3,LIPC,0.3764,discovered
NR4A1,IVL,0.568,discovered
ATXN7,TRA,0.5451,discovered
MSH2,MAP1LC3B,0.4152,discovered
CIITA,ARF1,0.4898,discovered
HEY1,KLF4,0.413,discovered
CD38,MAOB,0.3275,discovered
SPARC,CTBP1,0.4403,discovered
ID3,SIRT1,0.461,discovered
HES1,POU1F1,0.7327,discovered
FUS,MFSD2A,0.35,discovered
CDX2,VEGFA,0.6269,discovered
XPC,WRN,0.4858,discovered
HDAC2,GYPA,0.6026,discovered
NFYB,CCNC,0.4254,discovered
PBX1,SERPINE1,0.5417,discovered
NR3C1,ARID1B,0.521,discovered
TPT1,STAR,0.3609,discovered
XBP1,CCND1,0.309,discovered
SOX17,UGT2B7,0.4165,discovered
MAX,MSMB,0.3803,discovered
WT1,PCNA,0.4298,discovered
KRAS,IFNA13,0.3626,discovered
CEBPB,FOSL1,0.5254,discovered
CDX2,CASP8,0.4585,discovered
HIF1A,APOA1,0.5463,discovered
EDEM2,WRN,0.6453,discovered
NR1H3,ODC1,0.3331,discovered
FOXP3,NR5A2,0.5163,discovered
KAT5,GDF15,0.3219,discovered
CREB1,CDKN2B,0.3469,discovered
DNMT1,CYP3A5,0.3554,discovered
DNMT3B,CD40LG,0.4128,discovered
TFAP2B,IL6,0.316,discovered
ATF1,PPARA,0.5472,discovered
BRCA1,TGFBR3,0.4296,discovered
SP1,F13A1,0.3598,discovered
KAT5,BAD,0.6636,discovered
FADD,EZH2,0.4184,discovered
CREB5,SNAI2,0.3808,discovered
E2F1,LRP8,0.3849,discovered
MYOG,ST3GAL1,0.5818,discovered
SNAI2,AKT1,0.3634,discovered
JUN,TLR6,0.342,discovered
SLC15A1,STAT1,0.4831,discovered
SIRT1,LBP,0.3604,discovered
RUNX2,CFTR,0.5721,discovered
MSX1,ACAT1,0.5478,discovered
MYC,BCL6,0.6611,discovered
SPP1,KRAS,0.3078,discovered
JUND,SCNN1B,0.5147,discovered
USF1,CDKN2A,0.5644,discovered
TICAM1,MAML1,0.5648,discovered
CEBPD,ACOX1,0.4314,discovered
CEBPB,TP53,0.5134,discovered
NFKB1,SYP,0.3337,discovered
NR1H4,CCL2,0.5779,discovered
KLF2,ZEB1,0.4592,discovered
CYP7B1,NME1,0.3873,discovered
BRCA1,LRBA,0.5068,discovered
CIITA,HMGCS1,0.5552,discovered
MED23,CDKN2A,0.3584,discovered
CTBP1,CYP2F1,0.5457,discovered
SMAD2,AKT1,0.3817,discovered
MYC,SYN1,0.4453,discovered
CSTA,CXCL10,0.5599,discovered
MIP,CYP3A4,0.332,discovered
EPAS1,FOSL1,0.4306,discovered
HDAC4,BIRC2,0.3724,discovered
NRL,SNAI2,0.4078,discovered
IRF1,COPS5,0.3231,discovered
SRF,MMP13,0.3935,discovered
GATA1,CIP2A,0.3393,discovered
CIITA,FSHB,0.5099,discovered
PDGFRA,ILK,0.4292,discovered
ASCL1,DEAF1,0.334,discovered
PIAS4,GIPR,0.4384,discovered
ICAM1,SPAST,0.4602,discovered
HDAC3,ABCC1,0.5065,discovered
HIF1A,COP1,0.3335,discovered
UCP1,XPC,0.3823,discovered
IRF1,IL2RB,0.3744,discovered
HDAC1,BDKRB1,0.5851,discovered
EZH2,BRAF,0.4327,discovered
SP3,PDK2,0.3215,discovered
POU5F1,OPRM1,0.4802,discovered
SNAP91,PNOC,0.3831,discovered
CXCL2,MLH1,0.4029,discovered
TEAD4,BCL2,0.6207,discovered
DNMT1,MDM2,0.4399,discovered
NFYA,HOXA10,0.3557,discovered
MEN1,LIN28B,0.4291,discovered
IRF8,RND3,0.4576,discovered
FUBP3,CCNB1,0.3244,discovered
KRAS,TCF4,0.478,discovered
RFXAP,IRF4,0.4929,discovered
MYC,HOXB13,0.6144,discovered
PLAGL1,FBXO32,0.4367,discovered
FHL2,NOTUM,0.3281,discovered
SIRT1,ATF3,0.3443,discovered
DUX4,IGF1R,0.3329,discovered
NR2C2,TP53,0.5256,discovered
CTCF,STAT3,0.6439,discovered
EZH2,NOX1,0.4298,discovered
HSF1,BCL11A,0.334,discovered
TFAP2C,CLDN7,0.4324,discovered
E2F1,CD22,0.4365,discovered
KLF6,GHR,0.4755,discovered
TBX2,ERN1,0.4744,discovered
REST,CTSD,0.6462,discovered
CCNC,PTGS2,0.4348,discovered
RB1,MBD2,0.5954,discovered
NFKB1,ITGA2,0.3272,discovered
RFXAP,PROX1,0.4754,discovered
E2F1,BAD,0.4502,discovered
ATF2,TK1,0.4361,discovered
DDX21,DNMT1,0.3446,discovered
SMAD7,KHSRP,0.3069,discovered
NFYB,MEF2D,0.4437,discovered
CDX2,CXCL8,0.3287,discovered
AR,HLA-DMB,0.3909,discovered
CREBBP,SCNN1B,0.4035,discovered
MYCN,INS,0.3873,discovered
CIITA,LDHA,0.3985,discovered
CREM,ALK,0.538,discovered
BAD,ESR1,0.561,discovered
NPAS2,HIF1A,0.3865,discovered
PCNA,PADI3,0.5293,discovered
PRG2,ECT2,0.5223,discovered
USF2,EED,0.7543,discovered
RELA,CHEK1,0.3644,discovered
PAX8,HK2,0.5267,discovered
HDAC1,MAFB,0.4162,discovered
HOXB4,PSIP1,0.3184,discovered
PIAS2,OLR1,0.6044,discovered
TDO2,CAPN10,0.5487,discovered
FOXM1,OPRM1,0.3602,discovered
NANOG,MYC,0.5567,discovered
SP1,APBB1,0.4653,discovered
PPARA,DCN,0.3232,discovered
KLF4,TGFBR2,0.472,discovered
KLF2,TRIM22,0.4264,discovered
E2F7,CLK3,0.3164,discovered
SP3,RFX3,0.3985,discovered
STAT1,VMP1,0.3783,discovered
PDIA6,BCL2,0.4207,discovered
CREB5,RUNX3,0.4213,discovered
FOXA1,EZH2,0.3744,discovered
GATA3,KLK3,0.5344,discovered
F13A1,ELL,0.3278,discovered
RUNX3,TP53,0.4544,discovered
E2F1,HEY1,0.4549,discovered
TFAP2C,TDRD1,0.3061,discovered
ERG,VEGFA,0.3241,discovered
ATF3,LBP,0.3033,discovered
RELA,UGT1A9,0.3186,discovered
IFNL3,PIK3R3,0.3617,discovered
PAX4,XPC,0.3631,discovered
GATA1,SIDT1,0.4583,discovered
HIF1A,FN1,0.4381,discovered
STAT6,SP1,0.5132,discovered
TIAL1,BAD,0.305,discovered
NPHS1,CDK4,0.5821,discovered
HOXA10,NTRK3,0.3938,discovered
BAX,DMRT1,0.3252,discovered
PSMD3,DACT3,0.4826,discovered
G0S2,KCNN2,0.507,discovered
FOXP3,HBEGF,0.3873,discovered
XBP1,CDKN1B,0.5698,discovered
SLC25A20,LPAR2,0.3617,discovered
TBR1,HSF1,0.5102,discovered
TFAP2A,TDGF1,0.3732,discovered
CLOCK,NOTCH1,0.6096,discovered
CTNNB1,PPARA,0.4249,discovered
USF1,ATR,0.5647,discovered
KLF2,PML,0.4745,discovered
MAZ,SRC,0.3614,discovered
BRCA1,PTEN,0.4715,discovered
REST,TNC,0.6023,discovered
ARNT,TXNIP,0.5063,discovered
KDM4B,S100A4,0.4163,discovered
NR1H3,TRIM21,0.3487,discovered
TP63,MUC2,0.3429,discovered
FOSL2,FABP7,0.4824,discovered
COL1A2,ARID1A,0.4009,discovered
GTF2I,FAS,0.4248,discovered
ETS2,LOX,0.3986,discovered
EPAS1,POU5F1,0.5067,discovered
TGFB1,ERBB2,0.4388,discovered
RELA,ENG,0.3135,discovered
SMAD4,NOS3,0.3991,discovered
GATA1,STS,0.4206,discovered
LXN,CD33,0.3512,discovered
SIM2,CD14,0.4092,discovered
MTOR,CXCR4,0.7882,discovered
HDAC9,GINS3,0.405,discovered
GDNF,SUZ12,0.3648,discovered
GATA4,DCC,0.476,discovered
MYB,BCL2L1,0.4729,discovered
IRF7,GADD45A,0.3601,discovered
ELK4,VEGFA,0.583,discovered
PML,SPP1,0.4141,discovered
PFKP,COL18A1,0.5495,discovered
CEBPA,RNASE2,0.4065,discovered
NFIC,CCL4,0.5228,discovered
ARL6IP5,AMH,0.4532,discovered
ZBTB2,AR,0.3462,discovered
STAT1,LPIN1,0.3411,discovered
CTBP1,UMOD,0.4885,discovered
PDCD1,HTR1A,0.5035,discovered
USF1,PIK3CA,0.4145,discovered
AR,IFNA1,0.3257,discovered
IDO1,SMAD4,0.4198,discovered
TP53,GPX1,0.4617,discovered
CCNC,POU5F1,0.4419,discovered
MTA1,E2F1,0.3314,discovered
PPARG,ATF5,0.4937,discovered
AHR,UTRN,0.705,discovered
NFIA,UGDH,0.6344,discovered
USF1,CYP2E1,0.3978,discovered
ATOH1,IGFBP3,0.359,discovered
SMAD2,ELK4,0.589,discovered
CRISP3,CYP46A1,0.3689,discovered
TBX21,CTSD,0.3034,discovered
FPGS,HLA-DRA,0.5559,discovered
ESR2,ASCL1,0.6348,discovered
GTF2I,MST1,0.411,discovered
LEF1,CD40,0.4315,discovered
HMGA1,FOXA2,0.3482,discovered
EP300,POR,0.3037,discovered
NOTCH1,MSH2,0.4899,discovered
EP300,ADORA1,0.3995,discovered
RB1,PTGS1,0.3198,discovered
NFE2L2,HPSE2,0.4266,discovered
BRCA1,STS,0.3903,discovered
NR1I2,MUC1,0.4623,discovered
KAT2B,ALOX5,0.6424,discovered
MAFG,BCL2L11,0.4716,discovered
MCL1,CD34,0.4716,discovered
CDKN1A,HSPA4,0.3351,discovered
RFX2,ANGPTL4,0.5514,discovered
CASP3,PARP1,0.5004,discovered
HEY1,DST,0.6025,discovered
MCM2,HTR1A,0.4564,discovered
KDM4B,ADGRB1,0.3601,discovered
TP53,ZNF350,0.3819,discovered
E2F1,AFP,0.3032,discovered
IL10,NODAL,0.6203,discovered
PML,FN1,0.3272,discovered
JUN,GIPR,0.5766,discovered
ATF6,SLC4A2,0.5876,discovered
SOX9,CDKN1B,0.3457,discovered
SP1,TCF4,0.3862,discovered
NR1I2,ROR1,0.4944,discovered
ELK1,CYP3A4,0.3584,discovered
STAT5B,HLA-DQB1,0.383,discovered
SLC2A4RG,PLAGL1,0.3471,discovered
TFPT,SREBF2,0.4017,discovered
JUN,SF1,0.3615,discovered
JUN,IAPP,0.3171,discovered
MAX,CDKN1A,0.5668,discovered
POU2AF1,JUN,0.5676,discovered
MTOR,G6PC,0.3881,discovered
SOX17,CDH1,0.3231,discovered
ESR1,GINS3,0.4153,discovered
YY1,GSK3A,0.5384,discovered
HEYL,NOTCH2,0.3157,discovered
SP3,IL2,0.3854,discovered
E2F1,SPP1,0.4851,discovered
PRG2,JUND,0.5705,discovered
CTBP1,LAMA1,0.4965,discovered
MYC,CCL13,0.5659,discovered
ING1,POU3F2,0.4344,discovered
HNF4A,HIP1R,0.3487,discovered
CDX2,MADCAM1,0.5196,discovered
GFER,NEFL,0.3283,discovered
CEBPA,AXIN1,0.3553,discovered
SCD5,POU5F1,0.4884,discovered
SOX9,LCAT,0.3494,discovered
CREBBP,ABCA1,0.5659,discovered
CTNNB1,HNRNPA1,0.371,discovered
SLC22A8,SPP1,0.4758,discovered
RELA,NOD2,0.5021,discovered
SFTPC,OPTN,0.4505,discovered
CXCL1,AIRE,0.3304,discovered
MTF2,VIM,0.4533,discovered
CLU,NES,0.4329,discovered
SCAI,ABCC3,0.3451,discovered
DEFA5,HSPA5,0.3363,discovered
HIF1A,ACACB,0.3899,discovered
BTF3,MMP2,0.4485,discovered
SF3B1,LCT,0.3417,discovered
SREBF2,ILK,0.3545,discovered
STAT3,PELO,0.4216,discovered
MYC,ARF1,0.4501,discovered
HCFC1,TP53BP2,0.4201,discovered
BCL6,RBPJ,0.4507,discovered
KRAS,PHB,0.3947,discovered
F9,E2F4,0.5461,discovered
FOXO1,JUN,0.6278,discovered
RUNX3,FCGRT,0.4927,discovered
SSB,PDLIM7,0.5041,discovered
TP53,SRR,0.3626,discovered
USF2,SIRT1,0.3698,discovered
STARD7,GSK3A,0.4884,discovered
NFKB1,IPO13,0.5345,discovered
ELK4,INSM1,0.6242,discovered
STAT3,TBP,0.3837,discovered
STAT1,IL13,0.4873,discovered
SPI1,ITGB8,0.3736,discovered
LHX4,HIPK2,0.3879,discovered
MEF2A,NF1,0.4529,discovered
PARP1,U2AF2,0.4192,discovered
KLF4,TTK,0.3174,discovered
FOXA2,RB1,0.3465,discovered
AR,DRG2,0.3906,discovered
AR,CDK4,0.4957,discovered
IKBKG,LOX,0.4245,discovered
CD24,HPR,0.3969,discovered
TFAP2A,COL2A1,0.4621,discovered
STAT3,ARNT,0.4315,discovered
NPM1,LAG3,0.4147,discovered
HES1,VIM,0.3355,discovered
PTEN,CYP17A1,0.318,discovered
NOTCH1,PKM,0.304,discovered
STAT3,THBS1,0.43,discovered
EGR1,NOS1,0.3166,discovered
BCL2,SDC1,0.3112,discovered
HNF1A,ANGPTL4,0.3097,discovered
MLYCD,FCER1A,0.3573,discovered
GLI1,VEGFA,0.3629,discovered
EGR2,DLG4,0.4317,discovered
CTCF,TIMP1,0.4992,discovered
CDK6,PURA,0.3236,discovered
GABPA,SMAD2,0.6611,discovered
ALDH1A1,GSK3B,0.6243,discovered
MYCN,MAD2L1,0.3325,discovered
LHX3,STMN1,0.3224,discovered
ZEB2,IGF2,0.5202,discovered
NFYB,FGFR3,0.5852,discovered
MAP2K1,RELA,0.3106,discovered
MYB,VDR,0.3927,discovered
ATF2,CSRP1,0.3791,discovered
DAPK1,BIRC3,0.4454,discovered
PIAS2,DNASE2B,0.3436,discovered
GATA3,YY1,0.4333,discovered
PER2,SMURF2,0.3983,discovered
ARX,CCND1,0.4295,discovered
SP1,CLDN2,0.6079,discovered
CD274,HAS2,0.4553,discovered
AHR,NMU,0.4427,discovered
STAT3,HLA-DOA,0.5181,discovered
NFIC,SFRP1,0.3485,discovered
MSLN,TNFSF14,0.5636,discovered
JUN,NCOA6,0.3959,discovered
ESR1,CD14,0.3061,discovered
SOX2,CCND2,0.3963,discovered
RFX1,FLI1,0.4278,discovered
ATF4,CDKN1A,0.4462,discovered
LEF1,GATA3,0.5797,discovered
ABL1,BLK,0.4723,discovered
JAG1,CCND2,0.5013,discovered
STARD3,CDK6,0.5191,discovered
ERG,ACP5,0.3443,discovered
FGFR1,HNF4A,0.3449,discovered
FOS,IFNA1,0.4788,discovered
GATA3,CDKN2B,0.385,discovered
JAG1,CCL11,0.5632,discovered
SOX9,ITGB8,0.5025,discovered
SLC19A3,LEF1,0.3635,discovered
MTA1,DAP3,0.6819,discovered
WWTR1,HNRNPA2B1,0.3562,discovered
HEXIM1,DYRK1A,0.5019,discovered
RUNX3,CXCR1,0.348,discovered
MYB,APCS,0.3459,discovered
TEF,AFP,0.4357,discovered
TICAM1,CD40,0.4889,discovered
DNMT1,PMAIP1,0.3479,discovered
AICDA,SMARCA4,0.3519,discovered
LMO7,FANCA,0.3033,discovered
HDAC2,EGFR,0.5434,discovered
SREBF1,SF1,0.4974,discovered
DNAJC3,ALOX5,0.4856,discovered
PLAGL1,PLAUR,0.4297,discovered
SP1,VHL,0.3073,discovered
SMAD4,ZEB2,0.5509,discovered
TGFBR2,SNRPN,0.3382,discovered
TWIST1,PCLAF,0.5382,discovered
EWSR1,ST3GAL1,0.3866,discovered
MSC,IL2,0.5154,discovered
CDKN1A,TGM4,0.3918,discovered
HDAC1,BCAR1,0.5954,discovered
ECE1,LGALS3,0.3358,discovered
SOX9,IKZF1,0.4178,discovered
TFAP2A,PKM,0.3746,discovered
VGF,ID3,0.4041,discovered
LCOR,CYP2C8,0.3792,discovered
SIRT1,MBD2,0.6531,discovered
CREM,EPOR,0.625,discovered
TP53,PPP2CA,0.3469,discovered
FOXM1,IL10,0.4547,discovered
MYOD1,RRAS2,0.6283,discovered
EP300,SIRT1,0.3012,discovered
CEBPA,IL5RA,0.3155,discovered
ATF2,ESRRA,0.3599,discovered
FOXO1,ZNF202,0.3952,discovered
RELA,U2AF2,0.4839,discovered
BAX,ERBB2,0.5003,discovered
SGK1,ITGA5,0.3343,discovered
SIAH1,BDKRB1,0.4712,discovered
ATM,NPPA,0.4097,discovered
EGR1,NPAS3,0.3558,discovered
PARP1,RARRES1,0.4567,discovered
E2F8,ENPP2,0.5216,discovered
YY1,PTGS2,0.4509,discovered
NPPA,CTCF,0.4573,discovered
A2M,ERG,0.462,discovered
IGF2,CCND2,0.6455,discovered
MBD1,SRR,0.7836,discovered
ABL1,PPARA,0.3871,discovered
USF1,SLC22A3,0.3238,discovered
AHR,LDLR,0.3463,discovered
ATM,TNF,0.3931,discovered
HOPX,ETS1,0.3709,discovered
BRCA1,TNF,0.609,discovered
HOXA10,BCL2L13,0.5061,discovered
NDRG2,VEGFA,0.4866,discovered
HIPK2,FUT7,0.3216,discovered
RUNX3,FAAH,0.4161,discovered
SOST,SERPINE1,0.357,discovered
E2F6,PLK1,0.3374,discovered
E2F8,TERT,0.6424,discovered
HSF2,APP,0.3826,discovered
CDCA7,LRP8,0.5977,discovered
SRPX,S100P,0.3339,discovered
COL4A3,E2F1,0.3485,discovered
ATF4,NUCB1,0.3719,discovered
HNF4A,SLC9A3,0.3819,discovered
CHEK1,CYP1B1,0.5882,discovered
SOX2,TNFRSF10B,0.3512,discovered
AES,CXCL10,0.3444,discovered
NR3C1,RORA,0.6484,discovered
SATB1,IGF2,0.3168,discovered
MAFB,MZF1,0.4582,discovered
TSC1,RET,0.42,discovered
TPH1,TIMP1,0.3743,discovered
ZBTB16,TAP2,0.3038,discovered
RELA,SI,0.4054,discovered
MAPK3,TNNI3,0.4592,discovered
TBP,ELANE,0.352,discovered
ATF1,PFKFB3,0.5313,discovered
SF1,PC,0.56,discovered
TCEAL1,MYCN,0.4374,discovered
HOXA10,PECAM1,0.6642,discovered
NFYB,IL10,0.4124,discovered
PITX1,RND3,0.4759,discovered
NFKB1,LCK,0.5364,discovered
NOTCH2,EGFR,0.4387,discovered
DDIT3,PLAU,0.5201,discovered
MTA2,HBA2,0.5972,discovered
TBX3,EBI3,0.4052,discovered
HDAC1,TFAP2A,0.4,discovered
SMO,SYN2,0.3697,discovered
ZEB2,TP53,0.4728,discovered
SOX10,PLK1,0.4824,discovered
BRCA1,RAD21,0.3383,discovered
RORA,KLF12,0.3446,discovered
PAX5,CSH1,0.306,discovered
MMP13,SMURF2,0.4589,discovered
ARNTL,CD40LG,0.5533,discovered
SIRT1,CDK4,0.3202,discovered
NFATC3,MDM2,0.3456,discovered
CIITA,PRNP,0.505,discovered
BTG2,LBP,0.3254,discovered
SLC15A1,IL2,0.4877,discovered
PLK1,CCND2,0.42,discovered
SP1,SLC2A1,0.3399,discovered
PGR,FASN,0.4586,discovered
FOXF2,SNAI1,0.3509,discovered
GCGR,CD82,0.3593,discovered
CTNNB1,DNASE1,0.7211,discovered
SP1,PCK2,0.3818,discovered
BRAF,ASPH,0.3326,discovered
APOA5,JAK2,0.4285,discovered
CYP27A1,AMH,0.391,discovered
XBP1,SDC1,0.5334,discovered
LRP8,DGCR5,0.4592,discovered
PTEN,TBP,0.424,discovered
FOSL1,MAOB,0.5762,discovered
PCGF2,MICA,0.4042,discovered
EED,LHCGR,0.4312,discovered
SATB1,MCL1,0.4353,discovered
FOXM1,PCSK6,0.3778,discovered
ING2,SLC1A3,0.39,discovered
POU3F2,TDO2,0.524,discovered
ETV7,SPHK1,0.4788,discovered
JAK1,CFTR,0.4517,discovered
IRF2,ZEB1,0.4769,discovered
WT1,NANOG,0.3407,discovered
FOXM1,LNPEP,0.3501,discovered
E2F1,PLAGL1,0.382,discovered
PHOX2A,CETP,0.4699,discovered
SP3,MMP9,0.5753,discovered
USF1,DCT,0.4947,discovered
CCNE1,KLF9,0.4728,discovered
WBP1,DDB2,0.3532,discovered
NTRK1,MT1E,0.5346,discovered
HMGA1,BCL2,0.3293,discovered
MSX1,GFAP,0.4174,discovered
TP53,MCAT,0.4942,discovered
APC,ADAM10,0.4054,discovered
TAL1,CDK6,0.3087,discovered
MAL,PIAS2,0.424,discovered
FOXP1,SLC6A6,0.4798,discovered
TFAP2A,CGB5,0.3591,discovered
WT1,IL12A,0.5771,discovered
ETF1,CRH,0.3623,discovered
CYP1A2,FCER1A,0.4376,discovered
SP3,IL6,0.5614,discovered
SP1,TNFSF13B,0.6211,discovered
POU5F1,MMP9,0.3836,discovered
IRF9,CYP11A1,0.4713,discovered
ESR2,PRAME,0.6026,discovered
PRNP,PRL,0.6184,discovered
E2F1,FOS,0.5637,discovered
IL6ST,CLEC4G,0.32,discovered
KAT2B,CYP11B2,0.379,discovered
LEF1,FCER1A,0.378,discovered
RARA,BEST1,0.4238,discovered
RFC3,CXCL12,0.3441,discovered
NCL,SLC6A4,0.506,discovered
HNF1A,EED,0.3656,discovered
HDAC7,IL5RA,0.6035,discovered
TEF,ICAM3,0.5705,discovered
FST,ALB,0.3192,discovered
RUNX2,SYN1,0.3272,discovered
EP300,PRL,0.3199,discovered
SOX10,BTK,0.3877,discovered
BRCA1,VIM,0.6176,discovered
STAT3,ELF1,0.6098,discovered
SP1,TXNIP,0.3309,discovered
STAT6,LEF1,0.3099,discovered
UGT1A4,SERPINE1,0.3476,discovered
AR,TAF4,0.4627,discovered
PDK1,RLN1,0.5205,discovered
RELA,SLC39A3,0.4011,discovered
TEAD1,IL10,0.3182,discovered
NF1,MTTP,0.3892,discovered
CPT1A,SMAD2,0.4307,discovered
CREBBP,MYC,0.54,discovered
GADD45G,ANGPTL4,0.3409,discovered
USF2,SOS1,0.6314,discovered
GATA4,GNAS,0.6731,discovered
HCN4,CCL3,0.5212,discovered
E2F1,SRD5A3,0.4355,discovered
CRYGA,CHGA,0.5771,discovered
SOX17,HOXB8,0.5499,discovered
RUNX2,BRCA2,0.3387,discovered
NFATC1,CXCR1,0.4583,discovered
HDAC1,DDX18,0.4876,discovered
RELA,CSRP1,0.3279,discovered
ROS1,SOD1,0.3965,discovered
HIF1A,BSG,0.6834,discovered
CORO1C,ERBB2,0.5268,discovered
KLF8,MCAT,0.3832,discovered
MYC,SULT2A1,0.3683,discovered
MEF2C,ANGPTL4,0.5957,discovered
AATF,JUN,0.3207,discovered
IRF9,KDR,0.32,discovered
MSX1,PROX1,0.3892,discovered
STAT3,ME1,0.4255,discovered
DEK,ITGB1,0.378,discovered
KHSRP,ARNT2,0.4209,discovered
USF1,STARD7,0.4317,discovered
PIK3CD,TLR6,0.4394,discovered
EGR2,BRCA1,0.4672,discovered
STAT3,CCK,0.4616,discovered
GTF3A,MSR1,0.4622,discovered
COL2A1,NFKB1,0.4572,discovered
PDE5A,ADAM23,0.3586,discovered
AXIN1,SALL4,0.3641,discovered
RUNX2,BRS3,0.4681,discovered
WT1,PCSK6,0.3676,discovered
WT1,GP1BB,0.3408,discovered
ITGA5,FASLG,0.3595,discovered
HOXA10,VIM,0.3501,discovered
RBMX,CCND2,0.5662,discovered
NFKB1,MT1E,0.5775,discovered
FCGR1A,HIC1,0.5768,discovered
NFKB1,TFF2,0.4337,discovered
EGR1,TJP1,0.4346,discovered
CDKN1A,FAS,0.3646,discovered
NR1H4,GDF15,0.3547,discovered
PPARA,MYBL1,0.3655,discovered
ETS1,TNF,0.4854,discovered
STAT4,PTEN,0.3063,discovered
ZEB1,MST1,0.3219,discovered
ERBB2,GSK3B,0.5001,discovered
CREB1,CSRP1,0.5678,discovered
PITX1,IL1B,0.3441,discovered
LRBA,CYP19A1,0.3246,discovered
GATA3,KDR,0.3549,discovered
ARNT,ERG,0.449,discovered
SMAD3,HEY1,0.3456,discovered
SP1,ACOX1,0.3227,discovered
DEAF1,APOC3,0.68,discovered
TRIB3,SPI1,0.5674,discovered
MYCN,NMU,0.4683,discovered
E2F1,PSIP1,0.4668,discovered
JUN,CAT,0.4286,discovered
DNASE1,CRX,0.4599,discovered
CEBPA,TGIF1,0.628,discovered
CEBPA,ABCB1,0.3796,discovered
SQSTM1,HIP1,0.305,discovered
IDO1,CYP1A2,0.3816,discovered
IFNL3,S100A2,0.4403,discovered
REST,CARM1,0.5279,discovered
RUNX2,MAD2L1,0.4871,discovered
SLC2A1,MAP1LC3A,0.4439,discovered
FOXL2,NKX3-1,0.4119,discovered
AIP,SMAD7,0.3611,discovered
RPL3,CDKN1A,0.5756,discovered
MAPK1,PDGFRA,0.6696,discovered
EP300,PF4,0.7145,discovered
SPI1,GBP1,0.3273,discovered
SPDEF,ESR1,0.3796,discovered
CDKN1A,PTGIR,0.3038,discovered
SNAI1,IL6,0.4161,discovered
ATM,KLF11,0.3188,discovered
SOX4,MGMT,0.4115,discovered
RELA,MAOA,0.4626,discovered
EP300,FN1,0.6685,discovered
CTCF,IRF7,0.4251,discovered
FOXM1,EGLN3,0.4038,discovered
ETS1,MMP7,0.3658,discovered
ZNF652,PIP,0.4178,discovered
GLIS3,ETV4,0.5812,discovered
RUNX1,CCL5,0.4035,discovered
MYC,BACH1,0.3648,discovered
SOX17,PPARA,0.3227,discovered
NCOA3,SOX7,0.3841,discovered
POU2F1,MBD2,0.377,discovered
RELA,APOA1,0.4772,discovered
NR3C2,CCND1,0.3314,discovered
TCF12,PDE6B,0.6128,discovered
HEY1,SPRR3,0.3429,discovered
SP1,MNAT1,0.3488,discovered
RB1,BLK,0.3573,discovered
PPARG,LEFTY1,0.4665,discovered
MTA3,CDC25A,0.6703,discovered
MSH2,PPM1D,0.3191,discovered
YBX1,PGR,0.6188,discovered
HIF1A,IFITM5,0.3043,discovered
STAT5A,NOTCH2,0.3937,discovered
STAT1,TGFA,0.4871,discovered
TBXT,SLBP,0.3591,discovered
GLI1,MGMT,0.4089,discovered
TFAP2A,SLC22A3,0.4062,discovered
MLH1,CCR7,0.5167,discovered
SOX9,FLT4,0.3654,discovered
CREM,APOA5,0.3198,discovered
RELA,PTK6,0.4006,discovered
AXIN2,GRPR,0.5806,discovered
ETS1,GINS3,0.3501,discovered
SGK1,ZNF444,0.4198,discovered
HDAC1,FLI1,0.3074,discovered
E2F1,IL4,0.4958,discovered
GATA3,MGMT,0.4393,discovered
RB1,EBF3,0.3839,discovered
SALL4,MDM2,0.4207,discovered
TFAP2B,DCT,0.659,discovered
REL,PSMB10,0.4315,discovered
MKL1,SOCS1,0.3576,discovered
E2F1,LNPEP,0.4855,discovered
PPARA,WASF2,0.5503,discovered
ARNTL,TIMP1,0.3286,discovered
KAT2B,CIP2A,0.402,discovered
RB1,AXIN2,0.6287,discovered
ESR1,TF,0.4303,discovered
MEF2B,LMO7,0.3967,discovered
CIITA,CDKN2B,0.7386,discovered
NFKB1,BGLAP,0.7067,discovered
TP63,TRB,0.3315,discovered
PPARG,ZNF300,0.4351,discovered
EGR1,BGLAP,0.4257,discovered
FOSL1,PTGS2,0.6043,discovered
MYC,PTPA,0.3643,discovered
EP300,MAPK7,0.3483,discovered
NFKB1,SCNN1B,0.4617,discovered
SYK,BCL2L1,0.4632,discovered
NFKB1,ALPI,0.3854,discovered
NR0B1,RAG1,0.5379,discovered
PML,PGK1,0.4199,discovered
NKX2-1,VIM,0.5079,discovered
RAF1,CA9,0.4437,discovered
FOXM1,LDHA,0.5727,discovered
BCL2L1,CD40LG,0.493,discovered
RARA,MUC4,0.3887,discovered
AGGF1,DIRAS3,0.3267,discovered
MYC,HTR1A,0.4017,discovered
NPPB,ABCB1,0.3747,discovered
ETS2,SERPINE1,0.3195,discovered
RUNX3,APC,0.4641,discovered
PAX5,MAP1LC3B,0.3118,discovered
SIRT1,H2AFX,0.3838,discovered
FOXA2,UHRF1,0.4466,discovered
MTA1,PPP2R2D,0.4652,discovered
STAT6,TOMM34,0.3127,discovered
FLI1,OLR1,0.372,discovered
PTGES,IGH,0.426,discovered
GATA3,HPGD,0.3504,discovered
CDKN1A,SEMA6A,0.319,discovered
HDAC1,FGFR1,0.4053,discovered
NFKB1,PSEN2,0.4113,discovered
SOD2,FASN,0.3475,discovered
KIR2DL3,PLK1,0.3214,discovered
EGR1,GRPR,0.5828,discovered
TSC2,SPN,0.4966,discovered
CCNB1,IFNA13,0.4202,discovered
PLK1,TH,0.523,discovered
VDR,CRY1,0.3448,discovered
PKLR,MAPK1,0.4834,discovered
XBP1,HLA-DMA,0.541,discovered
HDAC9,JUNB,0.3997,discovered
MEF2C,SERPINB9,0.4048,discovered
DLL1,RUNX3,0.3189,discovered
DDX5,TGFBR2,0.3711,discovered
NR2F2,HLA-DRA,0.4291,discovered
TSIX,CDK5R1,0.534,discovered
PLAG1,TOP1MT,0.5036,discovered
CDKN1A,DYRK1A,0.3661,discovered
CEBPA,RECK,0.3207,discovered
PHF8,PTPN13,0.5271,discovered
E2F1,CLU,0.6147,discovered
GATA1,NF1,0.416,discovered
EZH2,NOV,0.6247,discovered
BTG2,PLTP,0.5163,discovered
TWIST2,A2M,0.3499,discovered
HOXC6,CHD8,0.3922,discovered
GTF2I,FN1,0.4979,discovered
SCNN1A,HBA2,0.4957,discovered
STAT1,GCM1,0.5145,discovered
DNMT1,AFP,0.3277,discovered
FASN,SMAD7,0.6315,discovered
DAPK1,PHOX2A,0.3502,discovered
KLF2,NOD1,0.4345,discovered
CTNNB1,DACT3,0.4245,discovered
RELA,RBL2,0.4982,discovered
E2F1,IRS2,0.4131,discovered
ADGRB1,TSC22D1,0.3178,discovered
PLK1,RPTOR,0.3812,discovered
TP53,FGFR1,0.3448,discovered
PPARG,SURF1,0.5562,discovered
SFPQ,GNRH2,0.4892,discovered
KLF4,DNMT3B,0.3744,discovered
E2F8,UBE2S,0.3295,discovered
DBI,BRAF,0.4137,discovered
ATR,CCNE1,0.505,discovered
JAG1,SNAI2,0.351,discovered
FASN,CYP7A1,0.3487,discovered
SP3,ACTA2,0.3815,discovered
HDAC3,SRC,0.4782,discovered
RB1CC1,PPARA,0.649,discovered
CREM,RARG,0.3619,discovered
TRB,CCL26,0.5003,discovered
LGALS1,NDRG1,0.352,discovered
GNLY,IKBKG,0.4421,discovered
SCD5,SKP2,0.3732,discovered
EP300,IL17A,0.4086,discovered
ARL6IP5,TNIP3,0.3591,discovered
ETS1,AR,0.4639,discovered
STAT6,CCND1,0.3621,discovered
PIAS3,APOE,0.3481,discovered
HSD11B2,CDKN1A,0.5237,discovered
HMGA1,HAS2,0.3696,discovered
MYOD1,KRT13,0.7078,discovered
CD3G,ALDOB,0.5563,discovered
ACACA,CCL4,0.6731,discovered
DPYSL2,CDK6,0.3404,discovered
KLF5,CERS2,0.613,discovered
CORO1C,TUBB3,0.3269,discovered
RELA,MPZ,0.3567,discovered
AGTR1,IRF8,0.3507,discovered
RELA,PGA5,0.4419,discovered
PDE6A,ATXN2,0.3091,discovered
SREBF1,MUC5AC,0.3846,discovered
CIITA,CYP3A5,0.3375,discovered
NRF1,BCL11A,0.3902,discovered
MYH11,MMP9,0.3335,discovered
PTGER4,EBF1,0.4558,discovered
TRIB3,MMP9,0.5049,discovered
CDKN1A,CDA,0.6148,discovered
STAT3,HLA-E,0.3595,discovered
SPI1,ASAH1,0.398,discovered
SMAD3,TFDP3,0.3276,discovered
SRR,COP1,0.3653,discovered
DACT3,NFKB1,0.4787,discovered
MICA,CD4,0.453,discovered
HES1,CDKN1A,0.5505,discovered
ESR1,ASCL1,0.4398,discovered
MLL2,CD40LG,0.5289,discovered
REL,TNF,0.3439,discovered
CD46,CXCR4,0.6075,discovered
PTGES,PLD1,0.4027,discovered
ATF3,SURF1,0.6823,discovered
SOX17,PCK2,0.7164,discovered
HLA-DRB4,PPBP,0.6696,discovered
MYC,MUC6,0.4448,discovered
RFX5,HIP1R,0.3724,discovered
TOMM34,FGB,0.5929,discovered
NRL,PTGDS,0.3415,discovered
CIITA,CASP8,0.3014,discovered
IRF9,LMO7,0.695,discovered
LDHA,ESR1,0.5498,discovered
VDR,CUX1,0.4104,discovered
PTTG1,PRKCB,0.3677,discovered
POU4F2,TFF3,0.3885,discovered
PDLIM7,BRIP1,0.3877,discovered
WT1,HNRNPA2B1,0.6076,discovered
JUN,PSIP1,0.4894,discovered
ATF4,PAEP,0.4031,discovered
SPI1,CYP1B1,0.423,discovered
ELL,PRTN3,0.3854,discovered
JUN,CCNB1,0.3839,discovered
STAT2,TNFRSF12A,0.5826,discovered
CASP8,MCM6,0.4666,discovered
SOX6,NQO1,0.3479,discovered
RUNX2,BAX,0.6589,discovered
ATF3,IGF2BP2,0.3082,discovered
AR,CARD8,0.3181,discovered
PRDM2,GJA5,0.333,discovered
CREB1,CDKN1A,0.3116,discovered
STAT1,SOX3,0.4706,discovered
HMGA1,ERG,0.3659,discovered
TGIF1,ID1,0.3563,discovered
SRY,LAMA3,0.3423,discovered
CHEK2,ALPI,0.4964,discovered
GATA3,CARD8,0.4141,discovered
MZF1,VEGFC,0.3418,discovered
NPAS2,CDH17,0.3889,discovered
FOXI1,POU3F4,0.3866,discovered
TFAP2A,ORMDL3,0.754,discovered
PELP1,CFB,0.4062,discovered
MBD2,IFNL2,0.6684,discovered
BRCA2,MTF1,0.3987,discovered
E4F1,BAG1,0.5536,discovered
SP1,CRX,0.5971,discovered
KRAS,TALDO1,0.3998,discovered
STAT5A,ERBB2,0.4028,discovered
SATB1,COL4A4,0.3692,discovered
FOS,CYP3A4,0.4346,discovered
RFX3,G6PD,0.5473,discovered
MEOX2,TP53,0.3599,discovered
DEFA6,EGFR,0.3601,discovered
ASCL1,UPF3B,0.3399,discovered
GATA2,TAP2,0.5225,discovered
RET,NEUROD1,0.411,discovered
STAT5A,RPTOR,0.4515,discovered
KLK3,L1TD1,0.4936,discovered
MAZ,CCL19,0.3504,discovered
MYB,HBA2,0.4703,discovered
GATA1,CSNK2A1,0.5355,discovered
SLC22A4,BRCA1,0.4253,discovered
MAZ,MUC17,0.4481,discovered
ALOX15,ABCG8,0.4709,discovered
IFI16,EDA,0.4016,discovered
ZNF382,COL1A1,0.4542,discovered
NFKB1,SF1,0.5058,discovered
POU2F1,TNFRSF11B,0.4816,discovered
AGO1,MMP2,0.5032,discovered
APEX1,HMOX1,0.3993,discovered
ETS1,COL7A1,0.3501,discovered
NFKB1,CXADR,0.3636,discovered
PKM,CFTR,0.492,discovered
POU2F1,DNMT1,0.3389,discovered
PHOX2B,CCR7,0.3342,discovered
PREB,JAG1,0.3569,discovered
TWIST1,ADM,0.3537,discovered
NFKB1,MUC1,0.4988,discovered
RB1,DHX9,0.6058,discovered
ZMYND11,BLK,0.6192,discovered
TFAP2B,ATG5,0.6755,discovered
AHR,CEBPZ,0.3634,discovered
POU2F1,PIK3CA,0.3011,discovered
PRSS50,HSPA4,0.3693,discovered
TAL1,FOXP3,0.3776,discovered
CYP24A1,RET,0.6412,discovered
SREBF1,BGLAP,0.5747,discovered
LEF1,ISYNA1,0.474,discovered
NANOG,RASGRP1,0.3523,discovered
PPARD,SFTPA1,0.3594,discovered
AHR,PGA5,0.3296,discovered
LRP8,HMOX1,0.4898,discovered
SPI1,MCL1,0.4342,discovered
XBP1,SLC22A6,0.6182,discovered
TCF3,ESR1,0.3691,discovered
NFE2L2,PTGS2,0.4827,discovered
CSH2,RBBP8,0.3509,discovered
MSC,ERG,0.3499,discovered
TGFBR1,GUCY1B1,0.6417,discovered
VAMP2,BCL2,0.3552,discovered
LEF1,BRCA1,0.3495,discovered
ERG,UTRN,0.3777,discovered
CYP3A7,CDKN2A,0.4532,discovered
RBL1,MMP1,0.3891,discovered
ETV1,PCSK2,0.3222,discovered
YY1,IGF1,0.4546,discovered
DNMT3A,TNFAIP3,0.4892,discovered
GATA2,HSPD1,0.3717,discovered
HDAC3,MEF2B,0.3256,discovered
CCL26,MMP14,0.4316,discovered
NOTCH3,PBX1,0.4206,discovered
PEG3,STAT2,0.3537,discovered
ETS1,RGN,0.4023,discovered
NR5A2,CHEK2,0.4376,discovered
SOX4,SAP30,0.3162,discovered
MACC1,HLA-DRB1,0.3598,discovered
NRL,NQO1,0.6791,discovered
RUNX3,SF1,0.4839,discovered
TFAP2B,PRDX3,0.3896,discovered
JUN,POSTN,0.4934,discovered
KLF4,NLK,0.3496,discovered
FOXD3,NEDD4L,0.4768,discovered
CCNE1,IFNB1,0.541,discovered
FOXA2,IGF2,0.3034,discovered
HDAC1,SOX9,0.4387,discovered
RB1,AR,0.5603,discovered
HOXA1,CYP2B6,0.396,discovered
EAF2,JUND,0.4507,discovered
GZMB,WT1,0.3857,discovered
LEF1,FGFR1,0.4062,discovered
SPIB,SELE,0.4286,discovered
ATF4,CDKN2A,0.362,discovered
TNF,COL7A1,0.3385,discovered
SI,GATA1,0.5212,discovered
ATF7,MCL1,0.3647,discovered
CEBPA,SOX11,0.5683,discovered
FDXR,KPNA2,0.664,discovered
PAX4,CD40,0.4263,discovered
UBTF,SLC13A4,0.4332,discovered
RFX3,GP1BA,0.3299,discovered
APC,RASSF1,0.37,discovered
KRT20,VEGFA,0.4903,discovered
MGP,SLC10A1,0.3939,discovered
MSX2,IL2RA,0.4224,discovered
HDAC1,FOSL1,0.38,discovered
PAX5,DBI,0.4979,discovered
NFKB1,PIAS3,0.4879,discovered
TRERF1,ASPN,0.3753,discovered
CTCF,DBI,0.5701,discovered
CIITA,OAS1,0.5847,discovered
SP1,TWIST1,0.5592,discovered
FLI1,NPPA,0.4655,discovered
FUT2,NF1,0.5793,discovered
TP53I3,TWIST1,0.4457,discovered
CTNNB1,PRDX5,0.4322,discovered
BCL6,GFI1B,0.5698,discovered
MSH2,NME1,0.4937,discovered
SPI1,MSMB,0.5408,discovered
TEK,CXCL2,0.3184,discovered
E2F4,MBD2,0.3332,discovered
HERC2,BCL2A1,0.3763,discovered
RXRA,RAB3A,0.4016,discovered
ETV4,FGF16,0.3186,discovered
HNF4A,PDHA1,0.5032,discovered
RUNX1,DNMT3B,0.5411,discovered
CIITA,TRB,0.3054,discovered
STAT3,NAMPT,0.3792,discovered
RET,CD14,0.3136,discovered
SP3,CCNB1,0.4371,discovered
MYC,PHOX2A,0.3412,discovered
ATF3,HR,0.41,discovered
POU2F2,ATP2A2,0.3292,discovered
STAT5A,CCL21,0.5001,discovered
CREBBP,ENO1,0.6474,discovered
BCL11A,YWHAQ,0.3673,discovered
ESR1,CRYGB,0.4178,discovered
CDCA7,USP7,0.5139,discovered
HDAC3,XRCC1,0.5789,discovered
PPP2R2D,G6PC,0.3781,discovered
ETS2,CCND1,0.4854,discovered
CREB1,CHEK2,0.4141,discovered
SREBF2,TRIB2,0.6687,discovered
EP300,FOXM1,0.3269,discovered
MEF2D,GRHL1,0.3861,discovered
CDX2,PLRG1,0.5632,discovered
TRIP6,GSPT1,0.4214,discovered
EGR1,BCL3,0.4418,discovered
TP53,SMPD1,0.3158,discovered
FOXD3,HLA-DMB,0.458,discovered
HIP1R,GKN2,0.3487,discovered
ESR2,SLC6A4,0.3082,discovered
MTF1,CCL3,0.4481,discovered
HDAC1,PRG3,0.356,discovered
SP1,HNF1B,0.4218,discovered
GREB1,RAG2,0.386,discovered
NFYB,CYP11A1,0.5799,discovered
PKLR,DNMT3B,0.6519,discovered
PFKP,HLA-A,0.476,discovered
LTA,ATR,0.4319,discovered
PITX1,VGF,0.4839,discovered
DMAP1,PDGFB,0.6917,discovered
EREG,ARF6,0.503,discovered
ZBTB16,PSG3,0.5249,discovered
SPI1,KLK3,0.488,discovered
SOX2,ARID1A,0.3795,discovered
EP300,TGFBR3,0.6011,discovered
SHOX2,EZR,0.3375,discovered
EP300,HBG1,0.4822,discovered
NR1H2,RUNX1,0.3753,discovered
ATM,ITGB3,0.629,discovered
DNMT1,TSC2,0.4857,discovered
RELA,BRCA1,0.3169,discovered
ING1,ATF4,0.4409,discovered
CBS,BRD7,0.4392,discovered
CREB1,HSPA5,0.4507,discovered
RUNX2,BCL2L1,0.4833,discovered
CDX2,CDKL5,0.5568,discovered
LDHA,MIR27A,0.6004,discovered
USF2,SMAD3,0.402,discovered
CCL26,PDK2,0.3364,discovered
TNFRSF17,APOC3,0.4575,discovered
SUZ12,SCARB1,0.4894,discovered
SP1,DEC1,0.4168,discovered
NR3C1,SRSF1,0.6221,discovered
NPAS2,TNFRSF12A,0.4433,discovered
IFNB1,VAMP2,0.5066,discovered
ID4,CAV1,0.3483,discovered
HSF1,SQSTM1,0.3848,discovered
ERG,MYCBP,0.6127,discovered
ZNF76,YES1,0.351,discovered
COP1,NR2F1,0.4232,discovered
PITX1,KRT16,0.4488,discovered
PTTG1,ALAS1,0.3107,discovered
TP53,CCL5,0.4363,discovered
GATA1,FOS,0.508,discovered
WFDC2,HMOX1,0.3836,discovered
TBP,GAD1,0.5695,discovered
PEBP1,AR,0.3803,discovered
PML,SYN2,0.3162,discovered
NR0B2,CD14,0.3307,discovered
FASN,KDR,0.5237,discovered
RELA,SLC2A3,0.4437,discovered
TAL1,CD8A,0.3838,discovered
HIF1A,IL1B,0.307,discovered
IFI16,JUND,0.5215,discovered
VDR,CCNB1,0.4507,discovered
ING4,MVP,0.5653,discovered
KAT5,PTGFR,0.5055,discovered
RFXAP,PER2,0.4311,discovered
LAMB1,PLTP,0.4368,discovered
HNF1A,TFF1,0.6402,discovered
BCL2L1,IL1RL1,0.3139,discovered
STAT6,MAD2L1,0.5067,discovered
FDXR,IGFBP1,0.3287,discovered
SP1,AGO1,0.4838,discovered
CELSR3,ZNF202,0.5924,discovered
VHL,XPC,0.3897,discovered
TP53,CBFB,0.4588,discovered
EGR1,BAD,0.5206,discovered
SMN1,NOTCH1,0.3936,discovered
SOX2,TBX21,0.3424,discovered
RFX1,CYP1B1,0.38,discovered
PIAS1,BRCA1,0.4494,discovered
ETV6,FOXM1,0.5693,discovered
SREBF1,JAG1,0.4577,discovered
RB1,CASP8,0.4157,discovered
SATB1,PTGFR,0.5895,discovered
HIF1A,ACAN,0.4086,discovered
PPARA,CEL,0.3427,discovered
MYC,IL2RA,0.4336,discovered
FOXA1,CTSL,0.4313,discovered
MSC,HSPD1,0.3857,discovered
PREB,IL11,0.4245,discovered
SP1,MST1,0.3706,discovered
PPARG,RB1,0.3375,discovered
NFATC1,FMR1,0.3783,discovered
SETDB1,HLA-DPA1,0.5596,discovered
CXCL10,CYP2C9,0.3478,discovered
AR,ASF1B,0.3206,discovered
FLT3,ANTXR1,0.4774,discovered
NFKB1,CDK2,0.4376,discovered
USF2,NDRG2,0.3741,discovered
SP1,BEST1,0.6458,discovered
NFKB1,HLA-DPA1,0.4846,discovered
TP53,CSNK2A1,0.4205,discovered
TP53,STIM1,0.4357,discovered
PRKCQ,APOA2,0.4149,discovered
KRAS,BTK,0.3075,discovered
SNAI2,MUC2,0.496,discovered
TFDP1,CDKN2A,0.4505,discovered
SP2,RET,0.4874,discovered
KLF2,TFF1,0.4432,discovered
ETS1,MSH6,0.5187,discovered
BDP1,CCNA1,0.7362,discovered
FOXO4,DSC2,0.3518,discovered
ATF1,PTPRG,0.5053,discovered
POU2F2,TAF12,0.3036,discovered
SP1,BTG3,0.7421,discovered
RUNX3,WT1,0.5297,discovered
KRT20,FOXF1,0.4963,discovered
SMAD3,GNRH2,0.4472,discovered
ETS2,TCFL5,0.6174,discovered
SOX2,CDKN2A,0.4375,discovered
IRF9,MADCAM1,0.6173,discovered
MITF,ACADL,0.5091,discovered
POU2F2,EGFR,0.4091,discovered
CHEK1,ATF2,0.4457,discovered
GATA1,COL1A1,0.3877,discovered
XBP1,HBA2,0.4781,discovered
GRK2,MIF,0.4099,discovered
TCF12,MET,0.6144,discovered
HLA-F,LHB,0.3173,discovered
MYCN,ERBB2,0.5902,discovered
SP1,OGG1,0.4025,discovered
IFNLR1,DUSP1,0.4556,discovered
TNFSF14,IL2RA,0.5569,discovered
IRF8,TNF,0.4169,discovered
TP53,NOTCH1,0.3427,discovered
ING1,BCL2L1,0.5265,discovered
PPARA,APOD,0.6009,discovered
NFIC,PTGS2,0.3962,discovered
NFKB1,KLK2,0.511,discovered
CEBPA,PTPN1,0.3623,discovered
ILF3,NEUROD1,0.3924,discovered
CXCL5,TFF3,0.4413,discovered
MAP2K1,KPNA2,0.418,discovered
NOTCH2,ISG20,0.4028,discovered
CTCF,ROS1,0.4449,discovered
ETS1,CDH1,0.3272,discovered
RUNX1,OGG1,0.3361,discovered
CIITA,IFNA2,0.3492,discovered
HBP1,NOS2,0.6878,discovered
ACE,PPOX,0.5933,discovered
NR3C1,IL1A,0.3475,discovered
BECN1,NFATC2,0.5199,discovered
STAT1,GTF2F1,0.3481,discovered
NR5A1,SOX3,0.3242,discovered
TIAL1,ALK,0.4872,discovered
IKBKG,KIT,0.4736,discovered
SEMA6A,WDR5,0.3965,discovered
TSC1,CETP,0.5287,discovered
THRB,CYP8B1,0.4934,discovered
PLK1,STAT3,0.4701,discovered
THRA,MLH1,0.3177,discovered
IRF1,NEUROD1,0.3833,discovered
CDH1,SOX9,0.4977,discovered
E2F1,CLDN7,0.3305,discovered
KCNIP3,GTF2I,0.4122,discovered
STAT5A,NDUFV1,0.4202,discovered
STAT4,TAGLN,0.4433,discovered
ATM,E2F4,0.4525,discovered
SMAD4,IKBKE,0.3904,discovered
STAT3,FCER1A,0.5145,discovered
TYMP,HIF1A,0.6051,discovered
POU3F2,KRT13,0.4266,discovered
SP1,TWIST2,0.4215,discovered
SP2,CDC20,0.4063,discovered
REST,CDKN1A,0.3812,discovered
KLF8,PRSS50,0.4345,discovered
APEX1,SNAPC1,0.35,discovered
JUN,GABPB2,0.4608,discovered
STAR,BLK,0.3717,discovered
TFAP2A,IVL,0.3584,discovered
PREB,GCLC,0.3808,discovered
NANOG,CDH1,0.3783,discovered
CTSK,IRF1,0.4428,discovered
MSC,CCND1,0.3167,discovered
FGFR1,IL10,0.4181,discovered
SLC8A3,ERVW-1,0.4026,discovered
ELF3,CRY1,0.4385,discovered
MED1,MLANA,0.4874,discovered
PAX2,GDA,0.4601,discovered
CIITA,HTR1A,0.3274,discovered
CTSD,DKK3,0.3542,discovered
CLOCK,KIT,0.421,discovered
CTNNB1,NPPB,0.5473,discovered
RFX5,SEC14L2,0.3196,discovered
HOXA1,SIX5,0.6776,discovered
TPT1,WNT7B,0.3084,discovered
CNMD,ABCB1,0.4089,discovered
SHOX2,SATB1,0.5541,discovered
USF1,XIAP,0.4378,discovered
TP53,NPPA,0.6594,discovered
MYC,FABP7,0.4026,discovered
NFKB1,PCNA,0.7021,discovered
RB1,MYH11,0.3818,discovered
HLA-DRB4,CDKN1A,0.4279,discovered
RXRA,PAX3,0.3087,discovered
RELA,LY96,0.3537,discovered
CEBPA,NR2F1,0.4223,discovered
FLI1,LOR,0.4894,discovered
NKX2-1,NPY,0.3578,discovered
PRAME,PGR,0.4137,discovered
IFITM3,DKK1,0.4097,discovered
GLI2,CD4,0.5336,discovered
KAT6A,H2AFX,0.3408,discovered
DIRAS3,ABCB1,0.5449,discovered
ATF2,EPHA2,0.349,discovered
HDGF,MTTP,0.3132,discovered
AHR,ALDH1A1,0.4928,discovered
PITX1,ZNRD1,0.3926,discovered
PTTG1,SERPINE1,0.3611,discovered
NFKB1,KMT2A,0.3314,discovered
NR3C1,VWF,0.3236,discovered
CLDN2,CDH2,0.4257,discovered
HSF1,TXNIP,0.4605,discovered
ERBB2,CD69,0.3548,discovered
NPM1,FLI1,0.538,discovered
SNAP25,PCNA,0.4251,discovered
AIP,DAPK2,0.4347,discovered
STAT5A,LMO1,0.4511,discovered
TP53,SHMT1,0.5326,discovered
NCOR1,SLC19A1,0.5625,discovered
MICA,CCNB2,0.5056,discovered
ATF6,RICTOR,0.3355,discovered
RFXAP,ASCL1,0.4075,discovered
CAD,COL10A1,0.3617,discovered
VDR,MUC4,0.509,discovered
PAX5,CEP55,0.4055,discovered
FGF10,IL10,0.3386,discovered
ZNF382,ATF2,0.462,discovered
NR2F1,CYP3A4,0.3158,discovered
FOXO3,PDGFB,0.4861,discovered
BRCA1,FHL1,0.3633,discovered
HECA,IL6,0.3087,discovered
DAXX,CASP1,0.5351,discovered
STAT5B,HLA-DQB2,0.4689,discovered
F12,BCL2L11,0.3575,discovered
TFDP1,IL2,0.4307,discovered
E2F1,MMP2,0.3313,discovered
RNF2,BAG3,0.6356,discovered
NFIL3,BHMT,0.4922,discovered
PARP1,PTGDS,0.3728,discovered
USF1,LEF1,0.4299,discovered
MAP2K1,TAC3,0.5032,discovered
EP300,RNF14,0.5902,discovered
TEF,FOXJ1,0.361,discovered
NCOA2,WT1,0.6645,discovered
MCL1,RGS4,0.4888,discovered
USF1,CSNK2A1,0.547,discovered
TRIM28,RNASEL,0.3482,discovered
TRERF1,IL1RN,0.3146,discovered
AR,NR2F1,0.3402,discovered
CHAC1,CLK3,0.5749,discovered
RARB,E2F7,0.3193,discovered
AMACR,KDM5C,0.6444,discovered
YY1,LOX,0.3121,discovered
HDAC1,HMGB1,0.4402,discovered
GATA4,CDKN1A,0.5649,discovered
SMAD7,BAX,0.3741,discovered
ELK1,BRCA1,0.5789,discovered
DNAJC12,MGMT,0.4571,discovered
MLL4,CCND1,0.4345,discovered
EP300,VCP,0.4499,discovered
E2F1,B2M,0.3706,discovered
NFKB1,LYL1,0.3332,discovered
AATF,BDKRB1,0.5367,discovered
TSC2,BCL2,0.5235,discovered
STAT6,COL4A3,0.3097,discovered
CUX1,APAF1,0.3571,discovered
AR,NFIA,0.4617,discovered
LEF1,NRF1,0.338,discovered
HOXA10,IFNG,0.3461,discovered
STAT3,CNMD,0.526,discovered
EPAS1,CDKN1A,0.5474,discovered
CEBPB,HTT,0.4692,discovered
CREM,HMGXB4,0.3717,discovered
APC,CDH3,0.3942,discovered
PPARG,ALK,0.3582,discovered
KRT10,MT1F,0.3162,discovered
PAX2,AKT1,0.4566,discovered
MYC,FOS,0.5429,discovered
FHL2,MTOR,0.3496,discovered
CEBPB,TGM4,0.4813,discovered
NFE2,MZF1,0.6176,discovered
TBX21,KLK3,0.3275,discovered
CD46,PEG3,0.4034,discovered
APC,CRMP1,0.3634,discovered
EGR3,CCND2,0.5081,discovered
CD38,MDM2,0.3595,discovered
MEF2D,MYL7,0.3968,discovered
E2F1,CTPS1,0.3932,discovered
STAT2,DOK1,0.4129,discovered
HIF1A,CCK,0.5772,discovered
MITF,RRAS2,0.3836,discovered
TAL1,IPO13,0.3218,discovered
WWTR1,FLT3,0.4962,discovered
SSB,SHH,0.5134,discovered
EZH2,HBG1,0.4185,discovered
IRF8,SRF,0.349,discovered
AR,ATF5,0.518,discovered
TWIST2,EXO1,0.377,discovered
ARID3A,IGF2,0.3721,discovered
LRP5,PRSS50,0.5394,discovered
EBF1,GTF2I,0.3111,discovered
PLK1,OPRM1,0.3434,discovered
MYB,FGF10,0.3699,discovered
LGALS9,CR2,0.582,discovered
NFYC,AR,0.3331,discovered
ARX,GDF15,0.442,discovered
SALL4A,CSNK2A1,0.4018,discovered
HEXIM1,SOD2,0.4642,discovered
JUND,MET,0.3239,discovered
CCL26,STS,0.4664,discovered
RELA,PLAG1,0.42,discovered
USF1,ATM,0.3399,discovered
FOS,CUX1,0.6023,discovered
KPNA2,ITGB1,0.4646,discovered
ATF3,TK1,0.6709,discovered
EGR2,BUB1B,0.3506,discovered
NR1H3,PKM,0.3646,discovered
E2F1,E2F8,0.4919,discovered
E2F1,TBP,0.693,discovered
KLF11,CGA,0.4307,discovered
ZHX2,TNFRSF10B,0.4472,discovered
HTATIP2,PPARA,0.3517,discovered
STAT1,ABCC3,0.3446,discovered
ETS1,ERCC4,0.3916,discovered
STAT1,PDGFRA,0.3717,discovered
KLF4,LAG3,0.3195,discovered
NPM1,APAF1,0.3739,discovered
MYC,A2M,0.6252,discovered
HNF1A,IFIT3,0.3515,discovered
HDAC1,RELA,0.418,discovered
NR1H4,FOXD3,0.4069,discovered
PIAS1,IGFBP1,0.3099,discovered
TCF3,CYBB,0.3738,discovered
ERG,CDH1,0.4179,discovered
BST2,TP73,0.6389,discovered
ALB,IL17A,0.5436,discovered
CREB1,APOD,0.5713,discovered
CBFA2T3,APAF1,0.6791,discovered
KLF4,CDKL5,0.3052,discovered
HDAC3,AGT,0.4314,discovered
BCAS3,MMP28,0.5642,discovered
PDGFRA,LOX,0.5008,discovered
SOX4,ADAM17,0.4197,discovered
TP53,SOCS2,0.3918,discovered
NFKB1,DSG4,0.3613,discovered
SPI1,VDR,0.4947,discovered
NOTCH3,LEP,0.4848,discovered
KLK2,ME1,0.4397,discovered
XBP1,C1QTNF5,0.5059,discovered
ANGPT2,HPSE,0.3676,discovered
TFAP2A,NCOR1,0.6869,discovered
SEPT7,CTBP2,0.4115,discovered
TAL1,LCT,0.5423,discovered
SP1,PBXIP1,0.405,discovered
E2F1,CHST4,0.3156,discovered
CDK2,LHB,0.5081,discovered
FOXP3,NME1,0.3331,discovered
SIRT1,NPY,0.4625,discovered
CEBPB,OPTN,0.5396,discovered
EGR1,CLDN7,0.3447,discovered
SPDEF,SMARCA1,0.3402,discovered
USF1,SMAD2,0.4457,discovered
EPSTI1,EPAS1,0.3433,discovered
IPO13,HLA-C,0.7726,discovered
FOXM1,DAP3,0.3433,discovered
SREBF1,LAMA1,0.4063,discovered
MYC,MYCBP,0.4611,discovered
TMEM71,CASR,0.385,discovered
MAP2K1,MYBL1,0.3848,discovered
CDX2,THBD,0.3591,discovered
NR1H3,IL10,0.4629,discovered
EGR1,ATM,0.3626,discovered
ETV4,HDAC1,0.4157,discovered
DDIT3,AR,0.5044,discovered
IKBKE,HLA-DQA2,0.4158,discovered
SPI1,SLC1A4,0.314,discovered
BRAF,CDKN1A,0.3736,discovered
ZEB2,ACRV1,0.4524,discovered
IRF2,RXRA,0.3024,discovered
CREM,USP26,0.4766,discovered
ZNF24,TCF7L2,0.3466,discovered
E2F1,CYBB,0.501,discovered
KLF2,HTR1A,0.4268,discovered
CTCF,TNF,0.4893,discovered
STAT3,NOLC1,0.5703,discovered
SIRT1,SLC2A1,0.5269,discovered
HLA-DRB3,BMI1,0.4056,discovered
AHR,AR,0.3275,discovered
F10,BTG3,0.6853,discovered
GATA6,HMOX1,0.3803,discovered
STAT5B,IGF1R,0.6877,discovered
SIX1,RORA,0.3089,discovered
E2F4,PIM1,0.4772,discovered
ITGAX,CCND2,0.3485,discovered
MYB,EP300,0.3043,discovered
FOXA1,PRKCA,0.339,discovered
GATA4,CCND1,0.359,discovered
WT1,CLEC4C,0.4806,discovered
APC,EED,0.3848,discovered
NFYC,HDAC7,0.3216,discovered
SOS1,MTF1,0.5592,discovered
NRF1,XPC,0.3947,discovered
KLF16,MYCN,0.3998,discovered
RUNX2,CYP17A1,0.5452,discovered
IRF1,HTT,0.5155,discovered
NFKB1,MACROD1,0.3707,discovered
CDH2,HOXB8,0.3056,discovered
ATF2,HES1,0.4701,discovered
TFE3,PHOX2B,0.3406,discovered
YY1,MLH1,0.3928,discovered
MAP1LC3B,PPARA,0.6473,discovered
TP63,PPARGC1A,0.3613,discovered
PITX1,DCT,0.3496,discovered
FOXN1,MTA2,0.3711,discovered
SP3,AGT,0.4876,discovered
PDHX,IL3,0.5185,discovered
FOSL2,MYL7,0.4332,discovered
ANGPTL4,BECN1,0.454,discovered
CIITA,IGF1,0.563,discovered
ETV6,TWIST1,0.3476,discovered
TRERF1,CCK,0.5088,discovered
SETDB1,FXR2,0.4276,discovered
CTCF,VEGFA,0.335,discovered
IL1B,CYP17A1,0.617,discovered
ATF1,CYP3A7,0.5182,discovered
HIF1A,CCNE1,0.5959,discovered
FOSL2,CTSL,0.3642,discovered
LEF1,IL6,0.3576,discovered
BAD,SIRT1,0.5328,discovered
IRF2,PHOX2A,0.3502,discovered
EP300,IVL,0.3938,discovered
CHEK2,NOS1,0.3867,discovered
ERG,IL6ST,0.3752,discovered
ILF3,CYP17A1,0.3357,discovered
E2F3,MBD2,0.4183,discovered
E2F1,SOX2,0.4877,discovered
JUNB,GDF5,0.5961,discovered
SIRT1,NOLC1,0.4575,discovered
HSF1,MDM2,0.5641,discovered
AXIN1,HLTF,0.4371,discovered
POU2AF1,BRAF,0.608,discovered
ZNF202,FGF21,0.3242,discovered
EWSR1,PIK3CA,0.5862,discovered
CIP2A,CYP1A1,0.5658,discovered
CDX1,CDKN1A,0.6192,discovered
MEF2C,SMAD3,0.5633,discovered
ONECUT2,TIMP3,0.5471,discovered
HDAC3,SYN2,0.3213,discovered
RAB3A,ABCB1,0.3563,discovered
TP53,ABCB11,0.4267,discovered
RUNX1,IVL,0.3587,discovered
NR1I3,NCOR2,0.4846,discovered
CDC20,SNAPC1,0.3126,discovered
CREB1,MCL1,0.3545,discovered
HIST2H2BE,MET,0.4924,discovered
PLIN2,NTF3,0.3707,discovered
MECP2,S100A4,0.4924,discovered
SOX2,MDM2,0.5466,discovered
NFKB1,GH1,0.6269,discovered
NR4A1,SIRT1,0.3654,discovered
CEBPB,RNF7,0.347,discovered
RUNX1,KLF6,0.397,discovered
E2F1,PHOX2A,0.4269,discovered
TWIST1,CPEB1,0.361,discovered
SPIB,AGTR1,0.3293,discovered
PDGFRB,CCND1,0.5828,discovered
CYP2D6,RNF144A,0.4364,discovered
SFRP1,GINS3,0.336,discovered
TBX21,CDKN1B,0.3755,discovered
NFKB1,DKK1,0.3269,discovered
CEBPD,FOXF1,0.3436,discovered
NFKB1,LOR,0.4379,discovered
RXRA,EP300,0.4568,discovered
ATOH1,NCF2,0.4051,discovered
TP53,EED,0.3061,discovered
ZHX2,ERAP1,0.5129,discovered
RARG,ALB,0.4188,discovered
BNIP3,RPTOR,0.469,discovered
PPARGC1A,BCL2,0.6338,discovered
SCD5,NODAL,0.4109,discovered
VDR,CSH2,0.3299,discovered
CRYAB,CXCR4,0.6392,discovered
SOX9,FOS,0.3182,discovered
RECQL4,CCR5,0.4374,discovered
CTNNB1,CARTPT,0.5933,discovered
KRT10,BRCA2,0.3039,discovered
HDAC1,OGG1,0.3022,discovered
HOXA1,IL18,0.3359,discovered
PROX1,CETP,0.4528,discovered
YY1,SLC22A3,0.3939,discovered
KLF4,NOX5,0.4772,discovered
ETV4,NDRG1,0.5847,discovered
NANOG,PRL,0.4869,discovered
POU1F1,MMP13,0.3964,discovered
CORO1C,GP9,0.4226,discovered
MTA1,CYP19A1,0.3643,discovered
SP1,HNRNPD,0.3636,discovered
PEA15,ANAPC4,0.5713,discovered
SP3,KLF14,0.5084,discovered
IRF9,CXCR4,0.3211,discovered
GALNT3,S100B,0.4078,discovered
SP1,MXI1,0.4097,discovered
LEF1,NFATC2,0.6069,discovered
CTCF,IRS2,0.5805,discovered
BRCA1,CCNA2,0.5839,discovered
NRAS,RAD51,0.5838,discovered
MYOD1,HAS2,0.4565,discovered
MYC,PPARG,0.3165,discovered
ETV4,NOS2,0.4592,discovered
PHOX2B,SHH,0.4076,discovered
RXRA,FAS,0.5663,discovered
HMGA1,LRP5,0.3956,discovered
IRF3,GDF15,0.4586,discovered
LIN28B,DAP3,0.3013,discovered
FOXP2,NEFL,0.3782,discovered
PPOX,STS,0.3465,discovered
HIPK2,MYC,0.4356,discovered
ANGPTL4,CDKN2C,0.4231,discovered
COL7A1,KPNA1,0.4152,discovered
VHL,CISH,0.341,discovered
HLF,TIMP3,0.5571,discovered
MYB,SLC2A4,0.3281,discovered
NFKB1,SAMD4A,0.4259,discovered
BCL2,BRCA1,0.4899,discovered
ESR2,CSH2,0.3313,discovered
PTPN1,IL23A,0.4838,discovered
MSC,GAD1,0.5546,discovered
HDAC5,SIX6,0.4175,discovered
NR2C2,BAX,0.3171,discovered
ING2,FOXP3,0.5828,discovered
ETS2,CD69,0.3286,discovered
HIPK2,VLDLR,0.4397,discovered
SP1,LHCGR,0.4298,discovered
STAT3,PTGIR,0.3638,discovered
MAX,ERBB2,0.449,discovered
PPARG,ERBB2,0.3632,discovered
FOS,S100B,0.3367,discovered
ATP6V0E1,STAT1,0.3859,discovered
TPMT,MBD2,0.5753,discovered
ELK1,ATM,0.3464,discovered
RDX,ZNF148,0.332,discovered
MAZ,TP53,0.6107,discovered
PPARG,PRM1,0.3753,discovered
SNW1,SAT1,0.5464,discovered
E2F1,ACBD3,0.3167,discovered
F2R,HMGCS1,0.3189,discovered
TFAP2A,MYC,0.5233,discovered
NF1,NDUFV2,0.4245,discovered
UHRF1BP1,PTEN,0.5463,discovered
SMAD2,PARP1,0.3585,discovered
CIITA,MMP13,0.4155,discovered
STAT3,HOXB7,0.3749,discovered
CREM,CD28,0.5182,discovered
SP1,CDC73,0.3557,discovered
FOXM1,SPI1,0.3976,discovered
OXT,TNFSF10,0.4461,discovered
NPM1,ODC1,0.4579,discovered
NFIC,KLK3,0.3489,discovered
SLC15A1,HMGA2,0.4364,discovered
ZEB2,TK1,0.4056,discovered
OTX1,KLF10,0.3186,discovered
AR,CREB1,0.4013,discovered
HIF1A,PDX1,0.3205,discovered
EGR1,MMP3,0.461,discovered
TP53,SOX3,0.5057,discovered
SNAI1,EGLN3,0.3535,discovered
TP53,CDKN2B,0.3298,discovered
EGR1,LOX,0.4019,discovered
ATF6,DICER1,0.3104,discovered
E2F4,NFYB,0.426,discovered
RASGEF1B,RAB3A,0.5106,discovered
MSL1,VDR,0.3959,discovered
SFRP1,NOD2,0.3317,discovered
RELA,SSTR2,0.3573,discovered
CDH1,NCOR2,0.3478,discovered
LAMA3,LBP,0.3217,discovered
REST,RB1,0.3376,discovered
CEBPB,PDHA1,0.3303,discovered
HEXIM1,TERT,0.4503,discovered
ESR1,SPI1,0.5104,discovered
PARG,E2F6,0.4645,discovered
FOXP3,CFTR,0.4573,discovered
STAT1,ARID1A,0.3267,discovered
LRF,HRK,0.539,discovered
ESRRA,SCTR,0.4327,discovered
CEBPA,STAT5A,0.3528,discovered
CDC42BPG,FMR1,0.4026,discovered
TGFB1,SELE,0.3613,discovered
HIST2H4A,CREB1,0.3244,discovered
JUND,RAG2,0.3317,discovered
TWIST2,SMAD7,0.3202,discovered
STAT1,CCL4,0.3866,discovered
CREB1,MMP9,0.3622,discovered
E2F1,TRIM21,0.3361,discovered
GATA2,CSF2,0.4233,discovered
JUN,NDRG2,0.5225,discovered
PTTG1,EGR2,0.6256,discovered
FOXP1,PHLDA1,0.472,discovered
POU1F1,SPINK4,0.3914,discovered
DNMT1,NF1,0.4813,discovered
FOXL1,DPYSL2,0.3696,discovered
GLI2,CDC6,0.4772,discovered
ITGB8,SLC19A3,0.4261,discovered
NFKB1,IL3,0.4623,discovered
SALL3,SPRY2,0.3897,discovered
NR1I2,PTHLH,0.4691,discovered
DMAP1,RUNX3,0.3159,discovered
TP53,SAA1,0.317,discovered
SMAD1,TGM4,0.7001,discovered
NFKB1,PIK3CA,0.4962,discovered
USF1,LPAR2,0.4291,discovered
RUNX1,CTSD,0.4105,discovered
ADRA1A,HLA-DQA1,0.4604,discovered
PPARA,TERT,0.3931,discovered
CCNE1,FHL1,0.5537,discovered
SIX3,CALD1,0.3961,discovered
CEBPA,PTPRZ1,0.5562,discovered
JUND,BAX,0.3186,discovered
CHRNA5,HLA-DQA1,0.4923,discovered
GFI1,XRCC1,0.3115,discovered
ZNF76,DUSP1,0.6015,discovered
GATA3,EZH2,0.3908,discovered
USF2,JUNB,0.5145,discovered
SP1,DEDD,0.3857,discovered
RAD51,LTBP4,0.47,discovered
FOXO1,GRIN2B,0.4171,discovered
TNFRSF1B,CTSD,0.3983,discovered
HOXA1,BRCA1,0.3849,discovered
OTX2,SOCS2,0.4798,discovered
HLX,BCL2L11,0.518,discovered
ELK1,KRT19,0.4575,discovered
GSC,AGO1,0.3484,discovered
NF1,ME1,0.3149,discovered
STAT3,KDR,0.4576,discovered
NFKB1,CAPN10,0.449,discovered
FOXM1,KRT18,0.3206,discovered
FOXA1,EED,0.3719,discovered
SMARCA1,FOS,0.4101,discovered
JUN,SF3B1,0.3679,discovered
NFKB1,CCL7,0.3838,discovered
MYC,TP63,0.476,discovered
MEF2C,CCL5,0.3214,discovered
HIF1A,ASPH,0.5268,discovered
DMD,GATA3,0.3896,discovered
DNMT1,COL11A2,0.3087,discovered
E2F1,IKBKG,0.4096,discovered
PPARGC1A,JUN,0.4799,discovered
CEBPB,ABCA1,0.3554,discovered
GSC,MSH6,0.5576,discovered
CDK6,HAS2,0.4773,discovered
F13A1,HFE,0.5795,discovered
PAX2,HOXC8,0.3711,discovered
RUNX3,ZBTB5,0.3886,discovered
SP1,IGH,0.473,discovered
SCG3,CA9,0.4552,discovered
ETS1,LMO2,0.4456,discovered
TP63,VCAN,0.4366,discovered
HIF1A,PTEN,0.4581,discovered
SLC46A1,TCF7L2,0.3911,discovered
NFE2L2,ERG,0.3135,discovered
NF1,EREG,0.3118,discovered
ERCC2,HOXC8,0.5279,discovered
MYB,OPRM1,0.4419,discovered
MYCN,DOK1,0.3015,discovered
SP1,PRKCA,0.4731,discovered
CTNNB1,MDM2,0.3744,discovered
PA2G4,RASGEF1B,0.4192,discovered
STAT3,CSF3R,0.5294,discovered
HDGF,SP1,0.4627,discovered
JUND,CAD,0.4493,discovered
IRF1,MEIS2,0.4182,discovered
STAT1,CCND1,0.4094,discovered
PARP1,PODXL,0.4024,discovered
RB1,ABCB1,0.4228,discovered
ATF3,SLC20A1,0.7123,discovered
HSF1,PIGR,0.3322,discovered
NANOG,U2AF2,0.5366,discovered
EAF2,SEPT7,0.4396,discovered
GATA1,CDC73,0.319,discovered
LMO7,ITGAX,0.4758,discovered
PDCD1,CDKN1A,0.3838,discovered
FHL2,SRY,0.3622,discovered
GLI2,ID2,0.4106,discovered
XPC,HBEGF,0.3273,discovered
POU1F1,IFNG,0.3772,discovered
ZEB1,CALB1,0.4487,discovered
ETS1,FOXG1,0.4354,discovered
MIR708,TYRP1,0.3988,discovered
NR3C1,BIRC5,0.4521,discovered
HNF4A,F13A1,0.4492,discovered
HIF1A,PPP1R13B,0.5439,discovered
FOXM1,RGS4,0.5614,discovered
PTMA,ILK,0.7188,discovered
MKL1,FOXP2,0.4913,discovered
MYB,ACBD3,0.3659,discovered
RAD51,LDHA,0.6852,discovered
FLI1,MTF1,0.3453,discovered
ELK1,ODC1,0.5444,discovered
CDC20,BCL2L1,0.4395,discovered
SMAD4,CRP,0.3316,discovered
CTCF,ALK,0.3624,discovered
SOX17,MUC1,0.3451,discovered
HOXA1,ARID1A,0.5045,discovered
AMHR2,IL2,0.412,discovered
NF1,BAX,0.6313,discovered
TP53,HOXD3,0.5536,discovered
NFKB1,UHRF1,0.4133,discovered
SP3,TGFA,0.3648,discovered
CTNNB1,PML,0.3118,discovered
EGR1,RPTOR,0.3572,discovered
PBX2,SUPT3H,0.68,discovered
HIPK2,VDR,0.567,discovered
TWIST1,HPSE,0.5721,discovered
CD151,NOD2,0.5494,discovered
MYC,IL12B,0.4079,discovered
TGFBR2,MCL1,0.5215,discovered
HTT,ARG1,0.3686,discovered
CLOCK,PMAIP1,0.5584,discovered
E2F1,PDLIM7,0.3122,discovered
NR2F1,MUC17,0.3145,discovered
MEFV,RB1,0.4844,discovered
BRAF,TNF,0.3711,discovered
IFNA2,CD2,0.3986,discovered
ETV5,CD40,0.7293,discovered
GATA1,MUC5B,0.5964,discovered
HOXB7,COL18A1,0.4031,discovered
RB1,APOBR,0.4092,discovered
AR,CCK,0.5987,discovered
RELA,NPAS3,0.4381,discovered
KLF8,CDKN2B,0.4376,discovered
F13A1,DNMT1,0.5785,discovered
PAX4,FGF1,0.6073,discovered
FOXC1,AR,0.374,discovered
ZNF382,IVL,0.5793,discovered
STAT6,CCNE1,0.6027,discovered
PPARG,IFNB1,0.4976,discovered
PBX1,OAS1,0.5659,discovered
TCF4,PRODH,0.3995,discovered
PPP2R2B,LNPEP,0.5854,discovered
ALDH1A2,TCFL5,0.3115,discovered
IKBKG,CSNK2A1,0.4938,discovered
UHRF1,STAT3,0.4241,discovered
SIRT1,CTSD,0.4097,discovered
PLK1,HBE1,0.4157,discovered
NR3C2,CXCL8,0.6143,discovered
MYCN,CGB5,0.3685,discovered
PIK3CA,CDK2,0.4285,discovered
CDKN1A,RORA,0.3826,discovered
MSH2,HSF1,0.5876,discovered
NR1I3,ESRRG,0.5648,discovered
HCN4,BRCA2,0.4156,discovered
PPARA,CHEK1,0.379,discovered
GATA3,MUC4,0.4359,discovered
PPARG,DVL1,0.546,discovered
VDR,TMPRSS2,0.356,discovered
HMGA1,CD19,0.6209,discovered
IGK,CSNK1A1,0.3539,discovered
RELA,EZH2,0.3853,discovered
AXIN1,DES,0.3474,discovered
FOXM1,SF1,0.3043,discovered
AIP,NFRKB,0.5701,discovered
FOS,ATXN2,0.5366,discovered
THRB,KLK1,0.4094,discovered
PKM,CCND2,0.3814,discovered
TCF3,CARTPT,0.405,discovered
MKL1,FOS,0.3616,discovered
CCND3,CEACAM1,0.4669,discovered
IRF1,LTB,0.4645,discovered
MYB,FAS,0.6721,discovered
NFKB1,GP1BB,0.322,discovered
RACGAP1,ALAS1,0.4677,discovered
KIT,HLA-DRB5,0.4739,discovered
ING2,NR2E3,0.4006,discovered
SIX1,CDKN1A,0.4536,discovered
RUNX1,ADRA1A,0.319,discovered
E2F1,IAPP,0.415,discovered
LEF1,HLA-DPB1,0.5042,discovered
STAT2,SLC22A9,0.3199,discovered
MTF1,VEGFA,0.3806,discovered
FHL2,KLK3,0.3089,discovered
F13A1,KMT2A,0.4185,discovered
SP3,FHIT,0.3386,discovered
IRF5,PAX8,0.5032,discovered
ZFP36,HSPA5,0.5061,discovered
SP3,APOB,0.4378,discovered
HSF1,RFX3,0.4553,discovered
CDK11B,DDIT4,0.3261,discovered
ZEB2,CD163,0.319,discovered
SETDB1,SMAD7,0.3721,discovered
GAD1,SCARF1,0.5476,discovered
CREB1,LCAT,0.3907,discovered
PREB,STMN1,0.3089,discovered
CES1,FUBP3,0.4602,discovered
NFYB,CDKN2A,0.4816,discovered
PPARA,DKK1,0.5733,discovered
DDX5,WNT2,0.3175,discovered
ATF2,PLAC1,0.4765,discovered
CTCF,PRSS50,0.408,discovered
AKR1C3,IL5,0.3834,discovered
GATA4,FGG,0.3737,discovered
LIN54,DCN,0.4884,discovered
EP300,CD3G,0.367,discovered
PPARG,HDAC1,0.4121,discovered
MC1R,APC,0.4799,discovered
ARNT,BSG,0.5401,discovered
USF2,APP,0.452,discovered
LDLR,UGT1A9,0.3332,discovered
CXCL14,BAX,0.3979,discovered
EP300,MT1E,0.3339,discovered
SOX9,MGAT5,0.3468,discovered
AHR,UGT1A7,0.529,discovered
PAX8,CTPS1,0.503,discovered
YY1,MMP9,0.3888,discovered
PPARG,CD1D,0.4211,discovered
KLF5,DNMT3B,0.5038,discovered
ELK4,TGFBR2,0.4143,discovered
CHEK2,E2F1,0.4788,discovered
WT1,HMGCR,0.5291,discovered
GFI1,CXCL8,0.3925,discovered
JUN,WT1,0.3112,discovered
TWIST1,CXCL1,0.6374,discovered
FOXO1,MC1R,0.3809,discovered
NFKB1,HTR1A,0.3584,discovered
ASPM,CD59,0.3831,discovered
TFE3,IL2,0.4141,discovered
JUNB,NME1,0.4455,discovered
SIN3A,GATA4,0.3773,discovered
HDAC1,DUSP1,0.4477,discovered
CEBPB,MMP9,0.4419,discovered
ITGAV,CXADR,0.5203,discovered
NME1,EZR,0.5745,discovered
GATA1,S100A9,0.4056,discovered
CBFB,CRMP1,0.6162,discovered
PER1,ARNT,0.4736,discovered
RB1,CAPN6,0.404,discovered
SP1,SAA2,0.4696,discovered
RFXAP,NME3,0.4916,discovered
XAF1,TSC1,0.4314,discovered
ETS1,CHRNA1,0.3264,discovered
SIRT1,B4GALT5,0.3795,discovered
POR,AGER,0.3681,discovered
DMD,IFNG,0.5779,discovered
DCK,LTBP4,0.3994,discovered
RUNX1,KRT7,0.4159,discovered
RBPJ,SPAST,0.3365,discovered
MAPK1,CEACAM1,0.3587,discovered
HOXA9,TDO2,0.4785,discovered
TRIM21,IRF8,0.6462,discovered
MYCN,DNAJC3,0.4551,discovered
AR,BCL2,0.45,discovered
SOX2,SHC1,0.4339,discovered
PTTG1,PDGFRA,0.4677,discovered
JUNB,ISG20,0.7721,discovered
EWSR1,HDC,0.4819,discovered
HDAC9,IL6,0.5152,discovered
STAT3,EDN1,0.38,discovered
PTGER4,KLK3,0.4777,discovered
SFTPA1,HOXA10,0.4321,discovered
NOTCH4,FOS,0.363,discovered
SAA1,MMP13,0.4345,discovered
RB1,MYL7,0.4855,discovered
FOXO3,ATM,0.5361,discovered
E2F1,PIAS2,0.6021,discovered
SMARCA4,TBX2,0.6525,discovered
WT1,BTG3,0.5135,discovered
FOXO1,JUND,0.3753,discovered
EDN1,MUC5AC,0.364,discovered
STAT3,EGR2,0.3976,discovered
MAP3K5,ERBB2,0.56,discovered
ESR1,MLYCD,0.4636,discovered
EP300,SOD2,0.5259,discovered
NFYC,IRF2,0.5296,discovered
GATA2,IGF1R,0.347,discovered
PPARGC1A,TP53,0.3709,discovered
PTEN,FGF1,0.3324,discovered
SNAI1,DCBLD2,0.3511,discovered
LMO2,TP73,0.4537,discovered
PAX2,FABP5,0.5356,discovered
SP1,GUCY1B1,0.6725,discovered
MEF2C,SLC26A4,0.3815,discovered
CREB1,HIF1A,0.3621,discovered
HNF1A,BTG2,0.5128,discovered
TP53,FCER2,0.378,discovered
SREBF1,FBXO32,0.3735,discovered
MYC,ARNTL,0.5048,discovered
EWSR1,RPS6KA3,0.5019,discovered
KLF6,BCL2A1,0.347,discovered
TFAP2C,IRF7,0.457,discovered
BAALC,NTS,0.4628,discovered
TFAP2C,FABP2,0.3433,discovered
WT1,OGG1,0.4517,discovered
NFKB1,IL1R1,0.3941,discovered
YY1,CPEB1,0.3346,discovered
DNMT3A,PDK4,0.3849,discovered
RUVBL1,SCD,0.3886,discovered
HMGN1,DUSP1,0.4121,discovered
RFX2,IL1B,0.3405,discovered
ARX,HIST1H2AE,0.3739,discovered
HEY1,RTN3,0.3351,discovered
FOXM1,IL2RB,0.4158,discovered
NFKB2,CIP2A,0.4154,discovered
TP53,MEIS2,0.3328,discovered
PPARD,HLA-F,0.3783,discovered
S100A11,PGK1,0.4726,discovered
HIF1A,FCGR3B,0.4499,discovered
ATF4,ASAP2,0.4701,discovered
HIC1,PURA,0.3967,discovered
PML,PMAIP1,0.3341,discovered
TBX3,IRF7,0.3199,discovered
FOXM1,SHH,0.5725,discovered
JAG1,LHB,0.5314,discovered
ESRRA,GMPS,0.5317,discovered
SMAD4,BTK,0.531,discovered
TEAD4,BACE1,0.4325,discovered
PPARG,SERPINC1,0.3478,discovered
PF4,SOX14,0.3233,discovered
ETV4,HIST1H2AE,0.5447,discovered
GLI2,MEFV,0.4473,discovered
LHX2,MDM2,0.3546,discovered
RUNX2,FGL2,0.4183,discovered
JUN,SRC,0.3833,discovered
KRT10,MSH2,0.4523,discovered
MAF,SELE,0.4065,discovered
EGR2,LRP5,0.4316,discovered
RB1,KISS1,0.3696,discovered
TRRAP,GABPB1,0.3109,discovered
ATF4,ARG2,0.3837,discovered
PPARG,APAF1,0.4476,discovered
IRF7,EPO,0.406,discovered
HIC1,PHB,0.6041,discovered
E2F3,MAP1LC3A,0.3753,discovered
NR5A1,SPP1,0.4686,discovered
RFXAP,CDK4,0.4783,discovered
TFCP2,ANPEP,0.3299,discovered
SMAD4,IFNA1,0.3743,discovered
NFYB,E2F3,0.3133,discovered
TRAF2,IBSP,0.4541,discovered
CDX2,SLC2A1,0.4554,discovered
MPG,CD74,0.3988,discovered
GKN2,APOA1,0.4009,discovered
STAT3,MKI67,0.482,discovered
LEF1,STARD7,0.3384,discovered
CCNA1,ERBB2,0.6599,discovered
GSPT1,IRF1,0.7432,discovered
RFX5,TRIM28,0.4102,discovered
USF2,CDKN1A,0.314,discovered
ATF5,RAD51,0.389,discovered
SIRT2,SDC1,0.5832,discovered
CAPN10,BAD,0.4662,discovered
KLF13,KRT12,0.3817,discovered
USF1,CRY2,0.4337,discovered
SP1,NELL2,0.4701,discovered
CDX2,COL7A1,0.3158,discovered
KLF5,CDKN1B,0.388,discovered
ATF4,GFER,0.3251,discovered
NFKB1,SP7,0.3296,discovered
RUVBL1,GSTA1,0.3756,discovered
STAT1,LTB,0.517,discovered
E2F8,FASN,0.7385,discovered
E2F1,RPLP0,0.3065,discovered
SULT2A1,LDHA,0.4473,discovered
ERAP1,SSTR2,0.3925,discovered
CREM,IGFBP3,0.4582,discovered
SMAD2,SLC22A4,0.502,discovered
LDHA,CDH1,0.5493,discovered
REST,CASR,0.3995,discovered
CDK6,HAP1,0.5981,discovered
CEBPB,PIK3R3,0.4737,discovered
DNMT1,TRA,0.4571,discovered
ARNT,CDKN2A,0.3647,discovered
MAP1LC3B,NGFR,0.3872,discovered
PSG5,NOTCH2,0.4097,discovered
FOSL1,EPAS1,0.3865,discovered
SP1,IL4,0.6382,discovered
CREM,PCSK2,0.379,discovered
KLF9,NOTCH4,0.418,discovered
HOXA10,GATA5,0.4778,discovered
VDR,RAD9A,0.4247,discovered
NDUFV1,APP,0.4027,discovered
NFIC,ADRA2B,0.5555,discovered
JAG1,HOXA11,0.3973,discovered
MAP2K1,CDC25A,0.4597,discovered
TAF5,KIR3DL1,0.6468,discovered
CTNNB1,CD80,0.3032,discovered
NOTCH2,SOX4,0.602,discovered
CDKN1A,FUT2,0.5494,discovered
SMAD4,DNMT3B,0.3023,discovered
NKX2-3,KRT16,0.3985,discovered
HDAC4,DLG4,0.3656,discovered
TIMP1,UPF1,0.4063,discovered
IRF1,E2F3,0.5568,discovered
ELF3,BGLAP,0.4116,discovered
ILF3,ST6GAL1,0.7085,discovered
TCEAL1,CCND1,0.5851,discovered
MLH1,IL6,0.3628,discovered
FBN1,ATR,0.6001,discovered
MMP11,HYAL1,0.3961,discovered
OTX2,CXCR4,0.345,discovered
PKNOX1,RET,0.4867,discovered
HLF,EPO,0.4019,discovered
GREB1,THBD,0.3232,discovered
RELA,AURKA,0.4643,discovered
STAT3,SKP2,0.4628,discovered
GATA1,MME,0.392,discovered
SF1,SERPINB9,0.3012,discovered
RARA,BIN1,0.3653,discovered
TNFRSF21,SOST,0.5326,discovered
BRCA1,TBX21,0.5525,discovered
EBF1,VIM,0.432,discovered
PAX2,FOSL1,0.4185,discovered
MPG,POU2AF1,0.4283,discovered
HOXC13,CDK6,0.578,discovered
SLCO1B3,IFNB1,0.466,discovered
ESR1,ERG,0.3276,discovered
GATA2,ASCL1,0.53,discovered
MTOR,RUNX3,0.4199,discovered
HDAC3,BTG2,0.4648,discovered
FHL2,LIF,0.5936,discovered
TAL1,AURKA,0.4587,discovered
BRCA1,RELA,0.3208,discovered
HDAC3,LTBP4,0.4633,discovered
FOS,FASN,0.3472,discovered
UBE2D3,ZEB1,0.3699,discovered
ARNTL2,AGR2,0.3533,discovered
CDKN1A,PSG7,0.3502,discovered
MAFG,AR,0.421,discovered
NFYA,LTBP4,0.3153,discovered
POU2F2,AMH,0.373,discovered
DDIT3,GSTA1,0.3031,discovered
RASGEF1B,NPPB,0.5023,discovered
SREBF2,KDR,0.3106,discovered
EGLN1,SLC22A4,0.4485,discovered
ATF4,CYP3A4,0.4342,discovered
BMI1,CTSG,0.4192,discovered
DDIT3,TFF1,0.4218,discovered
MYC,HOXB1,0.3989,discovered
CUX1,PRDM2,0.553,discovered
NEDD4,ASAH1,0.3892,discovered
RET,PURA,0.5931,discovered
POU2F3,DEK,0.5578,discovered
CRTC1,APOA2,0.4522,discovered
RFXAP,TIMP1,0.3385,discovered
NR3C1,FN1,0.3396,discovered
FOS,HBG1,0.5294,discovered
RUNX2,NF1,0.3996,discovered
BCL2,IL10,0.3696,discovered
IL1B,ABCB1,0.4981,discovered
FOS,EP300,0.4879,discovered
SP1,CXCL8,0.323,discovered
TP53,TBX21,0.5792,discovered
USF2,FOXN4,0.6703,discovered
CD274,SPI1,0.3192,discovered
ASPM,MAD1L1,0.3915,discovered
AR,STAT5A,0.4215,discovered
REST,IGFBP1,0.3274,discovered
SMAD2,ITGAM,0.4919,discovered
STAT3,APOB,0.3226,discovered
MADCAM1,PAX6,0.5703,discovered
PTBP1,VEGFD,0.3679,discovered
YY1,RAG2,0.6268,discovered
SOX2,FLT1,0.3082,discovered
AR,BRCA2,0.3223,discovered
MYC,CR2,0.4267,discovered
SP1,SPRR2A,0.4059,discovered
KLF2,FHIT,0.3978,discovered
ERG,CHRNA5,0.3876,discovered
ATF7,IGFBP4,0.3463,discovered
HOXA7,WBP1,0.3904,discovered
IGF1,HPSE,0.4732,discovered
XBP1,HLA-DOB,0.5105,discovered
GLI2,ELANE,0.3964,discovered
KLF8,ERBB2,0.6858,discovered
DNMT1,ARNT,0.4012,discovered
ATR,ODC1,0.3289,discovered
PKLR,NR1H4,0.379,discovered
NRAS,MMP1,0.3294,discovered
BRCA2,TGFA,0.3558,discovered
CEBPZ,BHLHE41,0.4921,discovered
EGFR,SLC9A3,0.4728,discovered
ELK4,MUC4,0.4873,discovered
JAK1,ABCG1,0.4353,discovered
SP1,MPZ,0.3949,discovered
CEBPB,SMAD3,0.3179,discovered
BATF,CRY1,0.3971,discovered
PHB2,ABCB1,0.4398,discovered
BRCA1,SLC19A1,0.5736,discovered
JUN,TNFRSF10B,0.5028,discovered
HDAC4,BRCA2,0.3752,discovered
PML,MUC3A,0.4391,discovered
PGR,DDC,0.488,discovered
PPARG,GATA2,0.3406,discovered
FOS,PCSK9,0.7054,discovered
YY1,ICAM3,0.549,discovered
ZNF160,ABCA1,0.308,discovered
SP1,CISH,0.4025,discovered
NR3C1,IGF1,0.3926,discovered
JAG1,EDN1,0.3779,discovered
E2F2,EPHA2,0.442,discovered
SMAD4,PML,0.6653,discovered
ESR1,CD40,0.3953,discovered
FOXP3,PRKCB,0.4375,discovered
GATA1,ID3,0.3965,discovered
SMARCA1,PDK4,0.3506,discovered
TCF7L2,HTR1A,0.4068,discovered
MLH1,IGFBP3,0.3384,discovered
NFYA,KRT12,0.4216,discovered
TFCP2,CDK1,0.308,discovered
TFAP2C,TNFRSF1B,0.3763,discovered
CIITA,FGF1,0.3375,discovered
HIF1A,MSX2,0.604,discovered
JUN,ATF4,0.4955,discovered
NR1I2,MAD1L1,0.4773,discovered
MEN1,CD44,0.3663,discovered
CTNNB1,IL2,0.5261,discovered
HLA-DQB2,MMP9,0.3814,discovered
PIAS2,PCSK6,0.4221,discovered
XBP1,MAP3K1,0.5537,discovered
ZEB1,MLH1,0.3076,discovered
HDAC3,JUND,0.434,discovered
NR1H3,MFSD2A,0.4465,discovered
PPIG,CD70,0.4964,discovered
HOXA10,TGFBR2,0.4619,discovered
NFKB1,INSM1,0.7326,discovered
DDIT3,TFAP2A,0.3391,discovered
SLC2A3,NPAS3,0.3917,discovered
ERCC2,PAX6,0.498,discovered
SP1,A2M,0.3895,discovered
NFKB1,RBBP8,0.386,discovered
PLK1,SOX18,0.3943,discovered
SUPT3H,NEFL,0.3842,discovered
IL12RB2,DNMT3A,0.4089,discovered
RFXAP,CCR5,0.5404,discovered
HMMR,SMAD3,0.3799,discovered
NOTCH2,NR3C1,0.6852,discovered
RB1,HSPA5,0.3725,discovered
SPHK1,CDKN1B,0.372,discovered
RB1,TNFRSF9,0.5054,discovered
PLK1,CYP2C9,0.335,discovered
KLF9,SOD2,0.3837,discovered
ETV7,IFNL2,0.4667,discovered
RARB,CD40,0.7528,discovered
CD36,TEK,0.4592,discovered
CREB5,KDR,0.3067,discovered
FOXN4,NR1H2,0.4086,discovered
CTNNB1,NR1I3,0.3645,discovered
NFYA,BRCA1,0.3486,discovered
IRF9,NONO,0.3617,discovered
SP1,BHLHE41,0.4511,discovered
PLK1,SLC10A1,0.5525,discovered
BLMH,BRCA2,0.718,discovered
EGR1,SPRR2A,0.5138,discovered
JUN,SFRP5,0.3671,discovered
APP,TGFBR2,0.3355,discovered
CDH2,MNAT1,0.4037,discovered
TAPBP,IGF2,0.5713,discovered
CRLF1,PCK2,0.3565,discovered
EGR1,TOP1MT,0.3978,discovered
TP53,NCF2,0.3616,discovered
SMAD3,BAX,0.5191,discovered
TWIST1,CSF1,0.3587,discovered
ACSL1,IGF1R,0.3818,discovered
CEBPA,ZNF300,0.4872,discovered
MUC1,FGF9,0.401,discovered
TCF19,TRPM1,0.4045,discovered
PITX2,CREBBP,0.4481,discovered
HEY1,SNAI1,0.383,discovered
CDK6,FOS,0.3433,discovered
HOXC13,BEX2,0.3355,discovered
GATA1,ABCB11,0.6001,discovered
NFIC,MUC2,0.4459,discovered
AIRE,ZNF202,0.3403,discovered
MATN1,POU5F1,0.5244,discovered
NPAS2,SLPI,0.3136,discovered
USF1,PRG2,0.3296,discovered
WT1,PRL,0.3758,discovered
NFYA,WFDC2,0.4294,discovered
FOSL2,GCG,0.4759,discovered
FOXO3,NPSR1,0.3796,discovered
TRAF6,MYC,0.475,discovered
NKX2-5,PDE6A,0.4264,discovered
ATR,PTGS2,0.5769,discovered
CBX5,PTEN,0.6374,discovered
LEF1,NR5A2,0.3318,discovered
NFYA,CHI3L1,0.4204,discovered
IKBKG,CDKN1A,0.4388,discovered
NFKBIA,AR,0.5215,discovered
KLF6,APOC3,0.4789,discovered
KLF4,TUBB3,0.3608,discovered
SATB1,DMPK,0.4961,discovered
APC,RAF1,0.4142,discovered
HMGXB4,FN1,0.3514,discovered
PITX1,CYP27B1,0.3435,discovered
PAX2,CCL5,0.321,discovered
ELK1,TBXA2R,0.333,discovered
SP3,BCL2L1,0.5444,discovered
HNF4G,MME,0.3715,discovered
SOX4,FGFR3,0.4771,discovered
USF2,H19,0.418,discovered
STAT3,HLA-DQA2,0.311,discovered
SMAD3,MYCN,0.328,discovered
TPMT,FASLG,0.4949,discovered
BACH1,CXCL8,0.5541,discovered
PROX1,MSR1,0.4022,discovered
HLA-G,E2F4,0.408,discovered
PARP1,INSR,0.4927,discovered
ADORA2A,ODC1,0.614,discovered
EGR1,KRAS,0.3454,discovered
FLT3,TAC3,0.4664,discovered
NPAS2,LOR,0.3262,discovered
ING2,SIX3,0.4412,discovered
E2F1,TXN2,0.3369,discovered
JAK1,RPRM,0.4286,discovered
STAT1,PANK2,0.6397,discovered
EZH2,RHO,0.4173,discovered
CTCF,STAT1,0.3973,discovered
F7,IL1RL1,0.3593,discovered
ING2,COX6A1,0.3387,discovered
NFIC,ERBB2,0.5338,discovered
SP3,JUNB,0.4544,discovered
HNF4A,GABPA,0.5237,discovered
CCR4,NFIC,0.3172,discovered
TBX5,CDKN2C,0.3202,discovered
KLF4,FLI1,0.3274,discovered
GRK2,ESR1,0.3027,discovered
TM4SF1,ACKR3,0.345,discovered
PML,SIRT2,0.3859,discovered
ELF3,CXCL1,0.6595,discovered
BCL6,ANKRD1,0.5272,discovered
KISS1,AGT,0.3465,discovered
EP300,TGFB1,0.3883,discovered
HTRA2,NOD2,0.5784,discovered
USF2,ARID1A,0.4745,discovered
NPHS2,IFI16,0.366,discovered
BRCA1,TDO2,0.369,discovered
USF1,BCAR1,0.4626,discovered
PIAS3,TNPO1,0.3795,discovered
JDP2,FTH1,0.3925,discovered
TBX2,IFNA13,0.3919,discovered
FOXM1,TRB,0.588,discovered
IGK,SOD1,0.3699,discovered
SMAD4,NANOG,0.403,discovered
ETS2,ADRA1A,0.4288,discovered
ETS1,HDAC3,0.3104,discovered
EGR1,RAG1,0.4489,discovered
IL10,VIM,0.3959,discovered
EZH2,DEC1,0.3874,discovered
ERF,PBXIP1,0.318,discovered
CLOCK,FCGR3B,0.4726,discovered
TFCP2,AURKA,0.3178,discovered
CEBPD,MPG,0.5178,discovered
RELA,ID2,0.4296,discovered
USF1,MYEF2,0.5144,discovered
LMO4,ZNF750,0.3964,discovered
SIRT1,MITF,0.4479,discovered
PPARG,GABPB1,0.3865,discovered
STAT1,NR5A2,0.374,discovered
RAD51AP1,DPYSL2,0.3243,discovered
MYBL2,PRNP,0.5419,discovered
CORO1C,WDFY4,0.5253,discovered
CASP8,CDKN1A,0.3187,discovered
MECP2,IFNGR1,0.7209,discovered
RELA,COMP,0.6228,discovered
HDAC7,VDR,0.669,discovered
ZBTB16,SRC,0.5644,discovered
HIF1A,CDH2,0.5346,discovered
SMAD6,LMO1,0.4349,discovered
FOXO1,VEGFA,0.487,discovered
LEF1,CCNB1,0.3674,discovered
MZF1,DDIT4,0.514,discovered
IRF7,NFKB1,0.6895,discovered
SUMO1,RUNX3,0.3987,discovered
STAT3,IL3,0.481,discovered
EGR1,DACT1,0.3285,discovered
IL1B,FOXO4,0.4568,discovered
TYMS,CDH1,0.3704,discovered
ETS1,B2M,0.6581,discovered
PAX2,ARG1,0.4813,discovered
NFYA,FOXM1,0.3148,discovered
NFKB1,CDC5L,0.512,discovered
ARID3A,IFNB1,0.5628,discovered
HIF1A,MCPH1,0.3661,discovered
FOXD1,CDX2,0.458,discovered
UHRF1,SMAD4,0.3659,discovered
TFAP2A,CCNG2,0.3222,discovered
JUN,KDM6A,0.3107,discovered
AR,SNAI2,0.3368,discovered
POU2F1,ZBTB16,0.5809,discovered
NFKB1,BRIP1,0.556,discovered
ENO1,COL10A1,0.3731,discovered
TFAP2A,ZNF239,0.7088,discovered
PHB2,IPO7,0.5341,discovered
CDC20,DEFA6,0.3029,discovered
HBA1,SOX2,0.358,discovered
HIST2H4A,ACAT2,0.3248,discovered
HHEX,PEG10,0.5771,discovered
OSM,CASP3,0.452,discovered
CREB3L1,CCL7,0.4657,discovered
LEF1,SLC2A1,0.3982,discovered
NEFL,OGG1,0.3554,discovered
NRF1,MMP17,0.3446,discovered
SUZ12,ERVW-1,0.4262,discovered
SMYD1,CYP11B1,0.3724,discovered
BRAF,GNRH1,0.4857,discovered
VDR,MAOB,0.4359,discovered
HIF1A,SFTPA1,0.6514,discovered
FSHB,CXCR4,0.3334,discovered
S100A2,KLF12,0.3302,discovered
EGR1,UPP1,0.4166,discovered
SRR,GPX1,0.3167,discovered
TP53,CRMP1,0.3088,discovered
POU2F2,PTEN,0.3813,discovered
RARA,ELF3,0.4488,discovered
LAMTOR5,FHL1,0.5503,discovered
BRCA1,FCGR2B,0.4047,discovered
MAPK1,MCL1,0.4074,discovered
E2F1,CIITA,0.5254,discovered
MTOR,RASGRP3,0.4584,discovered
IKBKG,LDB1,0.6087,discovered
MYBL2,SLPI,0.468,discovered
EGR1,CEACAM1,0.4468,discovered
HDAC1,UGT2B4,0.5648,discovered
CEBPA,CAPN10,0.4275,discovered
NR3C1,CA9,0.3512,discovered
ACAT2,IL13,0.5474,discovered
TP53,NFRKB,0.3368,discovered
TP53,AR,0.4398,discovered
NFYA,GSK3A,0.4712,discovered
ARNT,TNFSF10,0.4597,discovered
ELL,BUB1B,0.669,discovered
VDR,NAMPT,0.5749,discovered
NFATC2,STAR,0.4212,discovered
CPT1A,MUC1,0.4763,discovered
RXRA,EZH2,0.31,discovered
TWIST2,IGF2BP2,0.3855,discovered
GTF3A,TCFL5,0.5003,discovered
RELA,DUSP1,0.3707,discovered
GRIN2B,PHGDH,0.3437,discovered
TG,CDK1,0.4027,discovered
HRAS,PRKCB,0.5239,discovered
DVL1,CYP46A1,0.409,discovered
PEA15,STAR,0.4028,discovered
PAX4,CDX2,0.3541,discovered
HIPK2,BIRC5,0.302,discovered
BHLHE41,BEST1,0.5216,discovered
PGR,MMP1,0.4835,discovered
TCF7L2,PEA15,0.4573,discovered
ERG,MTF2,0.5156,discovered
PAX5,S100A2,0.5654,discovered
SMARCA4,ARNT,0.4921,discovered
ATF2,COPS5,0.6742,discovered
DNMT3A,FGFBP1,0.335,discovered
HDAC3,KLK3,0.6392,discovered
DDIT3,PSEN2,0.3378,discovered
SMAD4,MET,0.5558,discovered
SOCS1,NFKB1,0.4475,discovered
JUN,SLC22A6,0.5828,discovered
CREB1,TLR2,0.3869,discovered
SMAD7,ID4,0.3953,discovered
ELK1,CDKN2A,0.4989,discovered
RB1,SLC19A3,0.4469,discovered
HDAC3,MUC5AC,0.5741,discovered
CRH,SMAD7,0.4581,discovered
GNRH2,ICAM1,0.6254,discovered
TLR4,LSS,0.368,discovered
NR4A1,HCFC1,0.3239,discovered
KLRK1,LDHA,0.5885,discovered
KLF2,TNIP3,0.4042,discovered
HSF2,BRPF1,0.4554,discovered
JUND,BPTF,0.3177,discovered
RELA,PA2G4,0.5531,discovered
OTX2,CDK6,0.6012,discovered
NFATC3,RGN,0.3214,discovered
AGGF1,C4A,0.4092,discovered
COL4A2,RNASEL,0.3936,discovered
MSH2,ORMDL3,0.5101,discovered
FOXO4,CSH2,0.3488,discovered
LHX6,FGF10,0.7483,discovered
ESR1,HLA-DRB1,0.4277,discovered
BRCA1,HEY1,0.3754,discovered
SIRT1,TIMP2,0.3251,discovered
RELB,CASP8,0.5443,discovered
ESR1,L3MBTL1,0.459,discovered
ELF2,MCAT,0.5463,discovered
NFKB1,TGFBI,0.5286,discovered
ATF2,CDK4,0.303,discovered
HOXB13,SHBG,0.4004,discovered
UBE2D3,CAPNS1,0.6135,discovered
FGF16,SUZ12,0.373,discovered
ING1,CTSD,0.3871,discovered
NAT1,CDKN1A,0.413,discovered
VDR,CD40LG,0.5023,discovered
SET,SMAD4,0.4297,discovered
MECP2,GCSAM,0.4113,discovered
ZNF382,PCK2,0.3946,discovered
CRISP3,CAT,0.5768,discovered
CDK6,TRIB3,0.3691,discovered
SP4,CDKN1C,0.3484,discovered
YBX1,SPRR3,0.3665,discovered
NFIB,TAF5,0.3392,discovered
DNASE1,SIDT1,0.4218,discovered
PITX1,MYCN,0.3536,discovered
SND1,FLT4,0.4968,discovered
TBX21,EPO,0.3101,discovered
JUN,SFTPD,0.3475,discovered
TWIST2,HLA-DOB,0.4159,discovered
STAT3,LTBP4,0.3998,discovered
SULT1E1,CDKN2B,0.3794,discovered
EXT1,ATM,0.3489,discovered
PPARA,ARX,0.4383,discovered
L1CAM,TGFBR2,0.4978,discovered
TGFB1,RNF7,0.3785,discovered
SP1,IRF2,0.4896,discovered
KHSRP,NDRG2,0.3538,discovered
HDAC1,SPI1,0.3388,discovered
NANOG,RB1,0.442,discovered
NFKB1,WRN,0.4324,discovered
STAT1,CXCR4,0.548,discovered
CREB1,THRA,0.4816,discovered
NFIL3,BCL2L1,0.3422,discovered
JAG1,MCM8,0.4061,discovered
BABAM2,NOTCH2,0.3478,discovered
HIF1A,CCNB1,0.5276,discovered
GTF3A,THBD,0.5326,discovered
RBBP7,CCNB1,0.5639,discovered
TBP,HES1,0.35,discovered
RELA,CDCA7,0.5596,discovered
PARP1,ZIC2,0.3551,discovered
KLK3,LRP5,0.3813,discovered
MEF2D,SOX1,0.3955,discovered
TBX21,NTS,0.5982,discovered
SP1,ANGPT2,0.5457,discovered
UBE2S,EPOR,0.3243,discovered
HNF1B,UBTF,0.3454,discovered
HDAC1,CDKN2C,0.6581,discovered
IRF4,BCL2A1,0.36,discovered
EHMT2,CCR5,0.4499,discovered
FOXP2,CDH1,0.4471,discovered
SOX9,OAT,0.4103,discovered
PCYT2,TOE1,0.441,discovered
FOSL2,DPYSL2,0.485,discovered
MYB,TEK,0.3914,discovered
DNAAF4,SLC10A2,0.3581,discovered
OTC,WDFY4,0.3131,discovered
BTF3,DAP3,0.3337,discovered
ALDH1A2,DNMT1,0.3146,discovered
DICER1,MICA,0.5996,discovered
HDAC2,CCND1,0.337,discovered
NR4A1,IL1B,0.3817,discovered
BCL6,IRF2,0.5895,discovered
KCNIP3,OAT,0.5442,discovered
ASH1L,FAM162A,0.5361,discovered
LYL1,ERBB2,0.4069,discovered
E2F1,SLC7A1,0.3303,discovered
ATF3,DBF4,0.5744,discovered
RELA,CTBP2,0.5827,discovered
DES,CYP2A6,0.5519,discovered
TWIST1,PDGFRA,0.3123,discovered
JUN,ALOX15,0.4161,discovered
RELA,APH1A,0.4971,discovered
ZNF383,BARD1,0.385,discovered
DNMT1,SNAI1,0.367,discovered
CDX2,CCNB1,0.3862,discovered
SRY,KLK1,0.4282,discovered
TP53,PADI1,0.6077,discovered
SKP2,MEF2C,0.5791,discovered
CREB3L1,MST1,0.4037,discovered
MBD2,ACBD3,0.4317,discovered
SOX17,GAS2,0.427,discovered
HDAC2,KRT13,0.3227,discovered
HDAC2,PBXIP1,0.313,discovered
MYOD1,MZF1,0.3219,discovered
RB1,SIN3A,0.3708,discovered
FOXM1,SART3,0.3912,discovered
NFE2L2,CBFB,0.5562,discovered
SRY,HNRNPD,0.3023,discovered
NRF1,HSD17B2,0.4032,discovered
RELA,SP2,0.5297,discovered
MLL2,PTP4A1,0.3463,discovered
ETV4,RBBP8,0.5096,discovered
ATF4,CD44,0.337,discovered
ATR,CDA,0.3177,discovered
EGR1,IL4,0.3523,discovered
CLOCK,SOX3,0.423,discovered
MTA1,PPARA,0.3241,discovered
AHR,NFKB1,0.3672,discovered
TP53,ALK,0.3939,discovered
GLI3,IFNA1,0.4461,discovered
HAP1,BCL2L1,0.4311,discovered
TP73,CCND2,0.4003,discovered
NKX2-1,APOC3,0.4553,discovered
RARA,COL4A1,0.5268,discovered
SP1,SLC6A3,0.4898,discovered
ELF1,SNAI2,0.3074,discovered
EP300,TIMP1,0.3277,discovered
CHGA,FBN1,0.4047,discovered
ING2,STAT1,0.6774,discovered
CCNB1,FKBP4,0.384,discovered
CDKN1C,IL3,0.4698,discovered
CREB1,PMAIP1,0.545,discovered
TCF7L2,SIGMAR1,0.5051,discovered
PFKP,CDK1,0.426,discovered
E2F5,BCL2,0.3612,discovered
CDK11B,CDH1,0.3138,discovered
NANOG,XPC,0.3568,discovered
HSF1,PDK4,0.407,discovered
KLK3,SOCS3,0.3575,discovered
WBP1,LYL1,0.3699,discovered
XPC,TP73,0.5129,discovered
SP3,SLC29A1,0.5525,discovered
EZH2,IFNB1,0.5875,discovered
EZH2,COL11A2,0.5215,discovered
CREB5,PDK4,0.3211,discovered
PPARG,VEGFD,0.3956,discovered
EP300,GSTA1,0.5202,discovered
ESR1,CCR7,0.3358,discovered
MYCN,CALB1,0.5299,discovered
NPAS2,ESR1,0.5933,discovered
AICDA,HSF1,0.4828,discovered
NFKB1,H19,0.3353,discovered
GATA4,BCL6,0.4065,discovered
ARNT,KLF4,0.4871,discovered
DMD,STAT6,0.4609,discovered
MYCN,LDHA,0.3908,discovered
VHL,TGFBR1,0.3926,discovered
CNTNAP2,IKBKB,0.7667,discovered
SP1,FOSL1,0.395,discovered
GLS,FTH1,0.4544,discovered
JUN,TNFRSF11B,0.583,discovered
YY1,VMP1,0.5221,discovered
HNF1A,PIGR,0.4566,discovered
L3MBTL1,PENK,0.4378,discovered
PTTG1,BBC3,0.3093,discovered
EED,FN1,0.3767,discovered
EGR2,RECK,0.3969,discovered
CTNNB1,MIA,0.5893,discovered
CIITA,SUZ12,0.3664,discovered
NFE2L2,SFTPC,0.5334,discovered
STARD3,FABP6,0.5817,discovered
IFNA2,NFKB1,0.4124,discovered
RLN2,ID1,0.3104,discovered
DSC2,MLANA,0.4004,discovered
NFATC2,MET,0.3485,discovered
MYD88,DAP3,0.5019,discovered
TRIB3,RTN3,0.5171,discovered
TGFBR2,HBE1,0.6073,discovered
HIC1,ARHGEF1,0.5029,discovered
NFATC2,PPARA,0.3398,discovered
SOX9,CYP1B1,0.583,discovered
BRCA1,CD82,0.4347,discovered
E2F1,MGMT,0.3429,discovered
POU2F1,IMPDH2,0.4534,discovered
NR4A1,ITGAX,0.3937,discovered
SP1,MLH1,0.3907,discovered
FUT7,IGF1R,0.3076,discovered
ESRRG,ATP6V0A2,0.3768,discovered
ATF1,RNASE2,0.4035,discovered
GATA1,MICA,0.3572,discovered
MPO,LCN2,0.3802,discovered
NFKB1,CACNA1H,0.3656,discovered
DICER1,RHOB,0.3354,discovered
PTTG1,FSHB,0.5208,discovered
USF1,LRRFIP1,0.4713,discovered
MYC,VEGFB,0.5594,discovered
DDX5,MUC5B,0.5071,discovered
USF1,CXCL8,0.3727,discovered
CREB1,DDC,0.4316,discovered
RUNX1,SLC10A1,0.6224,discovered
RB1CC1,PPP2R2D,0.3992,discovered
CTNNBIP1,FOXF1,0.3218,discovered
CEBPB,FSHB,0.3701,discovered
NPM1,IL1B,0.3918,discovered
MYH6,HSD3B2,0.412,discovered
TWIST1,CDKN2B,0.4024,discovered
HBP1,ID2,0.5154,discovered
ETS2,PPM1D,0.4895,discovered
PPARG,CFB,0.3063,discovered
ATF6,CHGA,0.5184,discovered
POU2F2,PLG,0.6169,discovered
POU1F1,RTN3,0.5852,discovered
MTF1,ABCC6,0.5763,discovered
LDHA,ABCB1,0.4387,discovered
IGFBP3,DIRAS3,0.4981,discovered
PPARA,WDFY4,0.3021,discovered
TGFBR2,CDK4,0.3101,discovered
BMP4,COL11A2,0.3353,discovered
NANOG,DDIT3,0.3247,discovered
CREB1,CETP,0.4226,discovered
PTTG1,PLAGL1,0.3357,discovered
AIRE,USP7,0.3353,discovered
EZH2,BLK,0.3282,discovered
RB1,TGFBR3,0.5596,discovered
SP2,TGFBR3,0.3203,discovered
NFKB1,SMAD4,0.432,discovered
RFX5,PDK4,0.4408,discovered
EGR1,SERPINC1,0.3818,discovered
RXRA,APC,0.5573,discovered
APC,CSTA,0.3133,discovered
HOXC6,IFNG,0.378,discovered
HIC1,JAK1,0.4122,discovered
TCF4,E2F1,0.3541,discovered
NFYB,TAP2,0.4121,discovered
YY1,MME,0.3175,discovered
MTOR,TPH1,0.3135,discovered
RICTOR,HIST2H4A,0.3555,discovered
SP3,HK2,0.3917,discovered
RFX3,EAPP,0.3042,discovered
HIPK2,MYOG,0.3572,discovered
HDAC2,HMOX1,0.441,discovered
E2F1,NOTCH1,0.3048,discovered
CREB1,UGT2B7,0.5162,discovered
PITX1,CTCF,0.397,discovered
HIF1A,SNAPC1,0.3742,discovered
BIRC7,SLC39A1,0.3388,discovered
PPARG,FLT3,0.6465,discovered
CTNNB1,IFNB1,0.3831,discovered
KRT5,SFTPA1,0.6771,discovered
EP300,CYP3A4,0.3292,discovered
CUX1,HBG1,0.453,discovered
WFS1,MYC,0.6227,discovered
SREBF1,CCND2,0.6952,discovered
DDB2,STARD7,0.4106,discovered
HIF1A,IL3,0.4098,discovered
JUN,ERICD,0.4943,discovered
TFE3,AXIN1,0.4121,discovered
CDK6,FLI1,0.4107,discovered
ADRA1A,PDGFB,0.6159,discovered
DUX4,NRF1,0.4614,discovered
SMAD7,THBD,0.3727,discovered
BCL2,ATRX,0.537,discovered
IL12RB2,IGF1R,0.4587,discovered
RFXAP,CTBP1,0.3796,discovered
PARP1,KLF6,0.4977,discovered
EGLN1,TNFSF10,0.696,discovered
LDHA,CRISP1,0.4374,discovered
EAF1,STAT3,0.4531,discovered
BCL2,EPHB2,0.7261,discovered
CTCF,CEACAM1,0.6472,discovered
SIRT1,HIST1H4L,0.4553,discovered
TBX21,CHEK2,0.4641,discovered
CSF3R,FOXO3,0.4356,discovered
NCOA3,TGFBR1,0.3266,discovered
TP53,EAF1,0.3741,discovered
NFKB1,DNMT3A,0.5341,discovered
CEBPE,IFNB1,0.5173,discovered
ESRRA,CD36,0.4856,discovered
SLCO4C1,DSG4,0.4741,discovered
GSTA1,DLX5,0.3158,discovered
GJC2,CCND1,0.4547,discovered
HDAC4,HLA-DRB3,0.4037,discovered
LAMA3,SP3,0.4597,discovered
ZNF202,NDRG1,0.3277,discovered
LGALS9,KMT5A,0.7064,discovered
GATA2,KDR,0.346,discovered
IKBKB,SLC5A5,0.3619,discovered
EWSR1,TP53,0.3633,discovered
ALOX12,RAF1,0.5261,discovered
SP1,INSM1,0.5652,discovered
CREB1,PLIN1,0.5323,discovered
AR,ARNTL,0.3074,discovered
ATF7,PTBP1,0.583,discovered
MAFG,ITGB2,0.303,discovered
TFE3,FOS,0.359,discovered
TFAP2A,HLA-DRB5,0.4826,discovered
UBE2S,SSPN,0.4243,discovered
E2F4,TGFA,0.3054,discovered
HDAC1,SYTL4,0.7658,discovered
ATM,ADORA3,0.4988,discovered
STAT6,CYBB,0.3902,discovered
PGLYRP2,BPTF,0.3053,discovered
CCND1,BRCA2,0.3182,discovered
HCFC1,CDKN1A,0.4218,discovered
GATA2,LCK,0.3052,discovered
HDAC1,BRAF,0.3752,discovered
HOXA10,TYR,0.5212,discovered
LIN54,VEGFA,0.6579,discovered
MYC,GRK2,0.4831,discovered
KLF15,VDR,0.5456,discovered
ABL1,KRT19,0.3527,discovered
E2F1,MFN2,0.5675,discovered
ATF4,HLA-DQB1,0.6425,discovered
IRF3,MMP13,0.3208,discovered
SRCAP,PDK2,0.4504,discovered
GUCA2B,RECK,0.455,discovered
E2F1,CARM1,0.5614,discovered
SIM2,HBP1,0.3286,discovered
POU2F1,PARP1,0.3836,discovered
NPM1,SERPINE1,0.342,discovered
HDAC4,NR1H4,0.3601,discovered
BCL2L1,LTBP4,0.3296,discovered
EDN1,PPARA,0.5359,discovered
HEY1,VEGFA,0.3905,discovered
DVL1,CDH2,0.3059,discovered
A2M,ELANE,0.3918,discovered
KRAS,NDUFV1,0.4293,discovered
USF1,FASN,0.3364,discovered
NFKB1,EZR,0.3284,discovered
SPI1,PLAUR,0.4404,discovered
NR5A1,SCARB1,0.5792,discovered
PDGFRA,CDK6,0.431,discovered
TEAD1,CDKN2A,0.3595,discovered
CDH5,PTPRC,0.5804,discovered
E2F1,NFKB1,0.3672,discovered
SP1,ITGB7,0.3155,discovered
MAPK3,EGLN2,0.4027,discovered
FLI1,HNF4A,0.5562,discovered
TWIST1,NDRG1,0.3146,discovered
RELA,CISH,0.5007,discovered
NFKB1,IL1R2,0.3809,discovered
HNF4A,AMH,0.3669,discovered
CREB1,CD36,0.3562,discovered
TOP1,H19,0.3384,discovered
MECP2,GLS,0.3857,discovered
STAT1,STAR,0.3498,discovered
CXCL1,FABP6,0.5358,discovered
SREBF1,EDN1,0.5142,discovered
MTA1,TF,0.4785,discovered
AR,XPC,0.3361,discovered
USF1,RASGRP3,0.5555,discovered
ATF3,MSLN,0.4607,discovered
SPP1,FASLG,0.3341,discovered
WT1,JAK2,0.3839,discovered
KCNH2,IKBKG,0.5802,discovered
TP53,GH2,0.4236,discovered
TP53,CXCR4,0.3708,discovered
GLIS3,PLAC1,0.3344,discovered
ETS1,ADH5,0.5519,discovered
BDKRB1,RCAN1,0.7066,discovered
RAD51,CSRP1,0.5694,discovered
NR5A1,UGT2B15,0.5778,discovered
MED1,HP,0.4077,discovered
GATA4,TNF,0.5144,discovered
CDKN1A,SMAD3,0.3111,discovered
ATM,PRL,0.4638,discovered
ATM,HPSE,0.5646,discovered
SCAI,HLA-F,0.3355,discovered
SETDB1,BCAS2,0.3057,discovered
TBR1,PKM,0.5416,discovered
PITX1,CDC20,0.3544,discovered
CDX2,FN1,0.3305,discovered
RAF1,IL5,0.3159,discovered
CCL22,ABCC3,0.3685,discovered
RELA,DCC,0.4901,discovered
AKR1C2,PLAUR,0.3147,discovered
DDX5,DNAJC3,0.3101,discovered
MYC,PIK3CA,0.4186,discovered
TWIST1,GATA1,0.4797,discovered
DNMT1,HSPH1,0.4578,discovered
UHRF1BP1,STAT6,0.4321,discovered
FOXD3,LGR5,0.5238,discovered
ETS1,CCND1,0.6008,discovered
ZBTB17,GSTA1,0.4615,discovered
MYCN,LBP,0.4499,discovered
ADORA3,SFTPA1,0.6011,discovered
PGR,PNOC,0.3648,discovered
SP1,PRL,0.3022,discovered
RB1,APOA2,0.3611,discovered
NR2F6,STAT1,0.4917,discovered
EGFR,ITGB2,0.4776,discovered
HDAC9,ERBB4,0.4642,discovered
SELP,SHMT1,0.3877,discovered
EGR1,LCK,0.3901,discovered
SNAI1,RASSF1,0.6114,discovered
SNW1,NR3C1,0.5178,discovered
SRF,MEF2C,0.3614,discovered
KDM4C,CD14,0.337,discovered
MAP1LC3B,TPO,0.5248,discovered
DGKG,JUN,0.3834,discovered
TFAP2A,PDGFRA,0.4398,discovered
CEBPA,BAMBI,0.501,discovered
HSF1,SKP2,0.7426,discovered
AHRR,WISP2,0.367,discovered
SP1,MITF,0.3238,discovered
GSK3B,HLA-G,0.4646,discovered
FOXM1,ME1,0.399,discovered
SLC25A27,PCSK1,0.513,discovered
TFE3,SH2D1A,0.5201,discovered
FOXM1,SAMD4A,0.5608,discovered
NR0B1,LEP,0.3327,discovered
MBD2,DBP,0.3889,discovered
TNFAIP3,CCL19,0.4117,discovered
IKBKB,ITGAM,0.5253,discovered
EGR1,RBM38,0.488,discovered
TFAP2A,VCAN,0.3606,discovered
E2F1,GCSAM,0.4421,discovered
MYC,EZR,0.5144,discovered
CREBBP,MAT2B,0.3474,discovered
CTCF,AFP,0.3707,discovered
NANOG,ACACB,0.6836,discovered
MYC,TCERG1,0.7205,discovered
SOX17,PLAC1,0.4181,discovered
RBMX,COL1A2,0.3416,discovered
PML,ESRRG,0.4005,discovered
CDH13,TSLP,0.3547,discovered
NFIC,TNFRSF10A,0.4184,discovered
ITGA5,WRN,0.3702,discovered
IRF1,IL4,0.3893,discovered
TCF12,METAP2,0.3521,discovered
IL15,MMP13,0.5715,discovered
MYC,DSG4,0.3362,discovered
SMAD3,IFNB1,0.5021,discovered
HLA-G,SFTPB,0.3327,discovered
NFATC2,DDX18,0.475,discovered
KLK10,ERAP2,0.3599,discovered
PDCD11,NAMPT,0.3118,discovered
MYCN,MUC5AC,0.3502,discovered
IRF1,IGFBP4,0.4093,discovered
SUMO1,IGH,0.4552,discovered
ERCC2,HOXB7,0.4311,discovered
MTOR,NOLC1,0.3368,discovered
SNW1,MTTP,0.402,discovered
JCHAIN,CD40,0.6789,discovered
MEF2C,STAR,0.359,discovered
MZF1,NOX4,0.3221,discovered
CEBPA,PSG3,0.5742,discovered
ZBTB14,IRF1,0.302,discovered
CIP2A,SMN1,0.343,discovered
SP1,MZF1,0.4633,discovered
MXD1,SCN9A,0.3164,discovered
STAT5A,MSL1,0.509,discovered
ELL,VIM,0.4312,discovered
AHR,ERBB2,0.3119,discovered
WT1,FGF9,0.4008,discovered
CCNE1,ITGB3BP,0.3531,discovered
GATA1,SELE,0.3889,discovered
WT1,POU2F1,0.3247,discovered
CCL26,HIST1H2AE,0.5726,discovered
ARID3A,PHGDH,0.4509,discovered
LDHC,PTPN13,0.5682,discovered
FLI1,IGH,0.3315,discovered
MSX1,TYR,0.4132,discovered
TNFSF10,TK1,0.3718,discovered
HDAC1,ADIPOR1,0.4375,discovered
IL17RB,FASLG,0.584,discovered
PEA15,TAP1,0.3223,discovered
MYC,MCM10,0.361,discovered
JUND,IL2RA,0.3231,discovered
NR3C1,AXIN2,0.4746,discovered
NF1,MICA,0.644,discovered
DNMT3A,MMP3,0.5153,discovered
DNMT1,CDKN1B,0.4003,discovered
VHL,HMGA1,0.3626,discovered
BRCA1,RLN1,0.5071,discovered
SFRP1,ADRA1A,0.3823,discovered
HES6,EGFR,0.4152,discovered
EGR1,SPP1,0.524,discovered
KLF10,KLF2,0.3283,discovered
TFAP2A,CREB3,0.3856,discovered
ETS1,HLX,0.3824,discovered
CDKN1A,NAMPT,0.3819,discovered
JCHAIN,HLA-DQA1,0.5247,discovered
KDM4B,HES1,0.5129,discovered
NELFB,ESRRA,0.3369,discovered
SNAI2,F2R,0.5182,discovered
SPP1,CCND1,0.5032,discovered
SOX14,PDK4,0.3216,discovered
RARA,FTO,0.3663,discovered
RARA,CITED2,0.3454,discovered
BCL6,CXCL8,0.5875,discovered
AIP,EPO,0.3967,discovered
EP300,LNPEP,0.5527,discovered
PTEN,ACAT1,0.4608,discovered
HDAC4,ERBB2,0.3487,discovered
USF1,CFLAR,0.3835,discovered
POU2F1,CXCL8,0.625,discovered
KLK10,NQO1,0.7234,discovered
NFKB1,F12,0.5019,discovered
NFIC,RASSF1,0.5424,discovered
ZNF383,MT1E,0.3398,discovered
SDC1,SDC4,0.5489,discovered
SP1,SERPINF1,0.4669,discovered
CTCF,GAD1,0.4235,discovered
CDKN2C,KRT18,0.5128,discovered
XRCC6,PTGS2,0.3492,discovered
GNLY,MICA,0.5184,discovered
CHEK2,NR1I2,0.4627,discovered
HOXC11,REG4,0.3748,discovered
RELA,TBX5,0.3382,discovered
USF1,ERBB2,0.3954,discovered
HDAC9,FDXR,0.3042,discovered
MYCN,GLI2,0.3635,discovered
NR0B1,GREB1,0.3556,discovered
PPARG,SFTPA1,0.3225,discovered
SOS1,UGT1A6,0.4745,discovered
RUNX1,PSG5,0.4421,discovered
ASCL1,LRP8,0.4686,discovered
RB1,ATP2A3,0.4435,discovered
SMAD3,CYP2B6,0.3064,discovered
SPI1,MYD88,0.505,discovered
MYC,ASCL2,0.4975,discovered
IKBKB,POU5F1,0.4037,discovered
MSC,KLK1,0.4572,discovered
MBP,TCF7L2,0.4192,discovered
E2F1,COL2A1,0.5247,discovered
CDK6,CDK2,0.3834,discovered
TRERF1,APOB,0.3801,discovered
ATF4,GCLC,0.3873,discovered
RELA,HSPA8,0.3247,discovered
ALOX15,ADM,0.3628,discovered
RXRA,JUN,0.3168,discovered
NFYC,NOTCH4,0.3321,discovered
CEBPA,CHUK,0.3723,discovered
MTA1,KRT13,0.3654,discovered
GATA3,TNF,0.5213,discovered
GATA3,HLA-DQB2,0.4141,discovered
LAMA3,MYCN,0.3162,discovered
KLF4,S100A10,0.3125,discovered
BIRC7,MLL2,0.4234,discovered
NFIL3,TK1,0.4471,discovered
HDAC2,CDA,0.4278,discovered
TDRD1,LMO3,0.3764,discovered
SREBF1,LYL1,0.4453,discovered
ETS1,SDC1,0.3072,discovered
E2F1,CABLES1,0.5297,discovered
ETV7,CYP2B6,0.6335,discovered
NFKB1,ETV6,0.4215,discovered
DNMT3L,CD40,0.6075,discovered
STAT3,MYEF2,0.3095,discovered
COPS5,HOXA11,0.3745,discovered
ESR1,PNRC1,0.3189,discovered
MTA1,TP53INP1,0.5212,discovered
HIPK2,PKM,0.4633,discovered
MAPK1,HLA-E,0.4058,discovered
GREB1,NES,0.57,discovered
SPHK1,FOSL1,0.4272,discovered
DAPK1,ELANE,0.5186,discovered
FOS,IL12B,0.3901,discovered
EAF1,TYR,0.5637,discovered
HDAC2,TGFBI,0.4454,discovered
SRF,MITF,0.3526,discovered
XPC,SLC7A1,0.3432,discovered
PHLDA1,IL2,0.3515,discovered
DVL1,TIMP2,0.3681,discovered
AR,CDK2,0.4335,discovered
IFNA2,STAT5B,0.3243,discovered
SPRR1A,FOXC2,0.4141,discovered
PSEN1,MYH10,0.5313,discovered
CEBPA,SERPINB1,0.4093,discovered
PDGFRA,MYC,0.4118,discovered
NFKB1,CGA,0.3989,discovered
EMX2,IDE,0.3754,discovered
HOXB4,PNOC,0.5308,discovered
GLI1,PFKFB4,0.461,discovered
FGFR1,FOXI1,0.4379,discovered
CSF2RA,FOXP3,0.4401,discovered
NR5A2,CDKN1A,0.3686,discovered
NKX2-1,PGA5,0.7021,discovered
NR4A1,RELA,0.3486,discovered
SHOX2,MIF,0.3483,discovered
SUPT3H,SESN3,0.6217,discovered
E4F1,SPIC,0.4237,discovered
GJC2,MBD2,0.4783,discovered
IDO1,DAB2,0.395,discovered
SNAI1,NOX1,0.3239,discovered
EWSR1,TFF1,0.3282,discovered
RARA,COL2A1,0.3745,discovered
POLR1A,NOV,0.359,discovered
SOX9,MCAT,0.4815,discovered
ATF4,IL17A,0.3294,discovered
ZAP70,ODC1,0.5875,discovered
LYL1,MMP28,0.3135,discovered
PRG2,RTN3,0.4415,discovered
CDK4,MYEF2,0.4751,discovered
HDAC3,OGG1,0.5776,discovered
PDGFRA,E2F1,0.3156,discovered
CEBPA,TEK,0.5489,discovered
TNFSF14,KDR,0.4389,discovered
CPT1A,APOB,0.3672,discovered
CEBPB,CDK1,0.3817,discovered
NR1I2,AR,0.4162,discovered
ELL,CD36,0.4563,discovered
ZNF76,CDK5R1,0.3845,discovered
GATA2,SPRR1B,0.348,discovered
OTX2,ICAM1,0.3478,discovered
PIK3CA,CDKN1A,0.4359,discovered
MITF,CDKL5,0.4576,discovered
PDGFRA,SEMG1,0.5993,discovered
MAZ,LHB,0.3163,discovered
NFIL3,HIRA,0.4313,discovered
LOX,GNRH2,0.6803,discovered
SHC1,ACADL,0.4402,discovered
CREBBP,PGK1,0.606,discovered
FOXF2,CDKN1A,0.4373,discovered
FOXN1,VDR,0.4816,discovered
SMARCA4,SOD1,0.6477,discovered
KLF6,AMH,0.3498,discovered
TGFB1,ABCC3,0.3229,discovered
HSF1,CPEB1,0.4615,discovered
NF1,TUBB3,0.4023,discovered
SKIL,CD14,0.3111,discovered
CDKN1C,EGLN3,0.3776,discovered
PCYT1A,RHOA,0.5304,discovered
MYC,NFKBIZ,0.3557,discovered
NFATC2,ADIPOR1,0.4778,discovered
TPH2,FHL1,0.415,discovered
CCND1,HLA-F,0.3224,discovered
IRF1,SDHB,0.3024,discovered
UCN,CRYAB,0.5763,discovered
APC,SLC10A2,0.4965,discovered
MYC,TGFBR2,0.4467,discovered
ESR1,ANAPC4,0.5393,discovered
MYCN,SPRY1,0.3159,discovered
CCND1,LCN2,0.4984,discovered
E2F1,CFTR,0.3679,discovered
NRF1,ICAM3,0.4384,discovered
YY1,KCNMA1,0.3702,discovered
TIAL1,PIGR,0.6186,discovered
NKX3-1,MMP2,0.3692,discovered
IPO13,ALOX5AP,0.3226,discovered
TAF5,SMAD7,0.6984,discovered
CEBPB,A2M,0.4322,discovered
FOS,CRMP1,0.414,discovered
STAT1,RAF1,0.5578,discovered
TFDP1,SPIB,0.3372,discovered
HLA-C,SMAD3,0.3619,discovered
FOXO4,CCR3,0.496,discovered
NR3C1,CD4,0.686,discovered
REST,TNF,0.5169,discovered
SP3,PER3,0.4901,discovered
PPARA,TNF,0.4512,discovered
NR1I2,IFNG,0.5514,discovered
KLF2,HERC2,0.3646,discovered
FANCA,ASPM,0.4567,discovered
JUNB,CDC20,0.4891,discovered
FGFR1,SIGIRR,0.3384,discovered
PAX6,BIRC2,0.3662,discovered
SREBF1,DUSP10,0.3271,discovered
SPI1,MAP1LC3A,0.496,discovered
PSMB5,SERPINE1,0.4148,discovered
ACE2,PDE6A,0.4321,discovered
NFKB1,GNAS,0.463,discovered
TNNI3,RACGAP1,0.5303,discovered
CIITA,SOCS3,0.351,discovered
ECD,IL2RB,0.3681,discovered
MIR708,TGFB2,0.4265,discovered
HDAC7,TWIST1,0.5771,discovered
FOS,HLA-DOA,0.5188,discovered
BRCA1,SLC4A2,0.6763,discovered
ESR1,BTS1,0.4804,discovered
SUZ12,BCL2,0.3193,discovered
CFTR,EBNA1BP2,0.3271,discovered
SP4,DDX58,0.3857,discovered
CIITA,CDH1,0.3777,discovered
CYP11A1,KIT,0.6609,discovered
ERCC2,EGFR,0.5153,discovered
MAPK3,STAR,0.4059,discovered
ERG,ID2,0.3334,discovered
SUZ12,GREB1,0.3337,discovered
TP53,HSD11B2,0.3279,discovered
E4F1,OPTN,0.7472,discovered
E2F1,PRL,0.32,discovered
RARA,STIM1,0.4648,discovered
ETV4,DCN,0.4707,discovered
AXIN1,TGM4,0.3581,discovered
NFKB1,MCPH1,0.3203,discovered
IRF3,FAP,0.4112,discovered
ABCA1,TSLP,0.3688,discovered
FOS,MTHFR,0.4728,discovered
AURKA,RTN3,0.3516,discovered
ETS1,ILK,0.3289,discovered
CLDN2,ESR1,0.4141,discovered
AR,RRM2B,0.6424,discovered
JUNB,CEACAM1,0.3256,discovered
RUNX3,PDGFB,0.4251,discovered
CEBPA,ARNT,0.4392,discovered
PDCD1,STAT2,0.653,discovered
HSF2,ADIPOR2,0.4087,discovered
ALDH1A1,ASCL2,0.3248,discovered
MYC,ZNF350,0.319,discovered
DNASE2B,IL6ST,0.6102,discovered
STAT2,H19,0.5406,discovered
REST,PER3,0.6556,discovered
BRD7,SOD1,0.3826,discovered
SRCAP,IL18,0.6409,discovered
MEN1,CXCR4,0.3152,discovered
SMAD3,HOXA11,0.4712,discovered
LEP,EGFR,0.4055,discovered
VHL,SURF2,0.4892,discovered
ATM,RAF1,0.4697,discovered
VDR,IFNA2,0.3681,discovered
MYB,CCR4,0.5123,discovered
LEF1,JUN,0.4341,discovered
ELK1,CAMP,0.544,discovered
USF1,CTPS1,0.43,discovered
PLK1,SUZ12,0.3945,discovered
MAP1LC3A,GGPS1,0.5006,discovered
HIF1A,ALDH1A1,0.3822,discovered
SPAG6,BCL2L1,0.4182,discovered
CTCF,IL6,0.3492,discovered
TBP,ELF1,0.4641,discovered
JUN,PSEN2,0.3727,discovered
MYB,CYP17A1,0.3313,discovered
SMAD3,PRM1,0.399,discovered
HIF3A,FOXA2,0.5213,discovered
HIST1H2AE,APC,0.3347,discovered
TP73,DBH,0.6389,discovered
NFKB1,IGF2,0.4259,discovered
NFYC,BCL2L1,0.488,discovered
NCOA3,TPT1,0.4758,discovered
SP1,MSLN,0.4487,discovered
YY1,CD40,0.3409,discovered
TWIST1,SERPINA3,0.3443,discovered
SUMO1,MMP14,0.3631,discovered
NR3C1,AR,0.4928,discovered
ZBTB16,PTBP1,0.3553,discovered
SMAD7,ATR,0.3245,discovered
DNMT1,BTG2,0.4101,discovered
PIAS4,NEUROD1,0.432,discovered
ASPH,IL27,0.3212,discovered
NEAT1,GATA3,0.4214,discovered
EVPL,UGT1A9,0.4201,discovered
EGLN1,LSS,0.5744,discovered
MYBL2,DCC,0.3691,discovered
BDKRB1,SP1,0.3059,discovered
PDGFRA,SLC22A8,0.3101,discovered
SOX17,ERBB2,0.3849,discovered
FOSL2,TNFRSF12A,0.4486,discovered
SOX17,DDR2,0.513,discovered
TP53,TTK,0.4505,discovered
ING4,PTP4A1,0.4167,discovered
HIF1A,MTA3,0.3633,discovered
HNF1A,KRT7,0.3201,discovered
FOXP3,CCL20,0.534,discovered
IRF5,SOS1,0.5849,discovered
CEBPB,SYN1,0.55,discovered
GATA1,VEGFC,0.3714,discovered
MYC,SLC26A3,0.3317,discovered
SIRT1,ZFP42,0.5016,discovered
ZNF202,TDRD1,0.3604,discovered
FOXM1,ABCG1,0.3394,discovered
MYC,MYB,0.4695,discovered
NKX2-3,CGB5,0.4512,discovered
GATA2,PPP1R3C,0.3775,discovered
SOX18,FOSL1,0.3416,discovered
HDAC4,HSD17B11,0.5814,discovered
ELF3,HTR1A,0.3226,discovered
FOXN1,SLC5A5,0.6484,discovered
SPP1,CHUK,0.4658,discovered
JUN,NONO,0.5433,discovered
SRPX,PLIN2,0.3898,discovered
ZNF148,NEDD4L,0.4499,discovered
CEBPZ,MYD88,0.4939,discovered
BTF3,PLK1,0.3689,discovered
RELA,BRD3,0.3937,discovered
RELA,CYP1A2,0.3769,discovered
P2RY10,MITF,0.4965,discovered
DCDC2,PDLIM7,0.342,discovered
KLK2,CRP,0.5316,discovered
HES1,IGF2,0.451,discovered
E2F6,MICA,0.3815,discovered
SRF,HSD17B11,0.3723,discovered
HMGA1,MYB,0.4587,discovered
FOXG1,PDHX,0.5042,discovered
TPT1,OXTR,0.4372,discovered
TSC1,APBB1,0.3045,discovered
ATF7,RARB,0.3229,discovered
SUGP1,SLC9A1,0.3981,discovered
FOXO3,HLA-E,0.3701,discovered
KAT2B,ZBTB17,0.6435,discovered
SCNN1B,TPO,0.4565,discovered
PTEN,IL11,0.5463,discovered
LEF1,FASN,0.3175,discovered
BRCA2,MMP14,0.4796,discovered
CBFA2T3,BAD,0.4517,discovered
MAML1,CYP19A1,0.4218,discovered
CHEK2,ING1,0.7566,discovered
DVL1,TP53INP1,0.3129,discovered
RRM2,MC2R,0.3124,discovered
TRIM21,NFKB1,0.4926,discovered
JUND,TCF7L2,0.7166,discovered
NFKB1,ETS2,0.3972,discovered
FOS,IRF7,0.3647,discovered
SMARCA4,DGKG,0.4812,discovered
IRF6,CYP1B1,0.3871,discovered
SP3,RETN,0.5823,discovered
CDK4,ING1,0.3049,discovered
SP1,GTF3C2,0.4642,discovered
CISH,APOC3,0.4632,discovered
MEIS1,COL1A2,0.3071,discovered
HP,IGF1R,0.4593,discovered
MAT2A,SMUG1,0.6153,discovered
HIF1A,PPOX,0.3627,discovered
NR2C2,JUND,0.5323,discovered
E2F1,BDKRB1,0.3453,discovered
STAT6,BHLHE41,0.3913,discovered
KRT10,IL1B,0.4262,discovered
MYC,RFWD2,0.4154,discovered
ROR1,KRT12,0.429,discovered
SALL4,KLK2,0.462,discovered
FHL5,SART3,0.3451,discovered
MAFK,BCL2,0.5202,discovered
RUNX3,CYP7A1,0.7413,discovered
E2F1,SRY,0.3424,discovered
DACH1,LXN,0.3097,discovered
ERG,CCNE1,0.4797,discovered
PIK3CA,OAT,0.7297,discovered
ATF4,GYPA,0.5038,discovered
ID1,FLT3,0.7378,discovered
EP300,ACE2,0.3456,discovered
TP53,F7,0.4042,discovered
MEF2C,TGFB1,0.3586,discovered
NOTCH2,CSF2,0.4378,discovered
CDC42BPG,PDHA1,0.6743,discovered
DDB2,SYN2,0.5187,discovered
PARP1,TFF1,0.3482,discovered
MTA1,CREB3,0.5705,discovered
XRCC1,AR,0.3276,discovered
SP1,KLF4,0.4046,discovered
RXRA,HPSE,0.5618,discovered
CCNB1,FSTL3,0.4189,discovered
SP3,MAD2L1,0.447,discovered
E2F4,STAT3,0.3727,discovered
SMAD7,CXCL8,0.3517,discovered
MYC,GFAP,0.316,discovered
NFKB1,NFIC,0.4493,discovered
FOXF2,BRD7,0.427,discovered
NR3C1,KIT,0.5183,discovered
FOXF2,IGF2,0.3072,discovered
BCL6,FOXO3,0.4667,discovered
GAD1,TBXA2R,0.5388,discovered
CIITA,SLA2,0.4905,discovered
TFAP4,TYR,0.3379,discovered
STAT3,IL5,0.5829,discovered
EPAS1,ARG1,0.5456,discovered
CXCL1,TNFRSF11B,0.6452,discovered
SSB,TFAP2C,0.7289,discovered
FOXO4,BIRC2,0.358,discovered
WNT5A,APOA1,0.5458,discovered
FOXA1,PER2,0.3719,discovered
EGR1,SLC46A1,0.3314,discovered
JUN,RET,0.3427,discovered
AR,E2F1,0.3284,discovered
SP1,ALAS1,0.4358,discovered
TXN,BRD3,0.4675,discovered
FOXA3,CTSG,0.4997,discovered
EOMES,BACH2,0.3731,discovered
KLF1,CDC6,0.4054,discovered
ZNF148,RB1,0.358,discovered
LDHC,BCL2L1,0.4106,discovered
IRF8,SNAP25,0.6484,discovered
POU2F1,HDAC7,0.4548,discovered
VDR,UXT,0.5989,discovered
SNAPC1,SMARCD3,0.456,discovered
CCND1,NOX4,0.3407,discovered
RBL2,CYP1A2,0.3217,discovered
MYC,CD44,0.3179,discovered
SRY,DMD,0.5754,discovered
KRAS,ZEB2,0.4101,discovered
RARA,PRNP,0.3643,discovered
FGF2,GNRH2,0.4029,discovered
RELA,EED,0.4834,discovered
ATM,PTGS2,0.3122,discovered
STAT1,FOXP2,0.3302,discovered
KLF8,PML,0.3417,discovered
CDX2,E2F3,0.4593,discovered
PITX2,JUN,0.3656,discovered
EP300,RPTOR,0.3377,discovered
ING1,CTSS,0.3376,discovered
RELA,EPO,0.5307,discovered
HSF2,TP53,0.5283,discovered
RBL1,TEK,0.3247,discovered
KRAS,TBP,0.4729,discovered
AIRE,SOS1,0.5881,discovered
SP1,SNAI1,0.6528,discovered
RXRA,MUC2,0.3598,discovered
RLN1,CYP2B6,0.4137,discovered
GRPR,CD163,0.4318,discovered
SNAI2,HIST1H4L,0.3902,discovered
MAML1,FOS,0.5073,discovered
ZBTB16,MSMB,0.4526,discovered
TCF4,SERPINE1,0.6142,discovered
MEF2D,CASP3,0.6539,discovered
SRC,LDHC,0.604,discovered
CHEK1,PIAS2,0.5201,discovered
IRF1,DEK,0.5583,discovered
DEDD,AURKB,0.6085,discovered
E2F1,SART3,0.3247,discovered
RARA,TBX2,0.4634,discovered
ARNTL2,CDK4,0.383,discovered
NPC1L1,TNFSF4,0.4104,discovered
STAT1,TXNIP,0.5713,discovered
KLF5,ANTXR1,0.4725,discovered
FOXO1,CHD8,0.632,discovered
WBP1,CASP3,0.449,discovered
CASP3,ECM1,0.4306,discovered
POU2F1,BRCA2,0.4819,discovered
PRNP,SMAD3,0.6292,discovered
JUN,MFSD2A,0.3691,discovered
ELK1,PDCD1,0.3348,discovered
JUN,IGF1,0.4796,discovered
SLC2A1,PBX1,0.4034,discovered
MEF2D,MYD88,0.3298,discovered
PITX2,MDM2,0.4073,discovered
HDAC11,MUC1,0.5999,discovered
DMAP1,E2F3,0.3341,discovered
TFAP2A,MAD1L1,0.341,discovered
ESR1,DEAF1,0.4228,discovered
ATF4,CD79A,0.4789,discovered
CEBPA,PPP2CA,0.4756,discovered
NFATC1,DCN,0.5182,discovered
HDAC1,FN1,0.4721,discovered
IFNAR1,TMPRSS2,0.6115,discovered
MYBL2,LYL1,0.4667,discovered
CALB1,CD40,0.3454,discovered
CTNNB1,CDK6,0.3195,discovered
FOSL1,FCGRT,0.6058,discovered
FOSL2,MRVI1,0.5051,discovered
NELFCD,XBP1,0.5252,discovered
PPARG,CCL26,0.4575,discovered
JUNB,NOX5,0.317,discovered
POU2F1,IKBKE,0.4849,discovered
CEBPD,SNAI1,0.4019,discovered
FOXN4,SP2,0.3898,discovered
DNMT1,HMOX1,0.3905,discovered
NR0B2,JUN,0.3064,discovered
BRCA2,MEP1A,0.3103,discovered
HOXA5,AR,0.5804,discovered
E2F1,COL1A2,0.4568,discovered
TP53,CDH1,0.5045,discovered
CDK6,VEGFA,0.6109,discovered
SIRT1,STAT6,0.4761,discovered
YY1,HBD,0.3336,discovered
PLIN2,SNAPC1,0.3673,discovered
SNW1,PEG10,0.369,discovered
MITF,NOS2,0.562,discovered
CDX2,XRCC5,0.3648,discovered
CD83,AURKA,0.6256,discovered
MYCN,TDG,0.4549,discovered
ETS2,ARID1B,0.393,discovered
CREB1,COL11A2,0.489,discovered
TFAP2C,KLF9,0.3638,discovered
JUN,CD44,0.5086,discovered
TRIM25,PCNA,0.5628,discovered
SH3BP2,E2F1,0.5457,discovered
ACSL1,ATP6V0E1,0.3988,discovered
ADARB2,PSMB5,0.5756,discovered
SYN1,IBSP,0.3471,discovered
SMAD4,ODC1,0.4943,discovered
WT1,IFNB1,0.4587,discovered
HNF4A,MT1F,0.5612,discovered
ZNF239,CCND1,0.5995,discovered
PER2,KDR,0.445,discovered
ACSL1,SPP1,0.3686,discovered
STAT3,ESR1,0.3272,discovered
NFYB,TK1,0.7046,discovered
GATA3,PTGES,0.5798,discovered
SMARCA1,VEGFA,0.3519,discovered
AATF,DDB2,0.5332,discovered
MYCN,TIMP2,0.5601,discovered
NFYC,MYB,0.4933,discovered
RRM2,ZEB2,0.339,discovered
FOXO3,MMACHC,0.4272,discovered
SF1,TNFRSF11B,0.3152,discovered
VDR,CHEK1,0.3952,discovered
TWIST2,SFTPD,0.4162,discovered
RELA,WEE1,0.3608,discovered
SP1,EBF1,0.6889,discovered
CSNK2A1,HK2,0.5509,discovered
SOX2,ERBB2,0.4297,discovered
POU2F2,POLB,0.5261,discovered
HLA-DRB4,MYEF2,0.3458,discovered
PTEN,GLI1,0.3679,discovered
SF1,RAB3A,0.4034,discovered
CTBP1,UGT1A6,0.5101,discovered
CTNNB1,CRYAB,0.6077,discovered
RUNX3,EPAS1,0.3724,discovered
TFAP2B,IL1B,0.3733,discovered
EDEM2,IGH,0.3756,discovered
NF1,PLIN1,0.4715,discovered
ETV7,CYP17A1,0.3118,discovered
NR4A1,TCF4,0.3529,discovered
HCFC1,ODC1,0.392,discovered
CTCF,GLCE,0.4427,discovered
YY1,KDM6A,0.3262,discovered
KLF2,TNFSF14,0.5372,discovered
ATF4,CTLA4,0.4079,discovered
TWIST1,PNRC1,0.5167,discovered
USF1,STAR,0.3426,discovered
FDPS,IFNG,0.4357,discovered
SPHK1,CD74,0.3944,discovered
ITGB4,CYP17A1,0.359,discovered
PLK1,EBI3,0.3733,discovered
VIM,ERBB2,0.4055,discovered
RFXAP,CD40,0.335,discovered
REL,FOXA2,0.4006,discovered
RB1,CYBB,0.3172,discovered
ELK1,IL11,0.3602,discovered
TCF7L2,CCNG2,0.3958,discovered
ATM,SNAPC1,0.362,discovered
CDKN1A,GNAS,0.4922,discovered
APC,PTEN,0.3593,discovered
MYB,SOX4,0.517,discovered
MSH2,SRPX,0.4577,discovered
BRCA2,CYP3A4,0.3301,discovered
PTMA,DKK1,0.6752,discovered
RELA,PMAIP1,0.5747,discovered
RUNX2,FN1,0.3817,discovered
ELF4,SPI1,0.5437,discovered
UPF2,CPEB1,0.5934,discovered
BRD3,HIF1A,0.4927,discovered
VDR,PDHA1,0.3845,discovered
BRCA1,BCL6,0.3934,discovered
NAT1,FDFT1,0.6219,discovered
SNAI2,MAPK1,0.5313,discovered
RARA,CD40LG,0.4054,discovered
TP53,CGB5,0.5619,discovered
MITF,CFLAR,0.5412,discovered
CEBPA,TCF7L2,0.4502,discovered
CAPN10,CD2,0.5735,discovered
HDAC1,LMO2,0.4953,discovered
NFKB1,IDO1,0.5722,discovered
HDAC2,DNMT3A,0.3326,discovered
ELF2,ZFP36,0.4353,discovered
AR,TEAD1,0.4035,discovered
MCAT,GFI1B,0.4924,discovered
HPSE,ZNF143,0.4707,discovered
RNF8,TXNIP,0.3089,discovered
HDAC1,RCAN1,0.3368,discovered
FGB,HTT,0.3035,discovered
ATF1,SMAD7,0.5675,discovered
HIF1A,PRODH,0.3305,discovered
PITX2,PTP4A1,0.3756,discovered
FOXA1,SLC22A2,0.499,discovered
HMGA1,PLAT,0.3299,discovered
GLS,SCG3,0.384,discovered
JUN,PDE6B,0.5429,discovered
STAT1,NEUROG3,0.5945,discovered
STAT5A,PCK2,0.3663,discovered
SNAI2,CCL2,0.5449,discovered
SEC14L2,DBF4,0.3323,discovered
HSF1,MUC4,0.4174,discovered
STAT5B,TEK,0.4385,discovered
EP300,IDE,0.4258,discovered
PPARG,CHST4,0.3397,discovered
SRF,ATR,0.7619,discovered
BECN1,STAR,0.3708,discovered
TP53,PCK1,0.4568,discovered
EZH2,VCAM1,0.5237,discovered
ATM,FASLG,0.4936,discovered
IRF1,TGFBR2,0.549,discovered
MYC,SLC22A3,0.3175,discovered
LDHA,AGTR1,0.4223,discovered
TINF2,MAP1LC3B,0.3811,discovered
HEY1,SLC6A4,0.4482,discovered
ERCC2,PER1,0.4477,discovered
SMARCA4,MADCAM1,0.4974,discovered
ARX,FN1,0.3949,discovered
RORA,BTG3,0.5217,discovered
SP1,MYEF2,0.377,discovered
HOXA10,RBL2,0.5374,discovered
JDP2,RASSF1,0.6223,discovered
ELF1,EPCAM,0.5925,discovered
APOA1,AKT1,0.567,discovered
JUN,PRSS50,0.5792,discovered
TBX5,COL2A1,0.4249,discovered
ABCG8,ACAT1,0.3892,discovered
KRAS,CXCL2,0.3253,discovered
ARID3A,CD6,0.352,discovered
SP1,RUNX2,0.5233,discovered
CASP3,DNMT3A,0.5562,discovered
TP73,ERG,0.6696,discovered
HNF4A,PTPRC,0.3451,discovered
USF2,AR,0.3562,discovered
VGF,MYCBP,0.6434,discovered
DNMT1,MMP9,0.5806,discovered
GRHL1,ARNTL,0.6248,discovered
SNAI2,FAS,0.4096,discovered
EP300,SUZ12,0.6188,discovered
TFAP2A,SLC4A2,0.3374,discovered
ETV5,VEGFA,0.4885,discovered
SATB1,MSH2,0.4889,discovered
RFXANK,FADD,0.4669,discovered
POU2F3,IL1R1,0.6371,discovered
GATA4,MGMT,0.4537,discovered
TNFAIP6,MTA2,0.459,discovered
NR1I2,ICAM3,0.4868,discovered
TEAD1,KLF15,0.3943,discovered
KLF8,NRP1,0.503,discovered
EAF2,IGFBP3,0.406,discovered
PSMB9,HLA-DRB1,0.3531,discovered
PITX1,CCND1,0.459,discovered
STAT1,MCM5,0.3423,discovered
TDRD1,FHL1,0.4332,discovered
NR1I2,GABPA,0.3879,discovered
HSF1,KDM6A,0.4141,discovered
CEBPB,FGFBP1,0.5046,discovered
APC,ASXL1,0.326,discovered
NKX3-1,CDK6,0.3712,discovered
ASCL1,JUN,0.4693,discovered
GRPR,ZBTB17,0.3361,discovered
ZNF148,MEG3,0.343,discovered
SKIL,THBD,0.5216,discovered
KRAS,CD38,0.3153,discovered
NKX2-2,TNFRSF12A,0.4553,discovered
SREBF2,TP53BP2,0.6971,discovered
THY1,IKBKG,0.4249,discovered
SP1,ACAT1,0.3502,discovered
NFYA,CDA,0.3553,discovered
CASP3,PPIG,0.5391,discovered
EP300,NOD2,0.3819,discovered
MAP2K1,DDIT3,0.3278,discovered
WT1,BRCA1,0.3306,discovered
TFAP2A,CASP8,0.3612,discovered
ARNT,CD19,0.4932,discovered
GTF3C1,ALDH1A2,0.4241,discovered
SPI1,REL,0.3276,discovered
GATA1,DUSP1,0.3228,discovered
FOXP2,GAD1,0.3602,discovered
HIF1A,CSF1,0.364,discovered
ETS2,VEGFB,0.3806,discovered
ETV7,IVL,0.4627,discovered
EP300,TRAF2,0.5289,discovered
CEBPA,IL2RA,0.4428,discovered
PGR,CYP3A4,0.4725,discovered
SPI1,CDA,0.3407,discovered
TBX21,ATM,0.4565,discovered
GFI1,ARG1,0.3058,discovered
SP1,FOXC1,0.3475,discovered
JUN,SCG3,0.5666,discovered
EGR1,IGF1,0.5769,discovered
SNAI1,LBP,0.3443,discovered
CPT1A,CCL4,0.4116,discovered
CTBP1,EGFR,0.4237,discovered
SOX2,AHR,0.4732,discovered
TTF2,IBSP,0.3864,discovered
GATA2,MYC,0.5212,discovered
SRF,GBP1,0.4021,discovered
ETS2,MAP1LC3A,0.3448,discovered
BAD,MADCAM1,0.3772,discovered
ING2,DLX4,0.3455,discovered
RXRA,IFNA1,0.5889,discovered
BAALC,PTTG1,0.5153,discovered
AGGF1,NEDD4L,0.6334,discovered
RFXAP,EGFR,0.6049,discovered
LDHA,SFRP1,0.3636,discovered
HMGA1,MRVI1,0.4003,discovered
JAK1,IFIT3,0.5114,discovered
ARID1B,HSD17B2,0.3298,discovered
CUX1,BAX,0.5169,discovered
RET,NF1,0.3923,discovered
PITX1,FCER1A,0.5925,discovered
ESR2,MAT2A,0.6186,discovered
HMMR,HLA-G,0.5211,discovered
BAX,EGFR,0.4651,discovered
JUNB,SMYD1,0.4753,discovered
EP300,DAB2,0.5275,discovered
BACH1,CYP46A1,0.4377,discovered
FLI1,APOA1,0.3596,discovered
TWIST2,BCAS3,0.4047,discovered
CREB1,RELB,0.3709,discovered
FOSL1,KRAS,0.5407,discovered
AR,LEF1,0.3856,discovered
IRF2,STAT3,0.412,discovered
HNF1B,RRM2B,0.5336,discovered
AR,FOXE1,0.5157,discovered
HDAC9,TNFRSF9,0.4106,discovered
HIF1A,MAX,0.4799,discovered
STAT3,BCL3,0.3604,discovered
SP1,TFAP4,0.4161,discovered
PRKCA,HEY1,0.6506,discovered
BACH2,PPL,0.4732,discovered
PITX2,MMP7,0.5088,discovered
SMAD4,PTGIR,0.4062,discovered
TFCP2L1,TOP2A,0.3876,discovered
ZEB1,E2F1,0.3103,discovered
HTT,CR1,0.4489,discovered
TWIST1,CDX1,0.4536,discovered
STAT3,ZEB2,0.3139,discovered
HLA-C,CRABP2,0.3744,discovered
NFKB1,HLA-B,0.3191,discovered
WT1,VIM,0.3621,discovered
KRAS,ABCC3,0.3262,discovered
CHEK1,RUNX3,0.412,discovered
JUN,CRISP3,0.4197,discovered
JUN,IFNL2,0.445,discovered
FOSL2,HAS2,0.606,discovered
JUN,FGF1,0.339,discovered
ATF6,SURF1,0.6352,discovered
GLI2,CD82,0.5504,discovered
E2F1,ABCC3,0.5618,discovered
HOXC11,UGT1A9,0.4923,discovered
HDAC1,CDO1,0.4301,discovered
IKBKG,DEFA5,0.4856,discovered
PML,ATG5,0.4369,discovered
STAT3,APP,0.3728,discovered
TP53,SFTPA1,0.342,discovered
CDK6,WNT3A,0.3615,discovered
FOSL1,PPP2R2D,0.3848,discovered
FOXO1,TMPRSS2,0.3239,discovered
XBP1,TGFB1,0.6747,discovered
NFKB1,FASN,0.401,discovered
ELF3,CD247,0.4025,discovered
HDAC2,HYOU1,0.3419,discovered
PITX2,HPSE2,0.3638,discovered
TWIST2,NR1I3,0.5299,discovered
POU2F1,TLR9,0.3529,discovered
BCAS3,UGT1A6,0.3789,discovered
E2F8,DOK1,0.3148,discovered
HIF1A,CHEK2,0.6458,discovered
CEBPD,BRS3,0.6107,discovered
REST,NCOA1,0.3444,discovered
MLLT10,MUC4,0.4214,discovered
CEBPA,HNRNPA2B1,0.3957,discovered
CDH1,POU2F1,0.3681,discovered
IRF1,SF3B1,0.4168,discovered
E2F1,EPAS1,0.4325,discovered
PAX6,BRD2,0.3835,discovered
STARD3,NR4A1,0.5337,discovered
MC1R,FN1,0.3837,discovered
DLX3,IL18,0.5247,discovered
PPARG,MUC5AC,0.3269,discovered
BCL2L1,COL1A2,0.533,discovered
SPI1,PIK3CA,0.378,discovered
IRF1,GATA1,0.7014,discovered
POU2F2,ANKRD1,0.3429,discovered
E2F1,CD8A,0.4761,discovered
JUN,NOX1,0.4285,discovered
CCL3,HLA-C,0.3383,discovered
EGLN1,GBP1,0.3098,discovered
RUNX2,ERAP1,0.4239,discovered
CEBPD,VCAM1,0.4102,discovered
CDK2,TNFRSF10B,0.4271,discovered
IFNL1,PDGFRA,0.4404,discovered
CCND1,IL2,0.3323,discovered
PML,FAS,0.4153,discovered
CEBPE,GABPA,0.3295,discovered
ABL1,LOR,0.3595,discovered
HBP1,TOMM34,0.3182,discovered
AATF,CPEB1,0.5217,discovered
CDX2,DBH,0.5163,discovered
EED,HLA-G,0.3943,discovered
ATF4,EGLN2,0.3599,discovered
ATF3,U2AF2,0.5394,discovered
DLL1,FOXA2,0.3179,discovered
PTTG1,OTC,0.5482,discovered
EPAS1,NOX5,0.4386,discovered
USF2,CD34,0.365,discovered
RET,MYCN,0.3506,discovered
RLN1,RB1,0.4196,discovered
BAX,PTGES,0.3625,discovered
TDGF1,CDKN2A,0.3964,discovered
GBX2,REN,0.6818,discovered
MCM10,CFLAR,0.4738,discovered
TDO2,CXCL2,0.3093,discovered
LTF,APC,0.3262,discovered
KLF4,VGF,0.3237,discovered
GLI2,E2F3,0.4343,discovered
USF2,LCK,0.3699,discovered
MAPK1,NPHS2,0.4803,discovered
TBP,HBG1,0.7539,discovered
ZAP70,TGFB1,0.4627,discovered
SRF,IFNGR1,0.4821,discovered
NOTCH3,SSTR1,0.388,discovered
BCL2,LEF1,0.4824,discovered
CEBPA,MET,0.4554,discovered
TP53,DUX4,0.3456,discovered
TFAP2A,TYR,0.3136,discovered
KLF6,NTS,0.3205,discovered
NR4A1,DDX21,0.3421,discovered
RB1,ZIC2,0.3695,discovered
REST,IL6,0.595,discovered
SLC19A3,FUBP1,0.4377,discovered
ITGA5,AICDA,0.446,discovered
CREB1,CAT,0.5889,discovered
XBP1,E2F3,0.4898,discovered
EED,BIRC5,0.3853,discovered
KLF11,CD40,0.4761,discovered
PLK1,LATS2,0.3038,discovered
CREBBP,CYBB,0.3041,discovered
RXRA,PSG7,0.4906,discovered
ATM,NELL2,0.4033,discovered
TBX3,BRCA2,0.365,discovered
WASF3,HLA-DPA1,0.4075,discovered
PRSS8,SELP,0.5227,discovered
MZF1,CD22,0.3627,discovered
JUND,HMOX1,0.4153,discovered
KLF8,BMI1,0.3329,discovered
POLD2,CCK,0.3502,discovered
CCNE1,TOPBP1,0.4153,discovered
NR5A1,CDC25A,0.3903,discovered
CTCF,EAF1,0.3589,discovered
HEY1,LOX,0.5117,discovered
WWTR1,MMP12,0.4338,discovered
CLOCK,TGFB1,0.3389,discovered
VHL,IGF2BP1,0.3688,discovered
GRIN1,IL6R,0.3399,discovered
AHR,SPRY2,0.4994,discovered
SMAD3,NOX1,0.4448,discovered
IFNA2,CDK6,0.3355,discovered
MEN1,SCTR,0.5173,discovered
TRERF1,EDA,0.3737,discovered
STAT6,NDRG2,0.3917,discovered
KLF4,PTGER4,0.5387,discovered
ATF1,CDH2,0.4808,discovered
ATM,PBXIP1,0.4752,discovered
ASCL1,EPAS1,0.3732,discovered
FDXR,TP53,0.5056,discovered
BRPF1,SH2D1A,0.3555,discovered
KLF5,ABCA1,0.3854,discovered
SP3,CD4,0.3986,discovered
SIRT1,GFER,0.3444,discovered
GUCY1B1,CERS2,0.3613,discovered
SMAD7,PSCA,0.5887,discovered
HOXA10,DEFB1,0.6101,discovered
NCOR1,AICDA,0.5731,discovered
CAMP,IFNGR1,0.3375,discovered
ELF1,MAPK3,0.4054,discovered
RELA,PHB,0.326,discovered
CARD8,SCN9A,0.519,discovered
EWSR1,MCM7,0.3525,discovered
MET,E2F1,0.3598,discovered
FOXI1,CPEB1,0.3111,discovered
NFKBIA,RHO,0.6042,discovered
SPI1,MIR202,0.426,discovered
SOX17,CCND2,0.3851,discovered
EGLN1,RB1,0.5171,discovered
CDCA7L,NOTCH4,0.3728,discovered
E2F1,TYR,0.323,discovered
CDH2,NQO1,0.4166,discovered
RELA,FASN,0.6063,discovered
CCND1,SPINK4,0.3493,discovered
SP3,LHB,0.6211,discovered
MAFG,PMAIP1,0.4688,discovered
PROX1,HLA-DMA,0.4549,discovered
ATF3,AURKA,0.5524,discovered
CIITA,TOPBP1,0.3567,discovered
TFCP2,TNFSF4,0.3893,discovered
HOXA1,BAD,0.3135,discovered
ATF2,CEBPB,0.618,discovered
HIPK2,DBH,0.3361,discovered
AR,CHEK1,0.3725,discovered
LMO4,ACP5,0.3775,discovered
CRISP3,SIRT1,0.4129,discovered
MT1G,KLF5,0.3783,discovered
MITF,TDGF1,0.3492,discovered
FOXM1,FLT1,0.3192,discovered
PPARG,TP53BP2,0.4064,discovered
AHRR,TCF4,0.6167,discovered
NR4A1,CRABP1,0.5372,discovered
KCNN4,IRF2,0.4327,discovered
IRF2,CDKN1A,0.3536,discovered
NFKB1,SUZ12,0.3459,discovered
CDX2,MZF1,0.4081,discovered
SIRT1,PLAUR,0.3228,discovered
L1CAM,TWIST1,0.48,discovered
FOXM1,CTNNB1,0.4204,discovered
FOS,MLANA,0.4194,discovered
IRF1,MVP,0.438,discovered
PRDM1,CPEB1,0.3101,discovered
TWIST2,ITGAX,0.3825,discovered
MC1R,SCD,0.4722,discovered
STARD7,WDFY4,0.429,discovered
FOXO1,ADAM17,0.3883,discovered
CEBPZ,CDK4,0.517,discovered
SMAD2,HMMR,0.5132,discovered
SP1,NFKBIA,0.6295,discovered
USF2,VEGFA,0.4749,discovered
STAT3,PBX1,0.325,discovered
ATF1,SOD1,0.3087,discovered
SNAI2,CDK2,0.3707,discovered
SAP30,CCND2,0.3672,discovered
GATA1,BLMH,0.4315,discovered
EGR1,PRNP,0.4414,discovered
FOS,IL6,0.3161,discovered
JUN,PFKP,0.4417,discovered
NFKB1,SDC4,0.3555,discovered
NQO1,ESR1,0.711,discovered
CDX2,MST1,0.3773,discovered
USF1,SOX9,0.5308,discovered
RARA,ETF1,0.3805,discovered
HDGF,NOX4,0.6773,discovered
MUC1,BTRC,0.3617,discovered
E2F1,FOXJ1,0.682,discovered
EZH2,CDH3,0.664,discovered
STAT3,CREB3,0.3138,discovered
HLA-DQB2,FGFBP1,0.526,discovered
ALK,AQP3,0.4203,discovered
YBX1,PIK3R3,0.3724,discovered
MYC,SOD2,0.3364,discovered
JUN,TGFBR1,0.3847,discovered
E2F1,ABCG5,0.7384,discovered
YBX1,WT1,0.6445,discovered
MAFA,PLOD1,0.6653,discovered
STAT1,IBSP,0.5067,discovered
WT1,B2M,0.39,discovered
JUND,TFE3,0.6495,discovered
XAF1,ST3GAL3,0.3312,discovered
NAB1,LY96,0.4437,discovered
DNMT1,MTA2,0.38,discovered
NFKB1,HOXB8,0.3697,discovered
HLA-DMB,SOX9,0.3436,discovered
TFAP2A,MTA3,0.7616,discovered
ITGB3BP,CCND1,0.4619,discovered
RXRA,PTPA,0.5616,discovered
CLOCK,ACKR3,0.3722,discovered
NR1I2,MNAT1,0.4812,discovered
RUNX3,ERBB2,0.4235,discovered
EZH2,CDH2,0.3601,discovered
ATF4,UGT1A6,0.3649,discovered
NFIX,MAT2A,0.4135,discovered
MYC,LHB,0.3286,discovered
IVL,NPSR1,0.4701,discovered
KLF4,MYCN,0.7565,discovered
POU2F1,ABCG8,0.4466,discovered
SP1,TOE1,0.3776,discovered
STAT6,GM2A,0.4281,discovered
PITX2,CYP2E1,0.4329,discovered
FOXA3,MMP17,0.3226,discovered
HIF1A,TNF,0.5268,discovered
MAP2K1,DBF4,0.3793,discovered
RUNX3,TEK,0.6602,discovered
CES1,CD82,0.3235,discovered
DDB1,FST,0.4371,discovered
UBP1,LDHC,0.3537,discovered
CTNNB1,SNCB,0.3421,discovered
FOXM1,CASP1,0.806,discovered
E2F1,WT1,0.3413,discovered
YY1,CLEC4G,0.3641,discovered
JUNB,RLN1,0.316,discovered
CREB1,SMN1,0.3319,discovered
RPL3,ERBB2,0.5949,discovered
SP1,HMGCR,0.3203,discovered
REL,PBX1,0.54,discovered
MCM6,MAP2K1,0.3725,discovered
TP53,FCGR1A,0.4441,discovered
GFI1,FOSL1,0.3631,discovered
PPP2CA,LDHA,0.3364,discovered
BAX,IRF1,0.3198,discovered
CNP,SMAD4,0.4543,discovered
RELA,TGIF1,0.3031,discovered
RB1,CISH,0.5129,discovered
SP1,AIRE,0.3229,discovered
PRDM1,DLK1,0.4329,discovered
RELA,LRRN3,0.5201,discovered
NFKB1,RARB,0.5059,discovered
SPI1,HSF1,0.4745,discovered
HDAC1,APP,0.5016,discovered
MCL1,NOS2,0.3619,discovered
RUNX3,GDF5,0.6121,discovered
MLL3,BCL2,0.4196,discovered
MIP,FABP4,0.354,discovered
PAX5,TWIST1,0.6038,discovered
FOXF2,CD46,0.3946,discovered
E2F1,SREBF1,0.6085,discovered
RUNX1,MMP1,0.3854,discovered
E2F1,SLC19A1,0.3183,discovered
PIK3CA,CDH2,0.3804,discovered
SP1,CEACAM1,0.5315,discovered
HOXA2,SIN3A,0.4753,discovered
HR,MLL4,0.4925,discovered
SP1,CDKN1C,0.412,discovered
FSTL3,FOXO1,0.3525,discovered
UCN,CCR4,0.5088,discovered
S1PR1,KLF4,0.3672,discovered
MTA1,IFNA13,0.3211,discovered
NFYB,VEGFA,0.5656,discovered
EPAS1,HLA-DQB1,0.6489,discovered
BCL6,MYEF2,0.5354,discovered
TCF19,COL7A1,0.3519,discovered
HES1,SMAD3,0.5638,discovered
BAX,PAPSS2,0.4652,discovered
OTX2,FMR1,0.4719,discovered
NTRK1,VCAN,0.3999,discovered
RB1,CCNB2,0.3637,discovered
SNAI1,GAS2,0.3864,discovered
IRF1,TEK,0.3618,discovered
CDKN1A,FCGR3B,0.3149,discovered
CLOCK,PDK1,0.4781,discovered
SMAD2,TAF12,0.4821,discovered
FOXM1,APC,0.3801,discovered
ELK1,ACRV1,0.606,discovered
KAT2B,HK2,0.4133,discovered
SP7,ATF2,0.4688,discovered
SPDEF,DCN,0.5187,discovered
WT1,BCAS3,0.4499,discovered
TRIB3,CDC25A,0.3271,discovered
GATA2,SOX14,0.3281,discovered
MYC,ASCL1,0.4583,discovered
TFAP2C,IRF4,0.5328,discovered
RELA,CGA,0.4454,discovered
BAX,CHEK1,0.313,discovered
ESR1,REEP5,0.6447,discovered
POU4F1,CCNA2,0.3616,discovered
CCNE1,DKK1,0.3944,discovered
PGR,FLT3,0.4132,discovered
TNC,IGF2,0.3178,discovered
RELA,HLA-DQA1,0.3213,discovered
HOXA10,TCFL5,0.4824,discovered
HEY1,CELSR3,0.3502,discovered
AR,WASF2,0.3049,discovered
SP2,LOXL4,0.4787,discovered
WNT3A,HLA-DRB5,0.3588,discovered
SOX2,GSTA1,0.3398,discovered
FGF8,JUN,0.311,discovered
SATB1,DBI,0.3372,discovered
STIP1,POU1F1,0.3133,discovered
ARID1A,CXCL10,0.3856,discovered
E2F1,CTSD,0.5687,discovered
TFAP2A,NPPB,0.5185,discovered
SREBF1,TERT,0.5232,discovered
MNAT1,MMP2,0.588,discovered
NFKB1,KLF4,0.3191,discovered
RXRA,CD22,0.373,discovered
FOSL2,DSG4,0.4375,discovered
CEBPB,DNAJB4,0.409,discovered
CREB3,PRL,0.3739,discovered
GTF2F1,RELA,0.3713,discovered
MYC,CYP3A7,0.5772,discovered
FAP,KLK1,0.3444,discovered
NFKBIZ,OXTR,0.5292,discovered
NRAS,ATF5,0.34,discovered
EAF1,LPIN1,0.5184,discovered
ELK1,ZNF652,0.4517,discovered
LEP,NFKBIA,0.3829,discovered
MYBL2,ZNF423,0.3339,discovered
TWIST1,CUX1,0.3665,discovered
HNF1A,TYR,0.3422,discovered
HLA-E,TCN2,0.4328,discovered
PIAS3,PPARA,0.595,discovered
KAT2B,ADM,0.4567,discovered
HDAC1,HOXC6,0.4707,discovered
CDKN1A,IL27,0.3776,discovered
HSF2,EGLN1,0.5412,discovered
RELA,XBP1,0.4487,discovered
MYB,TXNIP,0.3643,discovered
TP53,HOMER3,0.337,discovered
SP1,SFTPC,0.3819,discovered
GALT,HLA-G,0.5781,discovered
RECQL4,DCN,0.3449,discovered
WT1,NOTCH4,0.5357,discovered
HOXA5,HIST2H4A,0.3451,discovered
GLI1,TFF1,0.3667,discovered
CREB1,E2F1,0.5201,discovered
HMGA2,SURF1,0.3257,discovered
NR1I2,GATA1,0.381,discovered
DDIT4,CDKN1B,0.4656,discovered
NFYA,STAT3,0.5767,discovered
GRK2,ETV4,0.3264,discovered
MYC,ACADL,0.5116,discovered
SRF,HP,0.5759,discovered
PPARG,MYCN,0.5409,discovered
NR4A1,HDC,0.4423,discovered
EGR1,PMAIP1,0.3469,discovered
POU5F1,CCL26,0.4142,discovered
EGR1,MDM2,0.4203,discovered
USP26,PRSS50,0.5388,discovered
HDAC4,ANKRD1,0.5461,discovered
PARP1,COMP,0.3237,discovered
USF1,PIAS2,0.3849,discovered
CEBPE,ME1,0.352,discovered
CCL26,DLL1,0.4579,discovered
HDAC7,ACADL,0.3609,discovered
POU2AF1,NOS3,0.6673,discovered
IRF1,CUX1,0.4166,discovered
JUND,PDCD2,0.3561,discovered
IKBKG,ALB,0.4416,discovered
VHL,MEF2C,0.3555,discovered
ZBTB2,LTF,0.4205,discovered
MECP2,TP53INP1,0.4973,discovered
IRF1,KRAS,0.5072,discovered
BTAF1,ABCG1,0.3631,discovered
NFKB1,CYP2C9,0.5691,discovered
SRCAP,KPNB1,0.5614,discovered
E2F4,FADD,0.4697,discovered
DOK1,CD19,0.3916,discovered
SNAI1,PDGFRB,0.4919,discovered
FOXI1,MUC1,0.4423,discovered
CLOCK,SREBF2,0.4779,discovered
METAP2,PRKCB,0.3815,discovered
NFKB1,SOCS2,0.4791,discovered
RXRA,MAP1A,0.3652,discovered
RUNX2,CCNE1,0.3754,discovered
CFTR,HOXB7,0.4669,discovered
PDCD11,RB1,0.4881,discovered
CHEK1,IFNA1,0.4372,discovered
LEFTY1,PIK3R3,0.5842,discovered
ATF1,E2F1,0.5457,discovered
SOX10,SOCS2,0.3144,discovered
RNF8,CTSD,0.337,discovered
NR4A1,COL18A1,0.3556,discovered
SLC19A1,WNT4,0.4174,discovered
MPL,UGT2B15,0.3807,discovered
RELA,HLA-DQA2,0.6569,discovered
POU2F1,ERCC4,0.5977,discovered
ETV4,PFKP,0.3403,discovered
FOXO1,FABP1,0.4388,discovered
SATB1,RUNX1,0.512,discovered
SP1,MAPK3,0.3655,discovered
RELA,LNPEP,0.6329,discovered
DMRT1,JUND,0.3398,discovered
CASP8,COL10A1,0.3242,discovered
EGR1,BTG1,0.4827,discovered
NLRC4,NAMPT,0.6206,discovered
STAT1,JUND,0.3423,discovered
SATB1,GUCY1B1,0.4249,discovered
PURA,CYP2E1,0.4663,discovered
TP63,PDE6A,0.6351,discovered
VDR,IRF2BP2,0.307,discovered
PPARA,MAOA,0.4948,discovered
EZH2,IKBKG,0.3619,discovered
APBB1,FLI1,0.4116,discovered
SRY,CCNA2,0.6486,discovered
ASAP2,ITGA2,0.5692,discovered
JUN,GZMB,0.5433,discovered
RFWD2,ZNF202,0.404,discovered
SMARCB1,JAK2,0.5843,discovered
VDR,NOS2,0.3121,discovered
CTLA4,HSD17B11,0.4678,discovered
PFKP,ITGAX,0.5876,discovered
FOXF2,STAT3,0.6615,discovered
JAK2,TP63,0.6031,discovered
EZH2,PAX2,0.3232,discovered
GSC2,MYC,0.3533,discovered
MYC,APAF1,0.4687,discovered
ATM,GLI1,0.6094,discovered
EAPP,CCNB2,0.3692,discovered
PTGES,FOXD3,0.519,discovered
PLAG1,DISC1,0.4701,discovered
RB1,IL1RN,0.3113,discovered
HDAC2,OPRM1,0.3347,discovered
SP3,ACAT1,0.4515,discovered
RUNX3,SLC2A4,0.4103,discovered
ATF6,ASCL2,0.5141,discovered
USP26,ESR1,0.4196,discovered
PMAIP1,DACT3,0.373,discovered
KLF2,UGT2B15,0.3562,discovered
TWIST1,VCAN,0.7084,discovered
MSX2,ELK4,0.374,discovered
KLF8,PRL,0.5835,discovered
PAX5,VDR,0.5535,discovered
RUNX1,HLA-DOB,0.4942,discovered
EDEM2,BIRC3,0.3157,discovered
MTA1,AR,0.3111,discovered
RBMX,SNAI3,0.3422,discovered
NR2F2,SERPINE1,0.4259,discovered
SLC13A4,SIDT1,0.3696,discovered
CD274,NOS1,0.3337,discovered
E2F1,CASP8,0.4198,discovered
PAX5,MAFF,0.3238,discovered
MBD1,XPC,0.6266,discovered
IRF9,MEIS2,0.3417,discovered
NFKB1,VDR,0.5412,discovered
SNW1,GRK2,0.3505,discovered
SP1,RRM2B,0.4844,discovered
RELA,SLC6A4,0.311,discovered
CEBPA,FAP,0.3774,discovered
DSC2,BABAM2,0.3098,discovered
PPARG,CPT1A,0.3526,discovered
TSC2,STARD7,0.5296,discovered
REL,CDK4,0.359,discovered
PDGFRA,FUT2,0.493,discovered
ZNF76,RASGEF1B,0.3488,discovered
RB1,BUB1B,0.3813,discovered
HIC1,NR3C1,0.5639,discovered
STAT3,CHST4,0.4204,discovered
PSMB9,EP300,0.5023,discovered
TP53,SOS1,0.387,discovered
DNMT1,EDNRB,0.3408,discovered
BAX,MMP2,0.3722,discovered
EZH2,STAT3,0.6743,discovered
DNMT1,CPEB1,0.4115,discovered
NR0B2,CDH1,0.4524,discovered
JUN,ZMYND11,0.3318,discovered
FOXD3,BCL2,0.5261,discovered
ATF4,CXCR4,0.437,discovered
MYH9,CYP1B1,0.4048,discovered
HMMR,NKX6-1,0.3343,discovered
BHLHE40,SART3,0.3015,discovered
STAT5A,PTPN6,0.3404,discovered
NANOG,NCAM1,0.4144,discovered
PLAGL2,AGTR1,0.5115,discovered
TK1,CIAO1,0.3044,discovered
AKT2,TCF7L2,0.3381,discovered
SIRT1,ICAM3,0.3665,discovered
TRIB3,AGT,0.342,discovered
FOXC1,CD80,0.3751,discovered
RFXAP,JAG1,0.3357,discovered
EAF1,BHLHE41,0.4922,discovered
SPARC,FASN,0.3843,discovered
MYCN,NRF1,0.4674,discovered
CTSB,DISC1,0.3631,discovered
EZH2,PTPN6,0.3786,discovered
KLK4,CRP,0.4343,discovered
MBD2,SOD2,0.3635,discovered
TCF3,ZNF76,0.4156,discovered
IFNA13,CYP2E1,0.3774,discovered
NFKB1,CYP11B2,0.4926,discovered
KLF4,TNF,0.5182,discovered
ARNT,CDK1,0.4556,discovered
TCF7L2,TBP,0.3037,discovered
E4F1,SLC3A2,0.3927,discovered
KAT2B,UGT1A6,0.3882,discovered
TP53,CEBPA,0.5105,discovered
BCL6,RAD51,0.3618,discovered
NR2F1,ACBD3,0.3884,discovered
RAF1,ATXN2,0.4288,discovered
EZH2,CCNA1,0.3123,discovered
FLI1,SLC20A1,0.3731,discovered
SMAD3,GSC,0.5416,discovered
NFYB,TCF3,0.4344,discovered
STAT3,SLC25A27,0.4695,discovered
TFAP2A,BLK,0.4283,discovered
RLN1,PMAIP1,0.3373,discovered
YY1,CDC25A,0.5305,discovered
EP300,CDKN1B,0.5308,discovered
RREB1,BCL2,0.4686,discovered
TNFSF14,LRBA,0.7544,discovered
ARG1,CD40LG,0.6238,discovered
MYC,NRAS,0.5006,discovered
CEBPE,ST2,0.3699,discovered
TWIST1,CDKN1A,0.3172,discovered
F13A1,CETP,0.4219,discovered
SLA2,GADD45G,0.4607,discovered
CDAN1,TAF12,0.4293,discovered
OCLN,CCNA2,0.49,discovered
CREB1,CDK1,0.3454,discovered
NFE2L2,GREB1,0.4092,discovered
CIITA,PPARG,0.4749,discovered
FOS,POLD2,0.4368,discovered
MEF2B,FLT3,0.3299,discovered
JUNB,AR,0.3969,discovered
USF1,MRVI1,0.4059,discovered
SFTPA1,SYN1,0.33,discovered
FADD,PTH,0.6186,discovered
CDKL5,HLA-B,0.3312,discovered
SREBF1,ABCG1,0.5641,discovered
FGFR4,MCL1,0.3191,discovered
TCF3,TGFB2,0.342,discovered
PAX2,MITF,0.3698,discovered
GTF2F1,CCND1,0.683,discovered
STAT1,PDK4,0.5319,discovered
TP53,CHI3L1,0.5045,discovered
PER1,KRAS,0.6331,discovered
TFAP2A,BTG2,0.3962,discovered
AR,MMP12,0.3052,discovered
USF1,BIRC2,0.3289,discovered
RUNX3,FAP,0.5318,discovered
ARNT,CDH1,0.4145,discovered
POU2F1,CEBPA,0.4712,discovered
USF1,GKN2,0.3135,discovered
DLX4,PLAG1,0.4828,discovered
JUN,NOTCH2,0.4577,discovered
CDKN1A,CTSD,0.5447,discovered
SPI1,FGA,0.3866,discovered
HLA-DRB3,MYC,0.4479,discovered
SMAD2,HSPA4,0.5126,discovered
GAD1,PGA5,0.3634,discovered
CRHR1,BCL2,0.5134,discovered
IL10,TERT,0.4409,discovered
IL6ST,SNAI1,0.4335,discovered
HDAC3,TERF1,0.5003,discovered
RORC,ZNF217,0.3547,discovered
ZIC2,IL5RA,0.309,discovered
KPNB1,TAT,0.648,discovered
CDK6,LAPTM4B,0.4965,discovered
MYC,LTC4S,0.3296,discovered
SNAI2,NFE2,0.617,discovered
HNF1A,FOXM1,0.3114,discovered
PPARD,AVP,0.4171,discovered
SATB1,HIPK2,0.5542,discovered
YBX1,BIRC2,0.3071,discovered
KLF6,TNFAIP3,0.3562,discovered
SMAD4,S100A4,0.388,discovered
CNMD,FUT2,0.3018,discovered
PPP2R2D,UGT1A8,0.4527,discovered
HTT,APOC3,0.4062,discovered
IRF1,CD274,0.6006,discovered
CCNE1,HLA-DRA,0.4759,discovered
MSL1,TBP,0.5297,discovered
GALNT3,RPTOR,0.4062,discovered
CDX2,P4HA1,0.3368,discovered
HEY1,COL1A2,0.7059,discovered
ALKBH2,CDH1,0.407,discovered
PKM,COL7A1,0.4356,discovered
TBX21,CCNB1,0.6254,discovered
CEBPB,JAK2,0.4636,discovered
NCOA3,ATM,0.4257,discovered
TFCP2,PTGS2,0.5421,discovered
TWIST2,BGLAP,0.4432,discovered
UHRF1,BLMH,0.3255,discovered
DNMT3A,KLF10,0.4797,discovered
PDGFC,ARF6,0.3585,discovered
TBX21,FGF19,0.6128,discovered
ZNF76,IL27,0.5808,discovered
POLR3D,KLF2,0.3218,discovered
RARA,PON1,0.4819,discovered
CEBPB,RBBP8,0.3332,discovered
STAT1,FXYD2,0.3931,discovered
FOXE1,H19,0.4508,discovered
EZH2,MYOG,0.5971,discovered
POU4F1,CCL4,0.3675,discovered
TP63,LIN28A,0.3859,discovered
TP53,IL15,0.3282,discovered
CDX2,MMP3,0.765,discovered
ANGPT2,CABIN1,0.3214,discovered
RELA,TGFBR3,0.3705,discovered
CDK4,SIRT1,0.4235,discovered
FGFR1,TLR9,0.4777,discovered
FLI1,EZH2,0.4491,discovered
FOXO1,SURF1,0.4524,discovered
TP53,NEUROD1,0.3608,discovered
WT1,COL4A3,0.4796,discovered
NFAT5,RELA,0.3322,discovered
KLF4,CXCL5,0.3825,discovered
HSF1,ACTC1,0.6358,discovered
KLF8,BAX,0.4066,discovered
ARID3A,HIRA,0.7198,discovered
TFAP4,TRA,0.334,discovered
FOXO3,GATA2,0.4271,discovered
HOXA9,NR2F6,0.575,discovered
ATF2,TSHR,0.5001,discovered
NFKBIA,ADIPOR1,0.3601,discovered
NFIC,BIN1,0.459,discovered
HIST2H2BE,TP53INP1,0.4095,discovered
TWIST1,USF1,0.5122,discovered
MYCN,RRAS2,0.325,discovered
SP1,CSH1,0.4929,discovered
SP3,CYP11A1,0.4646,discovered
DDIT3,NR5A1,0.417,discovered
NR3C1,CXCL8,0.332,discovered
HDAC4,MET,0.3889,discovered
SP1,MAPK8,0.4675,discovered
SREBF2,CAPN10,0.3603,discovered
TP53,IL18,0.5541,discovered
POU2F3,IL6R,0.3976,discovered
EED,ZEB2,0.5189,discovered
ISG20,CCND2,0.4376,discovered
PPARG,KRT5,0.3098,discovered
ERCC2,DDIT3,0.3769,discovered
LMO4,SFTPD,0.405,discovered
KAT5,E2F3,0.7415,discovered
YY1,BTS1,0.542,discovered
SP1,MTTP,0.4909,discovered
ETS1,RUNX2,0.4676,discovered
ID3,HBZ,0.3228,discovered
NODAL,ACAN,0.4244,discovered
RUNX3,PCNA,0.364,discovered
DDX58,FOS,0.4577,discovered
PRKCB,USF2,0.6969,discovered
USF1,GINS3,0.4425,discovered
CEBPA,AURKA,0.4411,discovered
STAT5B,HP,0.3275,discovered
HDAC7,ARNT,0.7138,discovered
CREB1,PDK4,0.3975,discovered
NFKB1,HNRNPA1,0.7288,discovered
ELK4,HSD17B11,0.4167,discovered
PDCD1,ERBB2,0.3235,discovered
RELA,APOC3,0.3933,discovered
AR,HSPA5,0.5644,discovered
CCL4,PLAU,0.3697,discovered
CYP17A1,MAFF,0.4757,discovered
USF1,CTSL,0.4825,discovered
KLF13,HLA-DQA1,0.5972,discovered
MSH2,ID2,0.6551,discovered
NR0B1,IL2,0.5227,discovered
AKT1,L1CAM,0.6086,discovered
SP1,ULBP1,0.3241,discovered
MYB,ACTA1,0.474,discovered
IL12RB2,IL18,0.4422,discovered
EGR1,APOA1,0.3838,discovered
SPHK1,SIGIRR,0.5252,discovered
SLC22A9,CLU,0.389,discovered
YY1,GSTP1,0.4578,discovered
IL10,IL13,0.3848,discovered
CEBPD,OAS1,0.4109,discovered
TEF,ERG,0.3459,discovered
REST,ATM,0.3583,discovered
RARB,CSTA,0.3763,discovered
STAT6,POU4F1,0.5013,discovered
NKX2-5,MMP3,0.5742,discovered
PER1,COL18A1,0.32,discovered
USF2,APOA1,0.4187,discovered
STAT3,CREB1,0.442,discovered
LEF1,IMPDH2,0.4132,discovered
GATA1,IL23A,0.513,discovered
ETS1,HAMP,0.3771,discovered
ZBTB16,CCNB1,0.477,discovered
HCFC1,AR,0.4077,discovered
ETS1,KLF17,0.4438,discovered
SP1,GATA1,0.3348,discovered
KAT6A,TWIST2,0.4363,discovered
FGF19,IL10,0.5085,discovered
HIF1A,ITGAV,0.4241,discovered
MEF2D,ABCB1,0.4975,discovered
HDAC3,CSTA,0.674,discovered
NFKB1,MAP2K1,0.419,discovered
RFX1,MMP2,0.336,discovered
HSF1,CRP,0.3897,discovered
GFI1,IRF7,0.3389,discovered
MEG3,TSHB,0.4292,discovered
STAT6,HLA-G,0.4766,discovered
E2F1,CISH,0.3324,discovered
LEF1,VCAM1,0.3541,discovered
ACE,MGAT5,0.5546,discovered
SGK1,SERPINE1,0.357,discovered
SPAST,RP1,0.4169,discovered
ZNF335,NOV,0.3481,discovered
HOXA10,FGB,0.3957,discovered
PARP1,DKK1,0.3967,discovered
GATA2,PRKCB,0.5773,discovered
MTA3,NFKB1,0.3868,discovered
SREBF2,TRA,0.3149,discovered
TP53,CYP2D6,0.3432,discovered
RPTOR,CNR1,0.3832,discovered
CTNNB1,FAM57A,0.3802,discovered
KLF16,ERO1A,0.3423,discovered
FLI1,USF2,0.4296,discovered
CTCF,STK11,0.3373,discovered
SLC2A1,SLPI,0.3457,discovered
ALB,NR1H4,0.4478,discovered
CREB3,SLIT2,0.4261,discovered
NR4A1,HIST2H2BE,0.691,discovered
NR3C1,CD274,0.6687,discovered
CYBB,CYP3A5,0.3169,discovered
FOXP3,INS,0.339,discovered
PPARA,GAS2,0.5024,discovered
GLI1,TPO,0.3214,discovered
PARP1,PLIN2,0.3248,discovered
DDX5,CYSLTR1,0.4398,discovered
SNF8,PIK3CA,0.4394,discovered
CDK4,C1QTNF5,0.309,discovered
STAT3,FOXP3,0.4095,discovered
RELA,SOX14,0.5091,discovered
NR1I2,GATA5,0.418,discovered
PLK1,TGFB3,0.4695,discovered
VGF,JAK2,0.3402,discovered
KDM4C,PTTG1,0.3187,discovered
PAX2,CEACAM5,0.4042,discovered
ATF2,DACH1,0.4388,discovered
JUNB,VEGFA,0.3738,discovered
CREM,KCNQ3,0.4676,discovered
NFKB1,HEY1,0.6763,discovered
SOX10,FLT4,0.6331,discovered
SOX9,VIM,0.3325,discovered
IRF8,CYP19A1,0.3913,discovered
SMARCB1,SFN,0.4003,discovered
USF1,HSD17B6,0.5751,discovered
ETS1,HBD,0.3784,discovered
CD274,PTTG1IP,0.5751,discovered
JUN,TCF7L2,0.3461,discovered
YBX1,ID2,0.5655,discovered
KLF7,RASSF1,0.3461,discovered
NFKB1,CLU,0.4076,discovered
ATF1,CFLAR,0.3446,discovered
NEFL,RAF1,0.3437,discovered
MYC,ZFP36L1,0.5488,discovered
TNFRSF11A,PKM,0.4498,discovered
WT1,HOXB7,0.4829,discovered
NFIC,MCM4,0.6329,discovered
KL,PRKCA,0.4198,discovered
RUNX3,INS,0.3853,discovered
USF1,ITGB8,0.4051,discovered
TPT1,NPY,0.3375,discovered
GRIN2B,IFNB1,0.3817,discovered
ZBTB7A,UPF1,0.4108,discovered
PPARG,USF2,0.4321,discovered
EGR1,FOS,0.5328,discovered
MEF2C,RARB,0.6505,discovered
TP53,ID3,0.5285,discovered
JUND,PCK2,0.5513,discovered
MYC,HLA-DOB,0.3843,discovered
SOX10,NFKBIZ,0.41,discovered
TCF4,MAD2L1,0.5121,discovered
BMI1,IFNB1,0.374,discovered
NFKB1,IL13,0.3672,discovered
JUN,ABCA3,0.5085,discovered
GATA2,MMP10,0.4246,discovered
RNF14,GADD45A,0.6521,discovered
CGB5,MMP2,0.4495,discovered
E2F1,UGT2B15,0.4555,discovered
GLI1,HYAL1,0.4546,discovered
APAF1,PLD1,0.4474,discovered
STAT6,NMNAT2,0.3875,discovered
PML,PITX2,0.5544,discovered
FOXA2,NFKB1,0.3723,discovered
RFX2,PPARA,0.5964,discovered
CREB5,IVL,0.555,discovered
MYCN,GLI3,0.5704,discovered
NANOG,MIR202,0.4253,discovered
CCR3,DNAJC12,0.44,discovered
CYP27A1,RHOB,0.5125,discovered
STAT2,ATRX,0.383,discovered
CEBPE,CETP,0.4214,discovered
FOXN1,BCL2L1,0.5087,discovered
ATF2,COL7A1,0.3991,discovered
NFYA,P4HA1,0.6085,discovered
PRDM1,CYP27B1,0.4499,discovered
ESR1,ABCG1,0.5599,discovered
STAT3,MCM8,0.3739,discovered
HOXA1,ME1,0.4246,discovered
TSC1,CDK6,0.458,discovered
JUN,TSC1,0.3159,discovered
LOXL4,PTPN6,0.4505,discovered
OTX2,LIN28B,0.3929,discovered
MLLT10,PTEN,0.5685,discovered
XRCC5,MMP9,0.5261,discovered
SP4,CRY1,0.3289,discovered
ATF1,ITGA5,0.3152,discovered
KLK10,LRP8,0.4427,discovered
CBFA2T3,PTPRZ1,0.4981,discovered
MED1,GDF3,0.3288,discovered
ITGB8,CDX2,0.4452,discovered
POU3F2,TAF5,0.3367,discovered
SF1,PLAGL1,0.3221,discovered
PAX5,PRSS50,0.3559,discovered
KLF4,OGG1,0.3165,discovered
HNRNPD,EGFR,0.331,discovered
FPGS,TP53,0.4481,discovered
SPI1,XPC,0.3531,discovered
CEBPA,LTBP4,0.4333,discovered
STAT3,CD22,0.5484,discovered
ATF2,CYP1A2,0.3659,discovered
ZNF350,CHST4,0.3165,discovered
GATA4,KPNA1,0.4442,discovered
TFAP2A,SLC26A4,0.383,discovered
IL1RL1,CDK6,0.6348,discovered
MYCN,IKBKB,0.4216,discovered
HMGA2,MC2R,0.3443,discovered
URI1,CTSD,0.372,discovered
RUNX1,SNAP25,0.3802,discovered
AR,TCF7,0.4125,discovered
FLI1,BCL2L1,0.3678,discovered
EPAS1,ETF1,0.4508,discovered
TRIM28,HSPA5,0.3482,discovered
KLF4,WNT2B,0.4808,discovered
KLF4,MME,0.3554,discovered
STAT5B,BTG2,0.3904,discovered
TP53,PCK2,0.383,discovered
FOXO4,PARP1,0.3758,discovered
CDK4,DUSP4,0.5203,discovered
AGER,TIMP2,0.3305,discovered
GATA3,NR1I3,0.4674,discovered
PPARGC1A,PLAU,0.5368,discovered
KAT5,HLTF,0.3753,discovered
DEK,IFNG,0.3522,discovered
MTOR,TERT,0.3277,discovered
HES1,SYN2,0.3728,discovered
USF1,PDCD4,0.4244,discovered
HSF1,HNF1B,0.3193,discovered
GATA3,CYP46A1,0.4415,discovered
FOXO1,EXO1,0.4412,discovered
IRF1,AGTR1,0.53,discovered
ATF7,HOXA7,0.5368,discovered
PARP1,MAP3K1,0.4193,discovered
JUND,PF4,0.3514,discovered
SNAI2,IL27,0.7281,discovered
RELA,F7,0.446,discovered
KLK10,PKLR,0.5704,discovered
SMAD7,FGFBP1,0.3916,discovered
TFAP2C,TNFRSF13C,0.3303,discovered
TCF7L2,CFI,0.4638,discovered
CEBPB,STAT1,0.3818,discovered
PDGFA,L1TD1,0.4464,discovered
POU1F1,TP53,0.3338,discovered
NFE2L2,UGT1A6,0.6441,discovered
HOXA1,IKBKB,0.4229,discovered
KLF5,ABCC3,0.3925,discovered
CSH2,MAPK1,0.3468,discovered
GTF2F1,CYP46A1,0.449,discovered
BAD,RARG,0.4102,discovered
HLA-DMB,MSH2,0.4065,discovered
CEBPB,CCK,0.3963,discovered
PPARD,DDB2,0.4928,discovered
STAT3,POU5F1,0.4364,discovered
HMGA1,DDX5,0.3021,discovered
HOXD3,RPTOR,0.4947,discovered
TDRD1,CHEK1,0.3538,discovered
MLLT10,COMP,0.4151,discovered
CYP24A1,RECK,0.5253,discovered
MEF2A,WIF1,0.3767,discovered
TP53,ATXN2,0.3068,discovered
SRF,ASPM,0.4575,discovered
NFKB1,SOD1,0.4963,discovered
SMAD7,ESR1,0.3015,discovered
MLH1,NFKB1,0.5163,discovered
CCL22,HYAL1,0.4502,discovered
HIF1A,MSH6,0.5401,discovered
MEN1,PNOC,0.3242,discovered
NFYC,SLC3A2,0.5011,discovered
PITX2,HLA-DRB1,0.4428,discovered
CREB1,TXN,0.3704,discovered
MSX2,BDNF,0.4087,discovered
USF2,IFIT3,0.567,discovered
CEBPB,SOX18,0.383,discovered
ATR,CDK1,0.3331,discovered
RELA,CD44,0.4547,discovered
BRCA1,SUMO2,0.3562,discovered
SP1,LAG3,0.5596,discovered
PER2,ANGPTL4,0.7304,discovered
KRAS,IL2RA,0.5607,discovered
IRF3,ERG,0.3464,discovered
CEBPD,DICER1,0.3588,discovered
RB1,E2F4,0.353,discovered
HLA-E,POLR3D,0.4556,discovered
RFX5,CD82,0.3224,discovered
SMAD4,METAP2,0.3479,discovered
STAT1,TNF,0.4147,discovered
ADRB3,SLC39A1,0.6445,discovered
AR,IL2,0.4308,discovered
TP53,ICAM1,0.4414,discovered
TFAP2A,SIX1,0.4332,discovered
NR3C1,HNF4A,0.4617,discovered
GALT,MMP13,0.3956,discovered
VDR,SHBG,0.3301,discovered
TLR6,MDM4,0.6467,discovered
NRL,DPYSL2,0.5139,discovered
CCND1,USP7,0.4448,discovered
ATF2,JAK2,0.3155,discovered
CIITA,ZEB1,0.4409,discovered
ERCC1,PDGFRA,0.4649,discovered
CDK4,DHCR24,0.3874,discovered
BCL2A1,PIM1,0.3771,discovered
POU2F1,CRABP1,0.5989,discovered
ESR1,SERPINB5,0.3535,discovered
ID2,CD4,0.5989,discovered
FOXA2,BCL2A1,0.498,discovered
FOXP3,MAD2L1,0.411,discovered
MCL1,PDK2,0.4867,discovered
ATF2,MGAT5,0.4267,discovered
BIN1,DNMT3A,0.3644,discovered
LIN54,TP63,0.5389,discovered
KLF4,TBX3,0.3034,discovered
TFAP2A,CLK3,0.318,discovered
HDAC2,UBE2C,0.3655,discovered
ASS1,PADI1,0.3383,discovered
STAT6,IFNA1,0.4229,discovered
RORA,HR,0.3228,discovered
FLI1,CTSD,0.4785,discovered
NELFCD,PDGFC,0.3122,discovered
TP73,APP,0.3494,discovered
CDKN1A,SELL,0.5891,discovered
TFAP2A,CDKN1B,0.3922,discovered
EPAS1,STMN1,0.6447,discovered
SPI1,FUS,0.3904,discovered
RELA,HSPA5,0.5154,discovered
LEF1,ELF2,0.3187,discovered
SLCO4C1,DBI,0.3298,discovered
REL,TFAP2A,0.527,discovered
HOXA5,SELE,0.3028,discovered
GATA2,DCT,0.3115,discovered
PROX1,TNFRSF12A,0.3403,discovered
IL2RA,WRN,0.4455,discovered
TFDP1,TK1,0.3208,discovered
RB1,ATP2A2,0.3243,discovered
E2F1,CAT,0.4114,discovered
HIVEP2,BTG1,0.3342,discovered
ATF5,FASLG,0.3085,discovered
UBE2I,FLI1,0.445,discovered
BCL6,SP2,0.3904,discovered
PRSS50,IGH,0.3164,discovered
ARNT,CCL5,0.6936,discovered
BAX,FLT4,0.5285,discovered
FOSL2,CCL3,0.506,discovered
ZBTB16,AMH,0.5716,discovered
DUSP10,TRAF2,0.5357,discovered
E2F4,SERPINB1,0.6635,discovered
HDAC2,CX3CL1,0.461,discovered
TLX1,JUN,0.6095,discovered
CNMD,TWIST1,0.4407,discovered
SPHK1,PROX1,0.3983,discovered
HDAC1,SLC20A1,0.4524,discovered
GREB1,KPNA2,0.3109,discovered
CNMD,CBS,0.3418,discovered
BAX,ZNF202,0.555,discovered
SP1,PCLAF,0.3855,discovered
ATF2,TNNI3,0.4576,discovered
YY1,MMP3,0.4829,discovered
KLF14,PFDN4,0.5589,discovered
FOXQ1,CFTR,0.3622,discovered
HOXA10,TH,0.3424,discovered
JUN,MS4A2,0.5724,discovered
NFKB2,TNFRSF11B,0.3048,discovered
PDGFRA,ALDOB,0.4675,discovered
CCND2,PPARG,0.3316,discovered
GATA1,ALDH1A1,0.336,discovered
TCF12,ALDH1A3,0.5979,discovered
BECN1,CTNNB1,0.3112,discovered
STAT3,COX1,0.3414,discovered
DEK,CCND2,0.4235,discovered
PKNOX1,KIT,0.3047,discovered
FGF19,CXCL8,0.3842,discovered
HNF1A,PER1,0.3165,discovered
E2F3,ACVRL1,0.4809,discovered
WWTR1,MYCBP,0.4102,discovered
STAT3,JUN,0.4529,discovered
ELF4,HLA-DRB1,0.4092,discovered
ULBP1,CCNB1,0.59,discovered
NFKB1,EPO,0.4399,discovered
TAL1,LNPEP,0.3101,discovered
PGF,ACRV1,0.3795,discovered
CEBPE,C4A,0.3848,discovered
NDUFV1,MTA2,0.6207,discovered
XPA,VEGFA,0.6265,discovered
RUNX3,FGF1,0.3346,discovered
AURKA,FOXP3,0.4754,discovered
GATA1,CYP3A7,0.3243,discovered
E2F1,CDX2,0.3676,discovered
DLX4,TNFAIP3,0.5394,discovered
NFKB1,IRF9,0.3594,discovered
SIGMAR1,FOXO3,0.4497,discovered
NRL,DOK1,0.4506,discovered
EPAS1,ERG,0.3903,discovered
POU2F2,CDH2,0.5681,discovered
LITAF,SOX9,0.3313,discovered
CEBPA,NOS2,0.3061,discovered
CYP2E1,MCL1,0.5601,discovered
NLRC4,DKK1,0.5858,discovered
IRF1,LDLR,0.3694,discovered
AR,CCND1,0.467,discovered
TCF12,SALL4A,0.3037,discovered
TWIST2,FSHR,0.3862,discovered
HDAC4,FST,0.5491,discovered
ELK1,ATP2A2,0.3899,discovered
VHL,SMAD3,0.464,discovered
TFCP2,CYP19A1,0.4541,discovered
POU2F1,FLT4,0.5445,discovered
CTCF,PTGS2,0.4333,discovered
UTRN,CTLA4,0.4014,discovered
USF2,SMARCB1,0.4375,discovered
SPI1,UPP1,0.3506,discovered
CREB1,LTC4S,0.4124,discovered
KLF2,NRCAM,0.3839,discovered
TFAP2A,DNMT3B,0.4861,discovered
MSC,RGN,0.4183,discovered
GRIN2B,CYP19A1,0.4418,discovered
NKX2-3,ADAM12,0.3261,discovered
MAP2,RRM1,0.3381,discovered
ETS1,HLA-DQA1,0.5566,discovered
TNFAIP3,EGFR,0.3036,discovered
E2F3,GJB1,0.3343,discovered
YBX1,HSD11B2,0.418,discovered
NFKB1,BAD,0.3662,discovered
PCYT2,CYP2B6,0.4441,discovered
SFRP1,MFSD2A,0.3877,discovered
NFKB1,DCN,0.6493,discovered
TNFRSF13C,SIRT1,0.3834,discovered
DDB2,PCK2,0.4097,discovered
TPH1,MLH1,0.4686,discovered
IDO1,FAM162A,0.3429,discovered
MYCN,ATM,0.3744,discovered
LMO7,ABCG2,0.348,discovered
EP300,HTR1A,0.3537,discovered
FOXO1,SLC3A2,0.441,discovered
RUNX3,BIRC2,0.5513,discovered
ATF5,TIMP1,0.3825,discovered
FCGR3B,STAT3,0.5045,discovered
RUNX3,GDNF,0.3451,discovered
ITGA2,APAF1,0.3177,discovered
VHL,CXCL10,0.3135,discovered
CHEK2,CHD8,0.3796,discovered
JUN,PML,0.5235,discovered
GATA3,SKP2,0.4258,discovered
DES,TYK2,0.4417,discovered
MAP2K1,LTBP4,0.5547,discovered
NFKBIA,SLC5A1,0.4553,discovered
IKBKB,UPF1,0.3816,discovered
HBG1,DUSP1,0.5462,discovered
BATF,NOTUM,0.5595,discovered
HESX1,PLD1,0.3469,discovered
RUNX3,KCNIP3,0.4004,discovered
WT1,CD19,0.3803,discovered
HLA-DMB,TGM4,0.4413,discovered
BRAF,KRT5,0.5183,discovered
CDH1,HBA2,0.4318,discovered
VCAM1,E2F2,0.3078,discovered
SOX18,CDH5,0.3448,discovered
XBP1,TFAP2A,0.3777,discovered
STAT6,HES1,0.4611,discovered
XPC,IL1B,0.3403,discovered
MCAM,TCF3,0.4709,discovered
ATF6,USP7,0.5876,discovered
HSPA8,IRF4,0.3595,discovered
HDAC9,CD274,0.4594,discovered
STAT3,CYP11A1,0.4265,discovered
KAT2B,SPRY2,0.5321,discovered
ATF3,BCL2,0.596,discovered
PHF10,SOX9,0.4837,discovered
RFX3,RB1,0.3969,discovered
ITGAM,CCL2,0.3223,discovered
KDM4C,U2AF2,0.573,discovered
LEF1,NAMPT,0.5546,discovered
DNMT1,DDX18,0.558,discovered
RELA,TXNIP,0.5301,discovered
MEP1A,LCAT,0.3272,discovered
SLC2A3,TGFBR1,0.3571,discovered
EZH2,MIR202,0.4592,discovered
CTCF,WWC1,0.4122,discovered
NFKB1,FGB,0.5073,discovered
EXO1,SLC10A1,0.4581,discovered
TP53,ECT2,0.4085,discovered
PRSS50,GSK3B,0.3464,discovered
VHL,MMP2,0.4689,discovered
ILK,SPRY2,0.3096,discovered
PLK1,TLR9,0.4006,discovered
SMAD4,PDGFRA,0.6585,discovered
SP1,SOS1,0.3417,discovered
HESX1,MT1E,0.4706,discovered
BTF3,SQSTM1,0.5345,discovered
STAT1,HSP90AB1,0.4893,discovered
YBX1,BHLHE40,0.3586,discovered
USF2,FAT1,0.5722,discovered
ATF3,PLD1,0.5088,discovered
POU1F1,TXNIP,0.4303,discovered
RICTOR,GADD45A,0.5183,discovered
GLS,NPPB,0.5279,discovered
STAT5A,TLR6,0.4559,discovered
PAX4,WDR5,0.4555,discovered
SPI1,CXCL10,0.3956,discovered
KLF4,COL2A1,0.5441,discovered
STAT3,ABCC6,0.4115,discovered
TCF7L2,FLI1,0.4776,discovered
MAZ,DUSP6,0.3072,discovered
HOXA9,IFNB1,0.3987,discovered
IL1B,CRYGB,0.3862,discovered
CSNK1A1,MAP2K1,0.6919,discovered
IRF6,ERBB2,0.5446,discovered
PHLDA1,EED,0.6461,discovered
SP1,MYCBP,0.587,discovered
SP4,CD2,0.4077,discovered
PLK1,TERT,0.3864,discovered
NR4A2,MUC1,0.411,discovered
ETS1,FASLG,0.3522,discovered
FLI1,E2F3,0.3838,discovered
SPN,CDK4,0.4176,discovered
ALK,COX6A1,0.4095,discovered
BRCA1,SLC22A8,0.4332,discovered
PDGFRA,TNF,0.3404,discovered
CORO1C,WWC1,0.4428,discovered
GLI1,ABCC2,0.3644,discovered
RAF1,IKBKB,0.4286,discovered
E2F1,STAT6,0.3748,discovered
CDC20,SERPINB2,0.3933,discovered
MTF1,KRT16,0.6446,discovered
SP3,ABCB1,0.379,discovered
ZNF383,MTA2,0.3285,discovered
PLG,FLT4,0.4068,discovered
CREM,ERVW-1,0.4609,discovered
TIMP2,SERPINE1,0.6694,discovered
RAG1,PGA5,0.4861,discovered
LEF1,CFI,0.372,discovered
IRF3,SLC5A5,0.3422,discovered
ERCC2,CYBB,0.6004,discovered
HOXC11,SNCB,0.3973,discovered
SIX1,HTATIP2,0.6485,discovered
GUSB,CFTR,0.3218,discovered
REST,BRPF1,0.4715,discovered
ITGA5,CD36,0.4098,discovered
NANOG,MYB,0.3027,discovered
RARA,SP1,0.3705,discovered
NR2F2,CLEC4G,0.4013,discovered
WASF2,CD4,0.4348,discovered
SMAD3,BCL2A1,0.4217,discovered
REL,ABCG2,0.4162,discovered
ALDH1A1,TP53,0.4645,discovered
RORA,SPP1,0.3281,discovered
JUN,SCARF1,0.4591,discovered
LAMC2,IL12A,0.3467,discovered
PITX2,CRP,0.3498,discovered
WT1,PMEL,0.3883,discovered
WWP1,HMGCS1,0.3115,discovered
UHRF1,TCERG1,0.3543,discovered
SERPINB2,CDKN1A,0.557,discovered
PKM,MLH1,0.4367,discovered
RUNX3,CD14,0.4754,discovered
HDAC1,CXCL12,0.4438,discovered
NR2F6,BHLHE40,0.3492,discovered
E2F1,MITF,0.4293,discovered
IKBKG,TP53INP1,0.4967,discovered
TP53,RASGEF1B,0.3916,discovered
HBP1,XPA,0.3983,discovered
MYCN,CDK4,0.3979,discovered
THBD,G0S2,0.5413,discovered
MYC,MXD4,0.5245,discovered
CREBBP,CFI,0.6349,discovered
RELA,PSG1,0.4036,discovered
CIITA,ACE,0.3049,discovered
NFIB,ALOX5,0.3053,discovered
PPARG,PIGR,0.3567,discovered
RUNX1,DNAJB4,0.3249,discovered
CASP8,GNLY,0.3082,discovered
RELA,ASAH1,0.3628,discovered
GALT,STAR,0.3604,discovered
F9,SRR,0.3208,discovered
GDA,BRCA1,0.4744,discovered
HDAC1,INS,0.4449,discovered
STAT3,ARHGEF1,0.4571,discovered
LILRB1,E2F1,0.3816,discovered
IRF1,UGT2B17,0.3429,discovered
IRF3,RNF2,0.3384,discovered
POU2F1,MMP2,0.3031,discovered
KRAS,ASAP2,0.6406,discovered
TSC22D3,FAT1,0.3142,discovered
MAD2L1,FOXE1,0.4924,discovered
CTSG,PIK3CA,0.5352,discovered
AKR1C3,NOS2,0.3424,discovered
ATF1,TAC3,0.4818,discovered
TFAP2C,SNAPC1,0.3706,discovered
ERCC5,IL10,0.415,discovered
EGFR,TFF1,0.3424,discovered
ZFP36,MMP7,0.4452,discovered
PTTG1,CYP11B1,0.3721,discovered
CDH2,SPI1,0.5461,discovered
SP1,CR2,0.3787,discovered
BAD,CR2,0.6158,discovered
NR1H4,BRCA2,0.5236,discovered
STAT1,VEGFD,0.3655,discovered
KLF5,POU5F1,0.4197,discovered
NRAS,CXCL1,0.3235,discovered
PIAS3,MACROD1,0.6268,discovered
JUNB,FOXP3,0.5538,discovered
MYC,COX1,0.4238,discovered
RXRA,CRYAB,0.4737,discovered
ESR1,CLCN5,0.4607,discovered
ARID1A,TNFRSF17,0.4211,discovered
GDF5,CCNE1,0.6009,discovered
EP300,CDH2,0.5533,discovered
TFAP2B,GSK3B,0.5288,discovered
CTNNB1,OLR1,0.3561,discovered
AICDA,DST,0.4257,discovered
DDB2,OAT,0.3692,discovered
WWTR1,PLAUR,0.4708,discovered
KAT2B,CCK,0.3981,discovered
TP53,LRIG2,0.3896,discovered
EP300,ABCG2,0.539,discovered
HOMER3,BCL2,0.3269,discovered
SP1,ETF1,0.4199,discovered
SP1,IL11,0.504,discovered
REST,LOX,0.4272,discovered
CCNT1,FOS,0.5934,discovered
SLC5A8,FGFR1,0.4103,discovered
POU3F1,POLD1,0.3117,discovered
GLI1,DEC1,0.37,discovered
DLG4,AIRE,0.3269,discovered
CHGA,BRCA2,0.3887,discovered
IRF7,CD6,0.3295,discovered
MAOB,BDKRB2,0.3824,discovered
RFWD2,CRP,0.4105,discovered
ATF3,ZEB1,0.3492,discovered
TFAP2B,TP53,0.4576,discovered
ESRRA,CABLES1,0.4596,discovered
KIT,TNF,0.4807,discovered
SALL4A,BRAF,0.3298,discovered
SREBF2,CCND3,0.4929,discovered
IRF9,KLF17,0.3928,discovered
TP53,SDC4,0.5097,discovered
SPI1,GSTP1,0.4073,discovered
ZEB1,DNASE2,0.4238,discovered
HIF1A,MCTS1,0.4408,discovered
HDAC9,VDR,0.4285,discovered
ARNTL,NOTCH1,0.604,discovered
AR,DRD2,0.4947,discovered
EED,IFNB1,0.3386,discovered
RREB1,HLA-DOB,0.3616,discovered
TBX21,SLC3A2,0.3781,discovered
GATA4,SUZ12,0.3307,discovered
PPARG,ATP6V0E1,0.4806,discovered
NFKB1,F7,0.4857,discovered
PAK1,CSNK2A1,0.346,discovered
CTCF,GAS2,0.3129,discovered
BRCA2,MDM2,0.4324,discovered
KIT,HCK,0.413,discovered
MYBL2,STS,0.5298,discovered
UPF3B,ACOX1,0.4477,discovered
CREM,YES1,0.4267,discovered
HSF1,APCS,0.3106,discovered
BTS1,IL21,0.6119,discovered
RXRA,CCL20,0.4346,discovered
REST,EZH2,0.4315,discovered
EZH2,BCL2,0.5885,discovered
JUNB,PLAC1,0.581,discovered
TEAD1,UBE2S,0.431,discovered
EGR3,HDAC9,0.3909,discovered
EP300,MAD1L1,0.6502,discovered
NFIC,RECQL4,0.7091,discovered
SSX2,HLA-DPA1,0.6368,discovered
RASGEF1B,ATM,0.3513,discovered
HDAC2,TIMP3,0.4855,discovered
MAOB,LPL,0.3101,discovered
MSC,F7,0.3529,discovered
PDGFRA,OXT,0.327,discovered
RELA,BHLHE41,0.491,discovered
SOCS7,PIK3R3,0.3353,discovered
ZIC1,PRNP,0.3625,discovered
ATF5,CASP3,0.4709,discovered
SOST,JUNB,0.3819,discovered
KDM2A,ELF2,0.3922,discovered
IFNL2,SCARB1,0.4847,discovered
TFAP2A,STIM1,0.4929,discovered
KRAS,IL4,0.3467,discovered
SPI1,NQO1,0.4477,discovered
SREBF1,ALOX12,0.3999,discovered
DEAF1,SMAD4,0.5544,discovered
TP53,AMH,0.4476,discovered
KRAS,NUCB1,0.5061,discovered
DDB1,HESX1,0.3283,discovered
NKX2-5,CCNE1,0.3873,discovered
PAX5,ABCG2,0.4094,discovered
PDGFC,ADGRE5,0.3035,discovered
SPI1,CYP7B1,0.7381,discovered
USF2,CDKN2B,0.391,discovered
GATA3,MCL1,0.7259,discovered
RFXAP,LEF1,0.4254,discovered
BRCA1,MYL9,0.3143,discovered
RFX5,HES1,0.4518,discovered
POU2F1,NQO1,0.624,discovered
TBC1D22A,KCNIP3,0.48,discovered
RB1,SMARCD3,0.4877,discovered
RUNX3,GSTP1,0.5023,discovered
EZH2,CYP3A4,0.4145,discovered
NEUROG3,RASGRP3,0.3553,discovered
CXCR2,MAL,0.6093,discovered
NKX2-2,DUSP1,0.4449,discovered
TP53,TUBB3,0.5798,discovered
CCL26,CGA,0.3384,discovered
SOX2,KRT12,0.3936,discovered
FOXP3,AMHR2,0.3402,discovered
HNF4A,MMP17,0.3323,discovered
CREB3L1,PTGFR,0.423,discovered
PTH,ACSL1,0.4052,discovered
STS,HMGA1,0.3109,discovered
SOX4,FASLG,0.7673,discovered
JUND,HBG1,0.3539,discovered
LRBA,IL18,0.5369,discovered
CDK4,TG,0.5137,discovered
CD14,CD40,0.6257,discovered
NR3C1,RPS3A,0.4916,discovered
HDAC2,ABCA1,0.4245,discovered
SMAD4,HBG1,0.5628,discovered
AIRE,TSG101,0.391,discovered
NR3C2,CD1D,0.4375,discovered
MYC,SLC9A1,0.4285,discovered
ZNF202,GNRH1,0.44,discovered
RARA,BRAF,0.4748,discovered
ID4,KLK3,0.3386,discovered
RELA,ITGA5,0.4325,discovered
HNF4A,IL2RA,0.4547,discovered
NFKB1,PARP1,0.5738,discovered
ATF1,MYEF2,0.3017,discovered
HMGA1,SIVA1,0.5408,discovered
SP3,DUSP4,0.4586,discovered
TRIM22,HLA-DRB5,0.4115,discovered
SRF,GATA5,0.5389,discovered
CTCFL,SLC16A1,0.4845,discovered
SHC1,IL2RA,0.5381,discovered
POU2F1,ABCB11,0.3416,discovered
CREB5,MC2R,0.3607,discovered
IKBKG,HNF4A,0.3966,discovered
RAD51,MDM2,0.4947,discovered
ATF2,EGFR,0.3371,discovered
YY1,BIRC5,0.5155,discovered
FGB,HR,0.3531,discovered
NFYA,EZR,0.3636,discovered
FOXO1,HLA-F,0.6189,discovered
CEBPB,STAT3,0.4775,discovered
CHEK2,KDR,0.4332,discovered
TP53,HLA-DMA,0.4311,discovered
FOXN1,TNPO1,0.4991,discovered
USF1,RNF8,0.4356,discovered
KLF11,SMPD1,0.6439,discovered
CEBPE,PCNA,0.4319,discovered
RELA,HPGD,0.494,discovered
DDX21,TNF,0.4633,discovered
MAT2B,MFSD2A,0.4354,discovered
SHH,NPPB,0.3778,discovered
PIAS4,TP53,0.3385,discovered
STAT3,RHOB,0.6308,discovered
ARNTL2,FOXO4,0.6032,discovered
HDAC4,CYC1,0.4858,discovered
USF1,MC1R,0.6964,discovered
NANOG,HLA-DMA,0.3462,discovered
PARP1,DNASE1,0.3828,discovered
CEBPB,ATG5,0.4397,discovered
TFAP2A,BRAF,0.4474,discovered
HAND2,SLC9A3,0.5173,discovered
TCF4,ERAP2,0.4357,discovered
NFKB1,CD44,0.4053,discovered
AK4,GABPA,0.4166,discovered
HNF1A,PTGS2,0.6736,discovered
DNMT1,PTPRZ1,0.3014,discovered
E2F1,CCL5,0.4031,discovered
LILRB2,IFNA2,0.7173,discovered
CDKN1A,SMAD2,0.4529,discovered
CBX5,HK2,0.3287,discovered
SP3,LDHA,0.3907,discovered
MSH2,SOCS1,0.3231,discovered
MYB,IL6,0.4545,discovered
STAT2,CXCL2,0.3087,discovered
SP3,CSRP1,0.316,discovered
PAX3,S100A10,0.4132,discovered
GHR,RUNX1T1,0.5032,discovered
ECD,CDH1,0.3797,discovered
PTTG1,SQSTM1,0.4355,discovered
ERG,MX1,0.3552,discovered
SRF,IL10,0.4875,discovered
DEDD,FTO,0.441,discovered
NFKB1,NANOG,0.3402,discovered
KLF2,BEST1,0.5553,discovered
CCL5,PTPRC,0.3826,discovered
APEX1,MLANA,0.6282,discovered
PHOX2B,TCF3,0.388,discovered
NOTCH2,TRIB2,0.5987,discovered
TGFBR1,BHLHE41,0.3867,discovered
BMP4,EBNA1BP2,0.431,discovered
MYB,THBD,0.3446,discovered
E2F4,CGB5,0.3443,discovered
CEBPB,LDHA,0.4521,discovered
TRIB3,CTCF,0.3322,discovered
JUN,FN1,0.3273,discovered
ARID3A,LAMA1,0.3454,discovered
MXI1,CYP19A1,0.3074,discovered
DLL1,TP53,0.6366,discovered
MTA1,FGFR1,0.44,discovered
SALL3,BRCA1,0.3554,discovered
MSH2,HOXA9,0.3974,discovered
HOXC6,PPARGC1A,0.5018,discovered
ELK1,APOB,0.3571,discovered
KCNN2,SOD2,0.335,discovered
RUNX2,HRAS,0.5813,discovered
PARP1,BTS1,0.356,discovered
NFKB1,MITF,0.4206,discovered
AHR,TCF4,0.3153,discovered
KLF4,ADORA2A,0.4089,discovered
ESR1,APBB1,0.3692,discovered
STAT3,IGFBP3,0.4996,discovered
EZH2,MTA2,0.5686,discovered
POU3F2,MIR202,0.3218,discovered
PIK3CA,PIM1,0.4671,discovered
DBP,FOXO1,0.3485,discovered
MEF2A,ABL1,0.5024,discovered
NFIA,ABCG2,0.5547,discovered
APC,PLD1,0.418,discovered
GABPB1,AR,0.4232,discovered
RELA,KIF2C,0.4466,discovered
DNMT3A,CPT1B,0.3272,discovered
HMG20B,FABP4,0.5033,discovered
KDM4C,IRF1,0.3442,discovered
SP3,IL1B,0.4505,discovered
MTF1,SRF,0.5244,discovered
DNMT1,PRL,0.4405,discovered
MCL1,NEDD4L,0.4403,discovered
ACAT2,ANPEP,0.3616,discovered
STAT1,ATM,0.3191,discovered
NFKBIB,REG4,0.4902,discovered
MYOCD,ACACB,0.5806,discovered
GATA5,NPPB,0.424,discovered
CASP8,CSRP1,0.641,discovered
EP300,TGFBR2,0.6735,discovered
ZEB2,PSMC5,0.3845,discovered
APAF1,S100A9,0.3055,discovered
RELA,ACADL,0.6454,discovered
SP3,HOXB1,0.4668,discovered
FAP,HOXA9,0.3053,discovered
TP53,NPSR1,0.3842,discovered
UCN,ADAM17,0.4636,discovered
NR1I2,LAPTM4B,0.4402,discovered
DMD,STAT1,0.3256,discovered
STAT1,CD274,0.5562,discovered
ZNF24,CYP7B1,0.3243,discovered
FLT3,RAF1,0.4864,discovered
EPAS1,RAD51,0.5554,discovered
PAX5,BDKRB1,0.4511,discovered
PRDM2,KLK3,0.49,discovered
CYP17A1,ELF2,0.3785,discovered
DACT2,MMP12,0.309,discovered
PARP1,PIK3CA,0.4186,discovered
RBM38,MMP2,0.5756,discovered
KIT,MMP7,0.4048,discovered
ALB,PRG3,0.3692,discovered
IL10,ACTC1,0.3932,discovered
IRF9,CD40,0.3748,discovered
E2F1,COX1,0.3139,discovered
GRIN2B,ACACB,0.4763,discovered
REL,VHL,0.3413,discovered
MYB,KLF11,0.3183,discovered
HIF1A,OAT,0.425,discovered
FGB,MUC4,0.5013,discovered
PPARG,IL3,0.3276,discovered
NOX1,BCL6,0.3367,discovered
STAT3,ZAP70,0.333,discovered
HSF1,PLK3,0.363,discovered
NFKB1,MSMB,0.4678,discovered
HDAC2,MLX,0.318,discovered
GJA1,RHO,0.3224,discovered
NR3C1,PRNP,0.363,discovered
MEN1,NPPB,0.5701,discovered
LIN28A,MMP2,0.6759,discovered
HDAC7,CDH2,0.3972,discovered
TAL1,SULT2A1,0.379,discovered
EBF1,TP53,0.6639,discovered
SIRT1,BRCA1,0.6097,discovered
USF2,CYP17A1,0.4223,discovered
MYB,HSPA8,0.3325,discovered
BRCA1,TAP2,0.395,discovered
IRF1,UGT2B15,0.4091,discovered
CDKN1A,PSEN1,0.3113,discovered
GML,PTGDS,0.4247,discovered
PKM,ATM,0.3834,discovered
IRF1,CTLA4,0.5998,discovered
RELA,IL5,0.3744,discovered
SP1,STAT5A,0.58,discovered
NR5A2,CSRP1,0.4943,discovered
CTCF,FGF1,0.3041,discovered
BAX,MAP3K1,0.4487,discovered
RELA,MCAM,0.3824,discovered
WT1,MT1E,0.4176,discovered
USF1,TFF3,0.3083,discovered
NOTCH2,DDC,0.3054,discovered
GFI1B,MEF2A,0.5062,discovered
MITF,CCL2,0.5436,discovered
SIX3,LDHC,0.6145,discovered
CEBPB,TNFSF14,0.5564,discovered
POU2F1,TFRC,0.4426,discovered
RELA,PLD1,0.3483,discovered
E4F1,CDH1,0.309,discovered
POU2F1,IFNA1,0.4331,discovered
CYP3A7,NTF3,0.444,discovered
FOXQ1,BIRC5,0.4843,discovered
NFYA,ABCA1,0.33,discovered
NAIP,CGB5,0.3114,discovered
MAD2L1,HBA2,0.628,discovered
GMPS,GATA1,0.3051,discovered
KRT10,NOX4,0.6278,discovered
FOXO1,CDKN1C,0.5342,discovered
SERTAD1,ADRA1A,0.569,discovered
CYP27A1,CFTR,0.3356,discovered
MSX2,TFAP2C,0.5532,discovered
SKIL,PPARG,0.744,discovered
EED,CYP19A1,0.4259,discovered
ABCG1,ITGA6,0.4636,discovered
TBX21,ALK,0.3871,discovered
FOS,TLR3,0.4653,discovered
CREB3L1,AR,0.5566,discovered
TFAP2C,BARD1,0.4433,discovered
ACACA,KDM6A,0.3826,discovered
RXRA,ZNF148,0.3659,discovered
E2F1,SLC10A1,0.562,discovered
CEBPB,MPL,0.3532,discovered
JUN,BIRC2,0.3443,discovered
CASP3,CSF2RA,0.3344,discovered
TCF4,LHB,0.4006,discovered
PIK3CA,ARG1,0.3431,discovered
STAT1,STAT5,0.4064,discovered
PITX1,MUC2,0.4465,discovered
FOSL2,ODC1,0.4129,discovered
ATF4,DNASE1,0.4873,discovered
ENO1,NOTCH4,0.3877,discovered
RUNX3,EDEM2,0.5392,discovered
PCGF2,EMSY,0.3318,discovered
SCD5,CDKN1A,0.3302,discovered
CREB1,SOX2,0.4076,discovered
GPR39,MLLT10,0.337,discovered
VDR,IL1RN,0.5958,discovered
NFKB1,APOM,0.5738,discovered
EGR1,PIK3CA,0.5149,discovered
GGPS1,ELF1,0.3441,discovered
TK1,GADD45A,0.3164,discovered
HEXIM1,CYP11B1,0.4411,discovered
BCAS2,POU2F2,0.379,discovered
SATB1,MYH10,0.4496,discovered
CERS2,PAX6,0.4291,discovered
NR3C1,ACP5,0.5104,discovered
CASP8,ATP6V0A2,0.3159,discovered
ESRRA,MMP13,0.5402,discovered
WT1,ME1,0.4658,discovered
POU3F2,SLC2A1,0.5018,discovered
FOXL1,TYR,0.4327,discovered
FOXC1,CDC6,0.3978,discovered
BCL11A,IGF1R,0.3513,discovered
PAX1,BPTF,0.6435,discovered
JUN,PIK3CA,0.4827,discovered
PPARG,TNFSF11,0.4337,discovered
HOXA1,BTG2,0.3755,discovered
RB1,IVL,0.4252,discovered
TBX21,CD36,0.5555,discovered
POU3F2,KMT5A,0.3309,discovered
TGFB1,NME1,0.447,discovered
ZNF300,CBFB,0.5476,discovered
ECD,IL1B,0.547,discovered
DACT3,NOV,0.4431,discovered
AR,HOXD1,0.4579,discovered
NFKB1,GTF2B,0.4961,discovered
GRPR,TBXAS1,0.4239,discovered
GTF2B,AKR1C4,0.3783,discovered
KLF4,SOCS2,0.4437,discovered
NR0B2,NR2F1,0.441,discovered
MEN1,KDM6A,0.5376,discovered
EP300,TXNRD1,0.5013,discovered
PKM,DSG4,0.5104,discovered
ETS1,F7,0.5015,discovered
STAT6,GRHL1,0.4738,discovered
CYR61,RAB3A,0.3679,discovered
ATP2A2,LIPC,0.607,discovered
GTF3C1,HSPA5,0.3335,discovered
MAML1,PDCD5,0.5251,discovered
RUNX3,VCAM1,0.6235,discovered
MS4A2,MIF,0.4053,discovered
KLF2,PDK4,0.5924,discovered
SP2,IL1A,0.3585,discovered
IFI16,CDKN3,0.3936,discovered
HDAC2,IVL,0.3889,discovered
AIRE,WNT7B,0.4152,discovered
KRAS,FOXN4,0.4046,discovered
LEF1,COL4A2,0.412,discovered
STAT5A,KLF12,0.4275,discovered
NCOA4,DEK,0.4257,discovered
PA2G4,CDK2,0.5258,discovered
ZBTB14,ECE1,0.4401,discovered
E2F1,CASP3,0.3392,discovered
RUNX1,RBL2,0.413,discovered
EAF2,TYMS,0.5785,discovered
NFKB1,ELANE,0.5584,discovered
PAX3,CCND1,0.3559,discovered
AIP,COX6A1,0.3146,discovered
CYBB,TOP1MT,0.3782,discovered
MEIS2,BAX,0.3714,discovered
STAT3,CD19,0.3755,discovered
NR1I2,LPIN1,0.3265,discovered
AR,IL10,0.3077,discovered
RELA,CRH,0.4019,discovered
CCNB1,TLR7,0.6075,discovered
TCF3,TG,0.5191,discovered
POU3F1,EDEM2,0.3188,discovered
TP53,CD1D,0.398,discovered
SOS1,FOXD1,0.3272,discovered
TFAP2A,HBEGF,0.3526,discovered
FLI1,NR2E3,0.6562,discovered
ZNF350,SP2,0.3255,discovered
RRM2,CGB3,0.4947,discovered
NFKB1,POU1F1,0.3956,discovered
SP3,JUN,0.4705,discovered
GCK,CSF1R,0.4137,discovered
NFKBIA,NFKB2,0.3645,discovered
JUN,CDH1,0.3288,discovered
SPI1,GSK3B,0.4102,discovered
WHSC1,UCP2,0.5496,discovered
IL10,HEPH,0.3714,discovered
NGFR,GIPR,0.3451,discovered
HDAC1,GNRH2,0.3587,discovered
ATF4,FPGS,0.3273,discovered
PTTG1,PIM1,0.3846,discovered
NFIC,TCF4,0.4814,discovered
FOXO1,BACE1,0.5096,discovered
COL4A2,CXCL1,0.4632,discovered
RELA,MME,0.4445,discovered
PRTN3,A2M,0.3671,discovered
ZBTB5,CALD1,0.3853,discovered
CALB1,MET,0.5963,discovered
KLF7,CDH1,0.4426,discovered
NR4A1,CDK1,0.4885,discovered
NQO2,AGTR1,0.7066,discovered
HMGA2,FPGS,0.4035,discovered
ST6GAL1,NEFL,0.41,discovered
SREBF2,CDKN1A,0.3158,discovered
ATF2,GSTP1,0.6199,discovered
TFPT,IL5RA,0.4787,discovered
GLI1,MPZ,0.4089,discovered
KIT,BEST1,0.6099,discovered
CEBPA,CDKN2C,0.6993,discovered
ELF1,CXCL8,0.3733,discovered
HOXA10,CD4,0.3673,discovered
NBN,CDH1,0.3251,discovered
ERBB4,DBP,0.5054,discovered
HMGA2,PTGS2,0.4306,discovered
USF1,IFNB1,0.4125,discovered
NF1,SLC22A2,0.4455,discovered
USF1,VDR,0.3343,discovered
STAT6,KMT2A,0.4851,discovered
NR3C2,CDK6,0.3016,discovered
HDAC7,PTPN1,0.5101,discovered
GABPA,MYC,0.4387,discovered
RELA,SFRP5,0.3424,discovered
HDAC3,EMSY,0.5359,discovered
ANPEP,MMP3,0.5273,discovered
CREBBP,APOM,0.3923,discovered
YBX1,PCK2,0.3084,discovered
BRCA2,HLA-DOB,0.6248,discovered
PML,PBX1,0.514,discovered
VDR,CDH3,0.4871,discovered
IKBKB,AR,0.4411,discovered
HDAC1,SIAH1,0.398,discovered
HDAC9,PDCD2,0.3235,discovered
IRF8,TIMP3,0.3465,discovered
NR1H3,ME1,0.4143,discovered
CTCF,RHO,0.4274,discovered
NFKB1,SLC10A2,0.68,discovered
MYC,CASP8,0.3997,discovered
AHR,ICAM3,0.4811,discovered
MYB,CXCR4,0.4628,discovered
FOXA2,HLA-C,0.4727,discovered
PPARG,IFNA1,0.6251,discovered
MET,CCL7,0.3026,discovered
PARP1,PBX1,0.3977,discovered
TRIM22,FGF1,0.5267,discovered
DIRAS3,PTGS2,0.5033,discovered
DNASE1,ILK,0.5164,discovered
PAX5,GCLC,0.3636,discovered
NFKB1,SOX3,0.5413,discovered
GATA4,RARA,0.3216,discovered
TIMP2,CYP11A1,0.311,discovered
PANK2,CD4,0.364,discovered
PKLR,CYBB,0.5699,discovered
INSR,GADD45A,0.4516,discovered
HBP1,STAT3,0.5734,discovered
KLF10,TWIST1,0.3129,discovered
TCF12,HBE1,0.3861,discovered
EP300,CIITA,0.4428,discovered
RFXAP,CDK6,0.3937,discovered
DNMT3A,CCNT1,0.3432,discovered
CLOCK,CHGA,0.3032,discovered
FAF1,FOXP3,0.3975,discovered
BRCA1,KISS1,0.7281,discovered
HDAC4,HLA-DOB,0.3437,discovered
MTA1,TOMM34,0.3911,discovered
BTG2,CD44,0.4362,discovered
BRCA1,CDX2,0.5242,discovered
SLC2A1,DBF4,0.5405,discovered
COL1A2,SART3,0.4724,discovered
RORA,FABP5,0.416,discovered
CASP7,CDK4,0.6374,discovered
SRF,DHFR,0.3473,discovered
BCL3,IRF7,0.4369,discovered
SFTPC,ACOX1,0.5919,discovered
MLH1,USP7,0.309,discovered
RICTOR,OLIG2,0.3217,discovered
XBP1,LDB1,0.4319,discovered
CDK4,STARD4,0.5567,discovered
CHEK2,SPRY1,0.3748,discovered
REST,MTA1,0.3675,discovered
NR4A2,CXCL2,0.3594,discovered
RELA,FGF9,0.4329,discovered
TP63,NFKB1,0.3271,discovered
NRF1,UGT1A6,0.6247,discovered
OTX2,ALOX15,0.494,discovered
EHMT2,PDE7A,0.3436,discovered
HSF1,HNF4A,0.5768,discovered
RB1CC1,JAK1,0.3283,discovered
PDCD11,PER2,0.4271,discovered
GLI1,PELO,0.3587,discovered
SHC1,IL5RA,0.4928,discovered
KHDRBS1,SPP1,0.4691,discovered
AR,MADCAM1,0.4072,discovered
UGT2B7,MICA,0.3573,discovered
ACAT2,CDX2,0.3877,discovered
STAT3,HLA-DRB3,0.3114,discovered
HDAC3,GSK3B,0.72,discovered
NFIC,FMO3,0.345,discovered
FOXO4,CXCL8,0.3568,discovered
IL1B,FABP6,0.3168,discovered
F9,VEGFA,0.5327,discovered
MAF,TXN2,0.4116,discovered
CEBPA,MAFA,0.5793,discovered
HSF1,DGCR5,0.6221,discovered
PDE6B,DCN,0.5357,discovered
CD46,GADD45G,0.3246,discovered
RARA,CTPS1,0.3503,discovered
AXIN1,IKBKG,0.561,discovered
CDKN1A,ERBB2,0.3444,discovered
ATF1,NR1H4,0.4634,discovered
NR1I2,LCAT,0.3931,discovered
FOSL1,SERPINE1,0.4128,discovered
CTNNB1,PTPN6,0.4772,discovered
EGR2,TDGF1,0.3661,discovered
NR1D1,TP53I3,0.3249,discovered
GATA4,SERPINC1,0.3942,discovered
PGLYRP2,GPX1,0.3618,discovered
RB1,RNF14,0.7421,discovered
BCL6,AIRE,0.3321,discovered
CASP8,E2F8,0.5393,discovered
PDGFRA,RBP3,0.5153,discovered
PLK1,BEST1,0.3879,discovered
HIF1A,GDF3,0.6723,discovered
FLT3,RUNX2,0.4588,discovered
BDKRB1,AMH,0.3676,discovered
MYC,FHL5,0.4471,discovered
NRAS,FMR1,0.3589,discovered
RAD9A,SYTL4,0.3393,discovered
PREB,ID2,0.3512,discovered
RFXAP,PTPRZ1,0.4708,discovered
CD46,FABP7,0.3864,discovered
TNFRSF10B,TNF,0.3508,discovered
SNAI1,FAS,0.4367,discovered
ADORA3,SLC22A6,0.5528,discovered
MACC1,STAT6,0.3919,discovered
RELA,ZNF202,0.4377,discovered
ETS1,ICAM1,0.5013,discovered
ING4,CD4,0.3306,discovered
TP53,STAT6,0.4756,discovered
FOXO1,TIMP1,0.4197,discovered
SP3,TGFBR2,0.413,discovered
TOP2B,SUZ12,0.3599,discovered
TNF,TIMP2,0.3649,discovered
SP4,EGFR,0.3361,discovered
TYK2,KIT,0.4943,discovered
ATF4,TSC2,0.587,discovered
TFAP2A,ZEB2,0.6649,discovered
HIPK2,UXT,0.3615,discovered
NR0B1,PIGR,0.4512,discovered
MEF2C,HLA-DQA1,0.5774,discovered
JUN,HIST2H2BE,0.4919,discovered
TFDP1,TWIST1,0.5708,discovered
CTSG,FUT7,0.3167,discovered
RELA,RUNX3,0.5398,discovered
NFE2,TK1,0.5827,discovered
ELL,CYP7A1,0.3387,discovered
TFDP3,FABP4,0.536,discovered
MMP11,ESR1,0.3506,discovered
CGB5,MX1,0.5165,discovered
CCNE1,TMPRSS2,0.5205,discovered
SLC1A4,SERPINB1,0.4025,discovered
CTLA4,CYP11B1,0.4931,discovered
ERG,SMUG1,0.4663,discovered
CCNB1,HES1,0.3298,discovered
IRF1,TCF3,0.3513,discovered
FOXA1,CISH,0.5137,discovered
ATF1,PDK4,0.5047,discovered
CCNE1,MAD1L1,0.5546,discovered
E2F1,PRM1,0.5405,discovered
HLA-DRA,FAF1,0.4387,discovered
TEAD1,BIN1,0.3692,discovered
TP63,PIM1,0.3695,discovered
MSH2,MDM2,0.3371,discovered
TLR4,TP53,0.5147,discovered
CDK5R1,SMAD7,0.384,discovered
RFX5,NEUROD1,0.4993,discovered
HCN4,BCL2,0.3858,discovered
PAX2,ONECUT2,0.7803,discovered
EGR1,KLF4,0.6667,discovered
YBX1,UPF2,0.4247,discovered
SPI1,NCOR2,0.4986,discovered
EZH2,DEFA1,0.4446,discovered
ARNT,PGR,0.4451,discovered
POU5F1,HLA-DRA,0.4504,discovered
YY1,TRAF1,0.5053,discovered
GTF2B,TNFRSF11B,0.3601,discovered
ETS1,ATM,0.4002,discovered
GLI2,SFTPD,0.5635,discovered
APC,SLC26A4,0.3966,discovered
ARID3A,RGS4,0.5656,discovered
BCL3,PF4,0.314,discovered
HIF1A,HNF4A,0.4779,discovered
ATOH1,ERICD,0.3396,discovered
LEF1,PAX6,0.3072,discovered
BRCA1,FDXR,0.4295,discovered
ADGRB1,RB1,0.6919,discovered
HIC1,MMP11,0.4072,discovered
SP1,PLIN2,0.4363,discovered
MYC,SIX3,0.4041,discovered
SLCO4C1,NQO1,0.4281,discovered
CCND2,MMP2,0.5177,discovered
HDAC1,PLAGL1,0.3596,discovered
NR1H3,TIMP3,0.64,discovered
SOX17,FUT7,0.6266,discovered
MX1,PSMD11,0.5603,discovered
KLF2,SNAI1,0.5513,discovered
ARID3A,NOS2,0.396,discovered
CDK6,IL2,0.3752,discovered
ZBTB17,CACNA1H,0.6185,discovered
PARP1,IFIT3,0.3746,discovered
ATF2,BCL6,0.4168,discovered
IDO1,CCNC,0.4537,discovered
ETS1,HBE1,0.3274,discovered
MYB,STAT3,0.3198,discovered
PPARGC1A,CYP2C8,0.4135,discovered
HMGXB4,USP21,0.5478,discovered
USF1,HSF1,0.3219,discovered
APOD,SPRY2,0.4782,discovered
MKI67,MYEF2,0.3317,discovered
RELN,TBX5,0.5318,discovered
PITX1,SOX5,0.4381,discovered
ALB,MCM5,0.3226,discovered
PEG3,COL10A1,0.3988,discovered
HDAC2,APOB,0.5463,discovered
FOXO3,FBXO32,0.384,discovered
GRIN2B,PTHLH,0.3478,discovered
ARNT,SPI1,0.4305,discovered
CCL4,PTGS2,0.4509,discovered
SP1,FOXP3,0.3273,discovered
GSK3B,RP1,0.5569,discovered
HSF4,ATP5F1A,0.302,discovered
CNMD,KRT13,0.3156,discovered
CREM,BGLAP,0.3367,discovered
CCND1,TIMP3,0.4859,discovered
MLH1,EGR1,0.5158,discovered
FGF10,PCSK1,0.4248,discovered
HDAC1,IL6R,0.3145,discovered
SATB1,NR1H3,0.3142,discovered
NES,PDK2,0.419,discovered
FOXM1,GSK3B,0.4758,discovered
PITX2,CYP11A1,0.4413,discovered
NFKB1,CYC1,0.5014,discovered
RAP1A,EHMT2,0.5605,discovered
E2F1,NTRK1,0.4755,discovered
SIRT3,PLAT,0.3522,discovered
SPHK1,CDH1,0.5242,discovered
TEF,FXR2,0.4822,discovered
ELK1,AXL,0.5781,discovered
MAFK,COPS5,0.4381,discovered
SOX2,VGF,0.414,discovered
AR,IL5,0.4422,discovered
HEY1,HMOX1,0.3949,discovered
ST3GAL1,CD2,0.4456,discovered
GSC,NFKB1,0.4922,discovered
STAT5,GNAS,0.357,discovered
HLA-F,TRPC1,0.5282,discovered
TCF3,LYL1,0.3945,discovered
SNIP1,DKK4,0.3864,discovered
CREB3L1,CITED2,0.5557,discovered
AREG,APOA1,0.5691,discovered
JUND,SIX5,0.3787,discovered
LEF1,MFSD2A,0.4,discovered
BCAS3,BEX2,0.3811,discovered
IKBKG,SNAP91,0.622,discovered
ETS2,POU5F1,0.3534,discovered
KRT18,STAT2,0.4494,discovered
MYC,PTGS2,0.5833,discovered
NR5A1,ABCG5,0.5007,discovered
TRIM21,KLF4,0.4615,discovered
LTBR,CSNK1A1,0.4058,discovered
TRIM25,TERF2,0.3503,discovered
ZNF423,MC1R,0.4505,discovered
HNF4G,ATP1B1,0.3129,discovered
SEMA6A,HLA-DOB,0.4377,discovered
SMAD4,VEGFD,0.4726,discovered
AGGF1,PDGFRA,0.3958,discovered
ETV4,BACE1,0.4171,discovered
FOXF2,CIITA,0.3999,discovered
NFKB1,BAG3,0.3248,discovered
FUS,CYP19A1,0.353,discovered
SMAD3,AFP,0.3842,discovered
PARP1,CYP3A5,0.5395,discovered
BRCA1,HK2,0.5843,discovered
PARP1,DNMT3A,0.3586,discovered
CDC5L,PRC1,0.5501,discovered
RB1,KIN,0.4083,discovered
E2F1,ARF6,0.4706,discovered
HDAC5,GDNF,0.4158,discovered
ERG,TEK,0.4118,discovered
IFI16,DPYSL2,0.7834,discovered
E2F7,ABCC1,0.3395,discovered
EGR1,NR1H4,0.315,discovered
DVL1,IFNL2,0.3598,discovered
NCOA6,MCAT,0.4212,discovered
ELF3,SOCS2,0.5836,discovered
ATF1,PGR,0.4743,discovered
FOSL1,CCNB1,0.4433,discovered
JAG1,IFNA1,0.4123,discovered
SP3,APP,0.6741,discovered
DDX58,CYP1B1,0.5138,discovered
DDIT3,HOXB4,0.6678,discovered
ETV7,JUND,0.4785,discovered
HDAC1,PDGFRA,0.3336,discovered
POU3F1,AFP,0.3221,discovered
PITX1,IL23A,0.593,discovered
NR1H4,TGM4,0.551,discovered
PIK3CA,SPINK4,0.44,discovered
SNAI2,EDN1,0.6289,discovered
FASN,CDC6,0.6691,discovered
TSC2,CACNA1H,0.3045,discovered
BRCA2,AQP3,0.3991,discovered
E2F1,CDKN1B,0.4952,discovered
KLF13,KLF10,0.4173,discovered
HDAC1,TAP2,0.3371,discovered
RUNX3,NKX2-1,0.4196,discovered
BRCA1,RAG1,0.449,discovered
CHEK1,MCAT,0.4034,discovered
E2F1,ODC1,0.4554,discovered
USF1,TCFL5,0.3205,discovered
GATA4,IGF2,0.3723,discovered
TWIST2,LRP8,0.4718,discovered
GATA2,JUN,0.3764,discovered
PMEPA1,CYP1B1,0.3863,discovered
ERG,C1QBP,0.4447,discovered
E2F4,CST5,0.568,discovered
HIF1A,CSTA,0.4094,discovered
MUC17,CAT,0.3401,discovered
RELA,NMU,0.3375,discovered
ATOH1,CRHBP,0.4464,discovered
CXCL2,MCL1,0.3476,discovered
ETV4,KIT,0.4171,discovered
CDC20,HEY2,0.4315,discovered
NKX2-1,MLYCD,0.4271,discovered
ETV1,MAP1LC3B,0.391,discovered
BRCA1,TIMP1,0.4485,discovered
IKBKB,CXCL1,0.4684,discovered
SRF,SOX18,0.5435,discovered
TBP,ASPH,0.6342,discovered
SOX18,IL1B,0.4351,discovered
NR1H4,RICTOR,0.6611,discovered
NR1I2,STAT3,0.3328,discovered
KLF16,PCK2,0.3583,discovered
PAWR,SLC22A9,0.5469,discovered
FOSL2,ADGRB1,0.37,discovered
PSMD3,TBP,0.5014,discovered
NFKB1,FMR1,0.4997,discovered
JUND,E2F1,0.6245,discovered
LHX6,LAMA1,0.4692,discovered
DNMT3A,FSHR,0.4148,discovered
NFIC,SNAI1,0.5302,discovered
DEFA5,HBG1,0.5667,discovered
CREM,TSG101,0.4608,discovered
ETV7,IGF2,0.3413,discovered
ATOH1,INSR,0.4374,discovered
TP73,CXCL8,0.3725,discovered
ARX,BDNF,0.5689,discovered
YY1,ASAH1,0.484,discovered
CCNB1,FOXA3,0.4024,discovered
PTEN,ACVRL1,0.422,discovered
ESR1,CABLES1,0.3631,discovered
CD33,CDKN2A,0.537,discovered
FOXA1,CYP1A2,0.5727,discovered
IDO1,VEGFA,0.5209,discovered
FLT3,HOXD1,0.3729,discovered
EZH2,KRAS,0.4059,discovered
LIN54,ACAT1,0.3054,discovered
STAT5B,PCK1,0.4111,discovered
PPARG,CITED2,0.4099,discovered
AATF,GSTA1,0.6586,discovered
RELA,NANOG,0.4535,discovered
SIX1,DACT2,0.4634,discovered
FOSB,IGFBP1,0.434,discovered
RUNX2,HLA-F,0.3151,discovered
YBX1,MUC17,0.766,discovered
TBP,ALB,0.4356,discovered
TP63,CYP19A1,0.3025,discovered
VHL,IRF1,0.306,discovered
TCF7L2,CDKN1A,0.3709,discovered
PLAGL2,TGM4,0.4455,discovered
STAT3,FLT4,0.3615,discovered
HSPA8,ABCA1,0.4202,discovered
MEIS1,PTGIR,0.3676,discovered
EPAS1,RUNX3,0.5092,discovered
ETS1,LAPTM4B,0.3191,discovered
NOTCH1,RHOB,0.338,discovered
JUN,RLN1,0.5264,discovered
TFAP2A,NFKB1,0.3955,discovered
POU2F1,EIF2AK2,0.5912,discovered
SMAD2,GPNMB,0.5271,discovered
ETV4,SF3B1,0.4379,discovered
KLF2,SH2D1A,0.3558,discovered
FOXP3,PADI1,0.5265,discovered
NFKB1,ADM,0.5355,discovered
TFAP2A,HOXA2,0.4336,discovered
E2F4,RAB3A,0.3898,discovered
ABL1,ESR1,0.5775,discovered
SPI1,CPT1A,0.3298,discovered
KLF6,IL6,0.4393,discovered
SMARCA4,MBD2,0.4299,discovered
ESR2,PGA5,0.5301,discovered
EZH2,SNRPN,0.3017,discovered
RFX1,SOCS2,0.5345,discovered
HK2,BRD7,0.4523,discovered
GATA3,DAP3,0.4649,discovered
SRF,CCND3,0.5963,discovered
SOX9,KRT18,0.3905,discovered
GNLY,CDKN1A,0.5514,discovered
POU3F1,SOX10,0.339,discovered
PTGES,PRL,0.3663,discovered
NR1I2,ANGPT1,0.4661,discovered
SUGP1,AIRE,0.3342,discovered
CTLA4,LMTK2,0.303,discovered
SOX9,CIAO1,0.611,discovered
RELA,CD1D,0.5532,discovered
CAPN10,DDB1,0.334,discovered
ELK4,SUZ12,0.4258,discovered
FOXE1,TJP1,0.3818,discovered
HDAC9,FGFR1,0.3622,discovered
GALT,HSP90AA1,0.6457,discovered
KDM4B,SOS1,0.4932,discovered
JAG1,EGR2,0.3931,discovered
CRHR1,ALAS1,0.4101,discovered
PHF10,XRCC6,0.3308,discovered
GSC,CSF2,0.3721,discovered
HMGCR,TAF12,0.5057,discovered
SNAP91,RAG1,0.3278,discovered
USF1,GADD45A,0.3135,discovered
STAT3,PROM1,0.3999,discovered
DMRT1,IRF5,0.3418,discovered
TP63,LOR,0.4225,discovered
KLF12,FLI1,0.3772,discovered
S100B,SMUG1,0.3648,discovered
CTLA4,PTP4A1,0.3681,discovered
MITF,PLAT,0.3731,discovered
CDK6,LRBA,0.5111,discovered
ZNF160,SLCO1B3,0.4151,discovered
TFAP2A,CELSR3,0.3406,discovered
HNF1A,DDB1,0.3361,discovered
SP2,CSRP1,0.3979,discovered
CLEC4G,RNF7,0.341,discovered
REST,SOX3,0.7989,discovered
E2F1,SLC2A1,0.4956,discovered
CEBPB,TRIB3,0.4527,discovered
CDCA7L,CRABP2,0.3658,discovered
HDAC7,CDK4,0.3103,discovered
DDX21,BCAS3,0.4262,discovered
ZNF382,YY1,0.3536,discovered
RAD51,MUC1,0.3163,discovered
USF1,CHD4,0.345,discovered
STAT5A,CCK,0.3196,discovered
SP1,BDNF,0.733,discovered
COL1A2,MDM2,0.4366,discovered
MC2R,CHEK1,0.6985,discovered
MSH2,SALL4A,0.336,discovered
PLK1,FGFBP1,0.3419,discovered
CEBPD,IL2RA,0.4238,discovered
MUC3A,NQO1,0.4377,discovered
TP63,ICAM1,0.5321,discovered
ETS1,ARG1,0.3365,discovered
CTCF,E2F1,0.3755,discovered
STAT3,ATF5,0.3525,discovered
IRF1,PKM,0.4337,discovered
APOM,HOXC10,0.6285,discovered
IL1R2,LIN28B,0.3751,discovered
PARP1,MMP9,0.3058,discovered
NANOG,EDEM2,0.5439,discovered
USF1,GAS2,0.5879,discovered
SPI1,HLA-DOA,0.36,discovered
MYCN,SOD2,0.4318,discovered
FOXP3,ALDH1A3,0.3488,discovered
PLK1,SURF1,0.3181,discovered
ETS2,CDKN1B,0.3523,discovered
FOXO1,BCL3,0.4358,discovered
MTOR,CYP11A1,0.7239,discovered
TPH2,VCAM1,0.4415,discovered
SIRT1,APAF1,0.4891,discovered
EZH2,BCL2L1,0.4367,discovered
EP300,FPGS,0.4005,discovered
KLF14,SP2,0.3866,discovered
PGR,SATB1,0.3847,discovered
RFXAP,IL2,0.6027,discovered
CREB1,ITGB7,0.4177,discovered
GALT,KRT13,0.4708,discovered
HDAC1,MEAF6,0.525,discovered
HES1,NFKB1,0.4322,discovered
ID3,SOX9,0.3214,discovered
NFYA,ANPEP,0.3735,discovered
HSF1,TRPM1,0.7439,discovered
IL17RB,MMP14,0.3177,discovered
ATF2,ALDOB,0.4066,discovered
TEAD1,KCNIP3,0.4812,discovered
HOXB13,MMP2,0.5467,discovered
GLI1,FHL1,0.3584,discovered
KDM4B,PSIP1,0.3972,discovered
TDO2,ELF4,0.3834,discovered
TP53,C3,0.4033,discovered
SP4,HLA-F,0.4419,discovered
ETS1,HIP1,0.3604,discovered
ETS1,GATA4,0.7143,discovered
MITF,HBG1,0.3198,discovered
PPARG,LOXL4,0.4939,discovered
TGFBR2,SCTR,0.463,discovered
FOS,LHCGR,0.4771,discovered
ESRRB,CDCA7L,0.367,discovered
CLOCK,ATXN2,0.3083,discovered
IRF1,IL11,0.4754,discovered
POU5F1,GP6,0.3212,discovered
RBL1,GAD1,0.7229,discovered
FOXM1,BACH1,0.6779,discovered
MTOR,BRAF,0.3635,discovered
CIITA,MUC5AC,0.4741,discovered
HDAC7,GJA1,0.3955,discovered
JAK2,APOC3,0.3467,discovered
SMUG1,NFKBIZ,0.4182,discovered
OTX2,CEACAM1,0.4353,discovered
MECP2,DR1,0.4551,discovered
MSX2,RARA,0.4691,discovered
CCL11,ACLY,0.3189,discovered
MEF2D,IGFBP3,0.5663,discovered
FLT3,IL2,0.4537,discovered
WWTR1,NRF1,0.4165,discovered
FOXD3,STAT6,0.3482,discovered
RELA,NRAS,0.4044,discovered
L1TD1,IL10,0.6946,discovered
RARB,HIF1A,0.3884,discovered
HDAC1,COP1,0.3391,discovered
CDX2,INS,0.3794,discovered
FOXP2,FOXF1,0.3905,discovered
BRAF,PPARGC1A,0.4591,discovered
MYC,DCDC2,0.4683,discovered
CD80,FAS,0.4643,discovered
GATA3,ITGB2,0.3827,discovered
SMAD3,ADH5,0.3291,discovered
HLA-DRB3,CDKN2B,0.6384,discovered
SPI1,NELL2,0.3526,discovered
LMX1B,CTSD,0.3401,discovered
STAT5A,SLC26A4,0.5994,discovered
TERF1,IL2,0.7013,discovered
USF2,MUC5AC,0.5414,discovered
XBP1,TALDO1,0.5145,discovered
PDGFRB,SLC19A3,0.5239,discovered
MAF,SOX9,0.4639,discovered
TTF2,PTGS1,0.3956,discovered
CDX2,IL1RL1,0.4145,discovered
CASP8,CSH2,0.6854,discovered
SOX17,BLM,0.4354,discovered
RAB3A,IL2RB,0.3822,discovered
ARID3A,KRT10,0.5228,discovered
PDX1,RECK,0.352,discovered
ZEB2,RB1,0.3182,discovered
RELA,EGLN1,0.581,discovered
TBX21,ETS2,0.3956,discovered
AKT1,MPZ,0.3597,discovered
OSM,NTF3,0.4187,discovered
AR,FCGR3B,0.3369,discovered
NR0B2,HOXA2,0.5485,discovered
MSC,CDKN2B,0.3159,discovered
TP53,CD40,0.5838,discovered
FOS,CDH1,0.4463,discovered
PTGDS,ABCA1,0.6627,discovered
DDX5,ABCB1,0.365,discovered
SLC2A1,ATM,0.4753,discovered
SP3,IFITM5,0.3347,discovered
ATG7,IGFBP3,0.4249,discovered
SLA2,IFNAR1,0.5063,discovered
E2F1,SNAI2,0.7147,discovered
IRF1,JUNB,0.51,discovered
REL,CD80,0.4736,discovered
ZEB1,FASLG,0.4507,discovered
SIGMAR1,CHRNB4,0.3571,discovered
RELA,MST1,0.4438,discovered
ESR1,HOXD3,0.5247,discovered
YY1,CFB,0.3032,discovered
AK4,IL4,0.5767,discovered
ALAS2,CD14,0.3576,discovered
CAD,NPPA,0.376,discovered
HDAC3,LEFTY1,0.5001,discovered
PURA,MYC,0.4118,discovered
HDAC5,JUN,0.3975,discovered
PPARA,SLC9A2,0.3581,discovered
TPT1,NOTCH1,0.385,discovered
RFXAP,CCND2,0.5864,discovered
NR3C1,ZNF652,0.3453,discovered
LMO4,HAMP,0.384,discovered
SETDB1,DEFB1,0.5313,discovered
EZH2,RELA,0.4868,discovered
PPARD,TNFSF14,0.4367,discovered
STAT1,BEST1,0.3329,discovered
ZNF148,ICAM3,0.6103,discovered
FOXD3,MAPK7,0.3367,discovered
STAT1,SPRR3,0.3597,discovered
JUN,FGFBP1,0.3364,discovered
IL5,SMUG1,0.3819,discovered
CEBPD,SI,0.4274,discovered
BCL2L1,FUT7,0.3952,discovered
USF2,TRPS1,0.4026,discovered
PEA15,FOXP3,0.374,discovered
HK2,IVL,0.5866,discovered
CDKN1A,EVPL,0.6592,discovered
PPARG,MEF2A,0.4783,discovered
STAT3,AURKA,0.6467,discovered
ATF4,SOS1,0.3671,discovered
HNF4G,E2F1,0.3887,discovered
MYB,TRPC1,0.4401,discovered
USF1,BAD,0.4159,discovered
HDAC1,C4B,0.3376,discovered
RAF1,IL23A,0.3871,discovered
ZNF410,HTR1A,0.3575,discovered
SRPX,BRCA1,0.5479,discovered
ATM,CFH,0.5137,discovered
ETS2,GDA,0.3967,discovered
NR2F6,FSHR,0.5785,discovered
IL24,CD3G,0.3899,discovered
CD24,SOX2,0.4925,discovered
MAP1LC3B,MMP2,0.3169,discovered
DDIT4,ICAM3,0.4171,discovered
SNAI1,JUNB,0.3484,discovered
MITF,CXCL8,0.3553,discovered
BRCA1,IL11,0.5896,discovered
YY1,SOX10,0.3352,discovered
GLS,MCM6,0.595,discovered
E2F1,LCN2,0.3417,discovered
PIAS2,EGFR,0.5915,discovered
BRCA1,UHRF1BP1,0.4594,discovered
NKX2-5,MAP1LC3A,0.4692,discovered
XRCC6,SLC5A5,0.4045,discovered
IFNB1,ALOX5,0.3033,discovered
DBP,BRCA2,0.3073,discovered
HAP1,IRF1,0.3931,discovered
REL,CDA,0.5477,discovered
KAT5,SSTR1,0.3633,discovered
FOXA1,CARM1,0.3772,discovered
SRF,CXCL8,0.3926,discovered
TERF1,PF4,0.3299,discovered
HAND2,FOS,0.3361,discovered
CREM,ITGA5,0.3674,discovered
STAT1,APOB,0.5194,discovered
HNF1A,PKP3,0.4053,discovered
RNF8,TJP1,0.3887,discovered
CNOT7,DPYSL2,0.4331,discovered
YY1,GDF15,0.5832,discovered
TAPBP,STAT5B,0.5309,discovered
SPIB,SOS1,0.4379,discovered
MYC,HNF4A,0.5419,discovered
MYBL2,CD4,0.3839,discovered
NFKB1,KISS1,0.3583,discovered
TFAP2C,NFKBIB,0.6003,discovered
RUNX3,COL1A2,0.5234,discovered
IRF9,LEFTY1,0.4048,discovered
NPM1,NGFR,0.5314,discovered
E2F1,RET,0.3198,discovered
HMGCS1,TRRAP,0.3472,discovered
NFKB1,MUC4,0.4525,discovered
RARA,PLD1,0.3284,discovered
EP300,MCM5,0.4317,discovered
NEFL,FOXD3,0.3769,discovered
ETV7,UGT2B7,0.4613,discovered
AMH,CYP2B6,0.4461,discovered
IGF1,USF2,0.3535,discovered
AR,PER3,0.3467,discovered
TBX3,UBE2I,0.4172,discovered
HSF2,PARP1,0.5716,discovered
SMAD4,BRCA1,0.305,discovered
HDAC2,COL10A1,0.367,discovered
OTX2,FOXI1,0.5421,discovered
JUN,BCL2L11,0.4156,discovered
KLF10,DCT,0.3903,discovered
WT1,MFN2,0.5011,discovered
AURKA,ABCB11,0.3084,discovered
IL12RB2,RAD51,0.368,discovered
STAT3,BGLAP,0.3931,discovered
PPARA,DACT3,0.4656,discovered
KLF8,CIAO1,0.4257,discovered
MITF,ZNF148,0.578,discovered
PML,E2F3,0.332,discovered
HOXB7,SLCO1B3,0.3085,discovered
F2R,SI,0.4296,discovered
CHD8,CTSK,0.4106,discovered
STAT6,GATA2,0.3938,discovered
RELA,MLH1,0.4441,discovered
CDX2,NPSR1,0.5272,discovered
GSC,NPSR1,0.4406,discovered
ZFP36L1,MMACHC,0.3166,discovered
PIAS1,TGFB1,0.4294,discovered
POU2AF1,DNMT3A,0.3922,discovered
GATA4,ABCB1,0.3909,discovered
TP53,ALOX15,0.7604,discovered
YY1,WWC1,0.3269,discovered
AHR,CDC34,0.3141,discovered
CIITA,DNMT3B,0.4723,discovered
SEPT7,HBA2,0.3159,discovered
DNMT1,CYP3A4,0.5803,discovered
GATA1,PRKCB,0.3472,discovered
IFNL2,TCF7L2,0.3358,discovered
LEF1,GRM2,0.3889,discovered
CDK6,LPL,0.5014,discovered
IRF1,TWIST1,0.6606,discovered
HNF1A,L1TD1,0.55,discovered
LEF1,PSG5,0.4201,discovered
PKM,EAPP,0.3699,discovered
TSLP,ESR1,0.5668,discovered
SATB1,IKBKG,0.3567,discovered
PGR,ZNF274,0.4945,discovered
SP3,EDN1,0.5744,discovered
SLC2A1,DUSP6,0.3255,discovered
JUN,PREB,0.5286,discovered
STAT3,MADCAM1,0.3544,discovered
HOXA7,CDKN1B,0.3707,discovered
NOTCH2,TP53,0.5443,discovered
SPI1,IGF2BP2,0.4749,discovered
NFKB1,TSC22D1,0.3533,discovered
ATF6,EZR,0.323,discovered
NPAS2,IDE,0.6464,discovered
RUNX1,ADAM17,0.3772,discovered
HR,E2F1,0.4127,discovered
GDA,TNF,0.5052,discovered
MUC17,IRS2,0.5232,discovered
GFI1,IFNAR1,0.599,discovered
XPC,KIF2C,0.4585,discovered
BAK1,TLX2,0.3556,discovered
GZMB,ACKR3,0.4915,discovered
CIITA,NCOR1,0.3991,discovered
HLA-DQA1,FOXP3,0.3937,discovered
PTBP1,FBXO32,0.3791,discovered
IRF1,DDX18,0.6199,discovered
POU2F2,MEF2C,0.4381,discovered
BAD,SLC2A1,0.4655,discovered
ETS1,MZF1,0.3981,discovered
FOXA2,CLU,0.4537,discovered
TLE3,CD40,0.4315,discovered
SART3,PTGS2,0.3914,discovered
TCF7L2,DKK3,0.4361,discovered
SMAD3,ATF5,0.7778,discovered
SERPINB5,L1CAM,0.3081,discovered
HDAC10,IPO13,0.3336,discovered
GLI2,INS,0.4893,discovered
BRCA1,CLOCK,0.375,discovered
RELA,ISYNA1,0.6671,discovered
TBX21,CASP9,0.416,discovered
GATA4,PLAT,0.3597,discovered
HNF1B,MYC,0.4508,discovered
EWSR1,TYR,0.5192,discovered
ERG,NDRG1,0.3812,discovered
SNAI1,NAMPT,0.4601,discovered
CTCF,CD2,0.4377,discovered
BAD,FST,0.7071,discovered
NANOG,FAS,0.4037,discovered
GLI2,ABCC3,0.5014,discovered
PKM,CYP11B1,0.5887,discovered
FOS,PLD1,0.4366,discovered
NFYB,TRAF1,0.5309,discovered
ATR,ATF5,0.5629,discovered
EP300,AREG,0.5317,discovered
STAT1,CD247,0.5812,discovered
ING1,PTAFR,0.3459,discovered
NFYA,BHLHE41,0.5481,discovered
MMP2,MMP12,0.5979,discovered
GATA1,MLANA,0.5685,discovered
STAT1,HLA-B,0.5094,discovered
HDAC9,DNAJC3,0.3959,discovered
GATA4,PIM1,0.5929,discovered
ETV4,BCL6,0.3858,discovered
PAX2,KRAS,0.4219,discovered
SRF,MED15,0.362,discovered
AR,HIF1A,0.3776,discovered
WT1,OPRM1,0.3451,discovered
EP300,BHLHE40,0.3286,discovered
HTR1A,VDR,0.5397,discovered
CLOCK,TOP1MT,0.5573,discovered
KLF4,XBP1,0.5712,discovered
WT1,MPL,0.3372,discovered
TBC1D22A,MAPK1,0.3025,discovered
DDIT3,IGF1,0.6129,discovered
MYCN,ADRA1A,0.3239,discovered
CYP4F12,ESR1,0.446,discovered
MYC,YY1,0.7204,discovered
TP53,SMUG1,0.4529,discovered
SLC25A20,CTNNB1,0.4284,discovered
PER2,MMP3,0.3407,discovered
E2F1,CR2,0.4823,discovered
SPI1,MMP1,0.6347,discovered
ING1,ABCC6,0.3235,discovered
CDC20,CYP27B1,0.3887,discovered
EZR,CCL5,0.4758,discovered
CDK6,THBD,0.3858,discovered
ETS1,CSRP1,0.4312,discovered
SREBF2,BAD,0.5192,discovered
SREBF1,CREBBP,0.3259,discovered
ILK,CDKN1C,0.3245,discovered
POR,SP3,0.5584,discovered
SP1,MCM4,0.4327,discovered
RXRA,CASP3,0.4581,discovered
HOXA7,CEACAM5,0.3758,discovered
POU5F1,GLI1,0.4833,discovered
NPM1,POU2F3,0.4817,discovered
HOXA10,KIT,0.5848,discovered
HDAC5,SLC6A3,0.4633,discovered
TBX2,PLIN1,0.3504,discovered
CDKN1A,CD22,0.5404,discovered
MAFG,ACSL1,0.3111,discovered
MYB,CSH2,0.5761,discovered
SP1,MMACHC,0.3015,discovered
MEF2A,NEUROG3,0.332,discovered
SREBF1,TYK2,0.4403,discovered
MYCN,FUT7,0.5926,discovered
HOXC11,ITGAX,0.562,discovered
MYB,IDO1,0.695,discovered
MAF,CDKN2A,0.4392,discovered
EGR3,FAT1,0.3918,discovered
E2F7,CSTA,0.5041,discovered
CCND1,SF1,0.3537,discovered
KLF10,MCL1,0.3949,discovered
ERBB2,CTNNB1,0.3645,discovered
SPI1,A2M,0.4349,discovered
AKT1,CSF3R,0.401,discovered
SP2,ODC1,0.5688,discovered
EP300,TNFRSF11B,0.4109,discovered
JUNB,CDKN1B,0.5666,discovered
CDC25B,U2AF2,0.3299,discovered
NQO2,MAOB,0.5052,discovered
TLE3,PGF,0.3688,discovered
MBD2,TYRP1,0.4373,discovered
NR2F6,CYR61,0.3631,discovered
HPSE,MCAT,0.3284,discovered
RXRA,TP53,0.4053,discovered
BCL6,MUC4,0.6506,discovered
SP1,BTG2,0.3163,discovered
SP4,NOS1,0.5048,discovered
MLLT10,CYP3A7,0.3919,discovered
PRDM1,CCND1,0.4479,discovered
XRCC5,ASAH1,0.4173,discovered
IRF9,TNFRSF10A,0.4181,discovered
BRCA1,HIC1,0.4038,discovered
TFAP2A,SRF,0.4077,discovered
GATA4,FOS,0.3344,discovered
WT1,COL11A2,0.5226,discovered
TP53,CA9,0.4019,discovered
HDAC1,IGF1R,0.3507,discovered
CPEB1,CGB5,0.3782,discovered
NFKB1,CDH2,0.3657,discovered
PGR,LYL1,0.5781,discovered
HDAC7,TP53,0.3049,discovered
ZNF335,REPS2,0.4142,discovered
PBX2,TERT,0.5911,discovered
CREB1,ADH1A,0.5724,discovered
RAP1A,MST1,0.4432,discovered
ETS2,IRF2,0.3582,discovered
HDAC7,GYPB,0.3727,discovered
REST,ILK,0.3662,discovered
TRAF6,FAS,0.3307,discovered
CIITA,PAX6,0.5154,discovered
FGF9,SOX9,0.3412,discovered
HMGA1,SIRT1,0.4513,discovered
TWIST1,ARF1,0.3412,discovered
EED,ZNF202,0.7118,discovered
ETS1,PAX6,0.4087,discovered
SPI1,MAT2B,0.3523,discovered
MYC,HMGA1,0.5332,discovered
MSC,COL11A2,0.4821,discovered
POU5F1,HTT,0.313,discovered
STAT1,FBXO32,0.3856,discovered
USF1,EGFR,0.3884,discovered
RELA,ESR1,0.4594,discovered
MYB,EN1,0.4275,discovered
TP53,TAF7,0.4643,discovered
FOXD3,ILK,0.3579,discovered
CD36,FBXO32,0.4364,discovered
ZNF239,ABCB1,0.4709,discovered
POU2F1,CD40,0.3798,discovered
HOXB1,CXCL5,0.3678,discovered
MYC,MEF2C,0.4422,discovered
DNASE1,FOXA3,0.5331,discovered
SP1,ACP5,0.4969,discovered
GRHL1,SURF1,0.344,discovered
HLA-C,HIF1A,0.5617,discovered
PIK3CA,GCSAM,0.3234,discovered
HLA-DRB5,GJB1,0.3665,discovered
ZNF382,KPNA2,0.3116,discovered
HOXB7,ASPM,0.3815,discovered
NFYA,FABP7,0.3021,discovered
MED1,FCER2,0.4565,discovered
BHLHE41,TGIF1,0.4365,discovered
KLF6,ETS2,0.3467,discovered
STAT1,TLR2,0.446,discovered
HDAC3,MYCBP,0.3024,discovered
RELA,NFIC,0.4153,discovered
SIX6,LDHA,0.3295,discovered
CTCF,CDKN1B,0.4033,discovered
LIMD1,TERT,0.3212,discovered
RBPJ,CCNE1,0.4299,discovered
NPHS1,MCM3,0.504,discovered
TIMP2,PRAM1,0.3103,discovered
TFAP2A,WRN,0.3235,discovered
RUNX3,GKN2,0.3064,discovered
MTOR,MLLT3,0.3595,discovered
SOX2,NOX4,0.4435,discovered
NR1I2,ECM1,0.3165,discovered
ERN1,ITGA9,0.3186,discovered
BMI1,DKK1,0.5745,discovered
LPIN1,IL2RA,0.3563,discovered
NR3C2,MEN1,0.3496,discovered
CREBBP,AR,0.3497,discovered
ZEB1,CCL5,0.5823,discovered
PANK2,MDM4,0.3428,discovered
RELA,IL6ST,0.5237,discovered
FABP4,CCR5,0.5595,discovered
CRISP1,CEBPA,0.3487,discovered
FOXD3,CDKN1A,0.6603,discovered
IL27,PSIP1,0.3053,discovered
FOXP1,CDX2,0.3104,discovered
EP300,ATP2A2,0.3526,discovered
BCL2L13,HOXA10,0.6812,discovered
SOST,AGT,0.4998,discovered
POU2F1,BAD,0.3186,discovered
CXCL2,LHX3,0.4149,discovered
ETS1,SLC20A1,0.401,discovered
FOXO1,NR2E3,0.748,discovered
SLC2A1,MAVS,0.6055,discovered
EP300,BRAF,0.4035,discovered
CREB1,SMAD7,0.5026,discovered
PRSS50,CTNNB1,0.3656,discovered
SOX10,CD14,0.3267,discovered
KCNMA1,F3,0.3478,discovered
MYCN,PIAS2,0.3186,discovered
NFYB,SLC2A1,0.4538,discovered
TWIST1,APP,0.4204,discovered
FOXM1,CXCL12,0.6307,discovered
PRDM1,POU5F1,0.3415,discovered
KRAS,MSMB,0.4657,discovered
TNFRSF21,POU4F2,0.4841,discovered
KLF2,DIRAS3,0.3253,discovered
PPARG,PCK2,0.5045,discovered
PDCD11,TRA,0.4049,discovered
WWP1,CD163,0.3491,discovered
KRAS,APP,0.3535,discovered
SATB1,CDKN1A,0.3542,discovered
YY1,BHLHE41,0.4971,discovered
SMARCA4,CDK6,0.6996,discovered
RFX5,IRF4,0.4275,discovered
SIRT1,TAP1,0.3072,discovered
CEBPB,HSD11B2,0.5582,discovered
FOXL2,LGALS3,0.4554,discovered
STAT3,PCSK2,0.5467,discovered
PDCD11,GAD1,0.3169,discovered
ZNF148,ABCB1,0.3156,discovered
HIF1A,CPEB1,0.3324,discovered
REL,SOCS1,0.6418,discovered
CDH1,COMP,0.5094,discovered
ETV6,IL4,0.3905,discovered
KLF4,MYC,0.3607,discovered
TAL1,HIF1A,0.5456,discovered
HIF1A,IL13,0.3884,discovered
ZEB2,IRF4,0.4175,discovered
XBP1,BTG1,0.4162,discovered
SOCS1,CDKN3,0.3856,discovered
TNFRSF12A,CYP2C9,0.4583,discovered
BTAF1,ESRRA,0.6447,discovered
IL2RA,CD19,0.4038,discovered
AR,HSPB1,0.4858,discovered
SIRT1,CCNB1,0.4263,discovered
RNF8,SLC39A8,0.4887,discovered
SOX17,CSF3R,0.4601,discovered
PDE5A,TNFRSF10B,0.3828,discovered
FCGR1A,PRL,0.384,discovered
ERVFRD-1,UXT,0.3011,discovered
RUNX2,CASP8,0.3386,discovered
SP1,IRF1,0.3124,discovered
SMAD7,TBXAS1,0.5277,discovered
GLIS3,CXCR4,0.3185,discovered
POU2F1,PPP1R13B,0.3674,discovered
NFIC,ACKR3,0.6082,discovered
RUNX3,GP6,0.4932,discovered
CYP11A1,SAA1,0.3801,discovered
NR1H3,IGF2,0.6923,discovered
SP3,FOXM1,0.4901,discovered
MEF2C,BIRC5,0.4448,discovered
NFKB1,TGFBR2,0.4121,discovered
HMGA1,HSPA4,0.5198,discovered
ARID1A,SRC,0.3225,discovered
HIF3A,ATM,0.5222,discovered
TCF4,LIPE,0.3779,discovered
RELA,PBX2,0.441,discovered
NFKB1,TGFA,0.3646,discovered
NFYA,CAT,0.3282,discovered
KDM4B,TGFA,0.4725,discovered
STAT3,HSD17B6,0.6092,discovered
FOXM1,DLX4,0.4738,discovered
CREB1,MIA,0.4994,discovered
PML,SCT,0.5158,discovered
CREB1,AURKA,0.3327,discovered
CEBPD,NRF1,0.5636,discovered
STAT3,SNAI1,0.3066,discovered
E2F1,IRF5,0.3187,discovered
YBX1,CDK6,0.384,discovered
POU2AF1,CYP19A1,0.489,discovered
HDAC1,APBB1,0.3703,discovered
LIN28A,RCC1,0.3054,discovered
MEN1,FBP1,0.6672,discovered
SUMO1,SOD1,0.4182,discovered
CTCF,PDCD1,0.3363,discovered
NR1H4,STAR,0.3597,discovered
SIRT1,TOE1,0.5325,discovered
AURKA,KLK3,0.5535,discovered
CIITA,DNASE1,0.3342,discovered
STAT5A,ALK,0.3632,discovered
IRF3,MYC,0.4238,discovered
RBMX,CCNG2,0.4763,discovered
ZBTB2,SERPINB5,0.4093,discovered
PTEN,WISP2,0.4385,discovered
CCL3,MMP13,0.4437,discovered
MXI1,CPEB1,0.4971,discovered
WT1,DDB2,0.7457,discovered
ERBB2,NOV,0.7114,discovered
ABCC4,CCND1,0.4363,discovered
IRF1,TPMT,0.3665,discovered
JUN,ADORA2A,0.4463,discovered
ATM,UPP1,0.4286,discovered
IGF1R,MAT2A,0.4955,discovered
FOXA1,ECT2,0.3826,discovered
CD70,TP53,0.3116,discovered
BRCA2,CCND1,0.4072,discovered
PHB2,RCAN1,0.3867,discovered
ZBTB14,FBN1,0.6206,discovered
DPYSL2,ERBB2,0.3775,discovered
JUN,ZNF274,0.373,discovered
MYC,PRG2,0.3772,discovered
CSNK2B,E2F3,0.5053,discovered
FOSL2,NME1,0.3925,discovered
NR3C1,TAF4,0.3228,discovered
CTLA4,BCL2L11,0.6438,discovered
KAT5,NOX1,0.5275,discovered
TBX2,UGT1A10,0.4482,discovered
VIP,GCSAM,0.3224,discovered
MYC,PTN,0.4857,discovered
PTTG1,TFF3,0.4181,discovered
HLA-G,CEP55,0.3791,discovered
FOXA2,ZFHX3,0.333,discovered
SPDEF,SMARCA4,0.5071,discovered
MYCN,TFF2,0.4035,discovered
ZNF350,SMAD4,0.5507,discovered
CD46,SPRY1,0.4192,discovered
IVL,IL2,0.3694,discovered
RAF1,OCLN,0.6391,discovered
HDAC4,TERF2,0.3599,discovered
TPT1,ARNTL,0.6808,discovered
ZNF382,MDM2,0.3627,discovered
PLAG1,CDKN1A,0.3439,discovered
TFAP2A,SOCS1,0.4547,discovered
ITGAM,EXO1,0.3724,discovered
NFKB1,SOX1,0.3314,discovered
HDGF,STAT5A,0.3276,discovered
SF1,CCND2,0.5323,discovered
RECK,CYBB,0.3927,discovered
ETV6,NFKBIB,0.4824,discovered
BRCA2,TFF1,0.4301,discovered
CA9,MT1E,0.5518,discovered
KRAS,PER3,0.6297,discovered
SIRT1,SOX9,0.3556,discovered
TBX2,TAP2,0.3605,discovered
ING2,SART3,0.5944,discovered
VHL,IL6,0.3286,discovered
GATA1,APBB1,0.4305,discovered
GCM1,PLK1,0.3961,discovered
LMO2,TPT1,0.3854,discovered
RELA,FAP,0.4222,discovered
MEP1A,CRABP2,0.7781,discovered
SPI1,AGTR1,0.4065,discovered
FOXM1,JUND,0.44,discovered
CEBPA,SLC22A6,0.4073,discovered
ZNF175,CYP2C9,0.3165,discovered
SMAD7,KRT16,0.3305,discovered
NFKB1,PLXNA1,0.3186,discovered
TFAP2C,XIAP,0.4194,discovered
SIX6,B4GALT5,0.3551,discovered
PAWR,PDGFRA,0.4388,discovered
SMARCA4,TMPRSS2,0.4725,discovered
MYBL2,OGG1,0.3184,discovered
GATA1,BIRC7,0.5203,discovered
SOX10,GUCY2C,0.4278,discovered
MYCN,GFI1B,0.4654,discovered
E2F6,SLC19A3,0.3836,discovered
SLC25A20,CXCL10,0.3402,discovered
TNFRSF21,TRPC1,0.4782,discovered
ABL1,GDF15,0.308,discovered
NUPR1,LIN28A,0.4033,discovered
OLIG2,SND1,0.5012,discovered
SCD5,PDCD2,0.521,discovered
XBP1,GABPB2,0.348,discovered
RSPO2,SLC20A1,0.4592,discovered
L3MBTL1,S100P,0.3895,discovered
FOSL1,IL2,0.4388,discovered
ZEB1,ATP1B1,0.5525,discovered
STAT1,MMP10,0.5671,discovered
PER2,PTPN6,0.6322,discovered
AK4,APOA2,0.4614,discovered
TRIM21,BAX,0.3588,discovered
RB1,GUSB,0.3768,discovered
RUNX2,CXCL8,0.4216,discovered
PRDM2,KRT7,0.6381,discovered
SPDEF,MGAT5,0.4653,discovered
YY1,CXCL8,0.4137,discovered
BCL6,BIN1,0.3747,discovered
SIRT1,ACACB,0.3437,discovered
SP3,LAMB1,0.4667,discovered
TINF2,VHL,0.425,discovered
FUT7,TWIST2,0.4075,discovered
HDAC1,CD4,0.3781,discovered
ASXL1,S100A10,0.3111,discovered
PROX1,PSG7,0.4235,discovered
SPAG6,CCL19,0.4123,discovered
HNF1A,DNMT1,0.5808,discovered
PIK3CD,CRYGC,0.462,discovered
NFYC,CDKL5,0.355,discovered
CD274,SNAI2,0.3877,discovered
POU2F1,SLC2A4,0.4547,discovered
SERPINB9,TBX2,0.3469,discovered
IRF4,LPL,0.5177,discovered
HOXA10,NRAS,0.3827,discovered
SIRT1,MMACHC,0.4199,discovered
TNFSF11,TP53,0.5005,discovered
PARP1,RECQL4,0.6671,discovered
ATF3,CCK,0.3021,discovered
NFYA,UGT2B15,0.4757,discovered
RARB,MMP9,0.3888,discovered
TRIM28,PHOX2A,0.3296,discovered
TFAP2A,CCND1,0.3676,discovered
JUN,ABCB11,0.3157,discovered
RBL2,CDKN1A,0.3703,discovered
LHX6,XPO1,0.5962,discovered
NFIC,PRODH,0.6138,discovered
SIM2,IL6,0.3247,discovered
FGF10,TP53,0.3052,discovered
STAT3,FCGR3B,0.5327,discovered
PAX6,SERPINC1,0.3826,discovered
PRKCB,LIN28A,0.4182,discovered
ILK,PLIN2,0.6235,discovered
INO80,IL1B,0.391,discovered
TP53,DKK3,0.3958,discovered
TBR1,SLC2A4,0.4933,discovered
ANGPTL4,PAX6,0.438,discovered
PDGFRB,SOD2,0.6065,discovered
CYP7B1,CTNNB1,0.3364,discovered
CASP8,ABCB8,0.325,discovered
MYC,PPARA,0.549,discovered
GATA3,ELL,0.3567,discovered
MYCN,DIRAS3,0.3939,discovered
EED,STAT3,0.616,discovered
MDM4,MLH1,0.4005,discovered
SNAP25,SNCB,0.5491,discovered
S100A7,ST2,0.4059,discovered
ATF4,UGDH,0.3447,discovered
HLA-C,FOS,0.4096,discovered
PITX3,WBP1,0.3458,discovered
RELA,INS,0.4472,discovered
FOXC2,ZEB1,0.4053,discovered
USF1,ZNF267,0.3238,discovered
RFX1,PRSS50,0.546,discovered
HMGA1,E2F1,0.354,discovered
JUN,CD40LG,0.4462,discovered
EGR1,CYP7A1,0.4942,discovered
SIRT1,GM2A,0.4032,discovered
ING2,TP53INP1,0.5932,discovered
NFYC,CCND1,0.6235,discovered
GATA2,KLK3,0.6189,discovered
MTF1,IL21,0.6204,discovered
MSC,PTGFR,0.3102,discovered
IKBKB,BAX,0.3696,discovered
BAX,ALDOB,0.5081,discovered
MYC,CASP7,0.3428,discovered
FOXH1,HES1,0.4128,discovered
MET,CDC20,0.3537,discovered
NFKB1,CYBB,0.5378,discovered
NKX3-1,FMR1,0.5279,discovered
NKX3-1,TFF1,0.3218,discovered
JCHAIN,CYP19A1,0.4908,discovered
CEBPA,ONECUT1,0.407,discovered
RB1,WWP1,0.4337,discovered
SND1,CTNNB1,0.5019,discovered
ELK1,CXCR4,0.5532,discovered
GTF3A,MPZ,0.3165,discovered
SIAH1,SKP2,0.4269,discovered
ZFP36,COL1A1,0.3358,discovered
NFKB1,COL18A1,0.4274,discovered
SP3,MEFV,0.4661,discovered
BATF3,TAP2,0.3393,discovered
NR2F1,SSPN,0.3766,discovered
PAX5,BIN1,0.4068,discovered
SLC39A8,ABCB11,0.381,discovered
KDM6A,IFNG,0.3223,discovered
GGPS1,CYP11B1,0.3533,discovered
PBX2,PTGDS,0.5256,discovered
ARID1A,HLA-C,0.5604,discovered
YY1,TMPRSS2,0.3257,discovered
IRF1,AR,0.3797,discovered
MCL1,MITF,0.6532,discovered
SIM2,CYP1B1,0.3178,discovered
IRF5,MCL1,0.3537,discovered
GATA6,RAD51,0.5078,discovered
SLC2A1,LAG3,0.518,discovered
HIF1A,SYN1,0.5105,discovered
AR,PTPA,0.3254,discovered
STAT1,ERBB2,0.3879,discovered
GRIN2B,TCF7L2,0.4816,discovered
E2F1,CXCR1,0.4499,discovered
GATA1,TGFBI,0.4481,discovered
NFKB1,BECN1,0.4745,discovered
KDM4B,TP73,0.5191,discovered
VDR,ODC1,0.4669,discovered
DNASE1,GSK3B,0.3733,discovered
E2F4,PPP1R13B,0.3728,discovered
SLC2A3,ETV4,0.3799,discovered
FOXQ1,IL6,0.4316,discovered
SPI1,CFTR,0.4844,discovered
TGIF1,TSHB,0.4265,discovered
APC,KRT20,0.4813,discovered
RELA,SPI1,0.461,discovered
MYB,ERBB4,0.5477,discovered
GPNMB,TAC3,0.322,discovered
POU2AF1,PLK1,0.3246,discovered
CAD,CYBB,0.3243,discovered
ABCG2,CD274,0.401,discovered
ETS1,SRY,0.3361,discovered
GATA3,CRYAB,0.4166,discovered
CDX2,REN,0.3248,discovered
IRF1,SOCS7,0.4651,discovered
NR1I2,CYP7B1,0.4082,discovered
ETV1,SCD,0.4187,discovered
RELA,SLC9A1,0.6086,discovered
FLT4,ABCC3,0.3697,discovered
NR5A1,FOXA3,0.3609,discovered
SMAD4,NOV,0.4134,discovered
HIF1A,MMP3,0.3308,discovered
MTA1,TCF7L2,0.7087,discovered
XPC,CEBPD,0.3884,discovered
RUNX1,MYC,0.4118,discovered
TWIST2,KLF6,0.3074,discovered
FOXM1,USP7,0.3289,discovered
NPAS3,SPAST,0.4907,discovered
BRCA1,CEP55,0.7663,discovered
PAX5,CCNE1,0.6195,discovered
HRK,HSPA5,0.3661,discovered
SREBF1,POU3F4,0.313,discovered
CEBPE,CCL17,0.4715,discovered
TCF3,CTNNB1,0.4024,discovered
UGT1A4,PRL,0.591,discovered
FOSL1,MKNK2,0.5476,discovered
AR,PADI1,0.3806,discovered
TBP,PTEN,0.5015,discovered
ALK,CD69,0.6054,discovered
FTH1,SMURF2,0.3642,discovered
NR2F1,CDKN1B,0.3827,discovered
ETS1,KLF12,0.3813,discovered
TP53,PFKFB3,0.5306,discovered
GLI2,PLK1,0.3037,discovered
E2F1,TCERG1,0.3117,discovered
MYC,PDGFC,0.5586,discovered
FOXM1,ZNF444,0.3913,discovered
ATP6V0A2,CDK11B,0.4074,discovered
GATA1,MYC,0.7289,discovered
DDIT3,TNF,0.3472,discovered
HCFC1,CHEK1,0.387,discovered
GATA2,SNAI1,0.6016,discovered
RFX2,CXCL12,0.3555,discovered
DNMT3A,ACTA2,0.3836,discovered
KLK4,RPTOR,0.4534,discovered
GABPA,SF1,0.4484,discovered
KCNMA1,ACKR3,0.4351,discovered
NCL,ME1,0.4831,discovered
LIN28A,MEF2C,0.4594,discovered
SUPT3H,CDH17,0.3844,discovered
ETF1,FAS,0.4287,discovered
NR1H4,COL7A1,0.3468,discovered
STAT3,PRKCB,0.3553,discovered
HMGA2,PTHLH,0.4832,discovered
SPI1,NR3C1,0.3614,discovered
WWTR1,HLA-DQB1,0.4651,discovered
EGR1,TWIST1,0.6988,discovered
SLC2A1,ULBP1,0.4429,discovered
PRKAB1,TNF,0.3446,discovered
SMAD4,LEP,0.5437,discovered
HDAC9,IFNG,0.3082,discovered
MYB,UGT2B15,0.3241,discovered
ZNF410,HMGCR,0.6674,discovered
GATA2,BDNF,0.3804,discovered
PTPA,CETP,0.6075,discovered
CREB1,KIR2DL3,0.3017,discovered
DHRS2,HOXC8,0.7102,discovered
ATXN7,KCNH2,0.3274,discovered
ELK4,TNFSF11,0.5974,discovered
SP1,SFRP5,0.6002,discovered
SP1,FGF2,0.3181,discovered
KDR,TAPBP,0.347,discovered
IRF8,UGT1A6,0.3709,discovered
NANOG,MUC2,0.4459,discovered
CDK6,HSF1,0.4213,discovered
CIITA,SELE,0.4422,discovered
SP1,ARHGEF1,0.4127,discovered
PGF,ZNF268,0.4387,discovered
PFKFB3,EGFR,0.3315,discovered
JUN,PTGER4,0.5202,discovered
GSC,TEK,0.3317,discovered
PITX2,G0S2,0.6169,discovered
NFKB1,XPA,0.4174,discovered
EAF2,GNRH2,0.5847,discovered
MYCN,MAPK1,0.609,discovered
EBF1,KAT2B,0.4311,discovered
IL12RB2,HAP1,0.3975,discovered
BMP4,ARF1,0.3897,discovered
CHEK2,BAX,0.4291,discovered
JUND,GLI1,0.4327,discovered
ETV4,DST,0.6357,discovered
AGGF1,MTA3,0.6943,discovered
NFIL3,CDKN1A,0.3823,discovered
TOPBP1,UHRF1,0.3912,discovered
LILRB2,SLC2A1,0.585,discovered
TRIM28,KLK3,0.581,discovered
RARA,CDC25A,0.454,discovered
EBF3,AFP,0.4135,discovered
PAX3,FASLG,0.4103,discovered
ONECUT1,HES1,0.5064,discovered
ABCC2,SOX14,0.5801,discovered
PITX2,DLL1,0.4021,discovered
UMOD,NOD2,0.6088,discovered
BCL6,ING1,0.4843,discovered
RLN1,BHLHE40,0.4284,discovered
MYBL1,EDEM2,0.3768,discovered
PAX4,SKP2,0.6,discovered
TFAP2B,MCM4,0.3884,discovered
DEDD,COL2A1,0.3074,discovered
WWTR1,ELAVL1,0.4074,discovered
BPTF,CCNE1,0.5696,discovered
ATF3,MVP,0.3337,discovered
EGFR,CRP,0.7577,discovered
ELF1,HMOX1,0.4543,discovered
CIITA,IMPDH2,0.4005,discovered
CDX2,ATF5,0.4264,discovered
XAF1,ACHE,0.4294,discovered
POU3F2,RAF1,0.4003,discovered
GRM2,C4A,0.3657,discovered
CORO1C,S100A6,0.3816,discovered
RELA,PTGS1,0.7171,discovered
JAK2,ERCC4,0.4152,discovered
TFEB,AURKA,0.3337,discovered
GBP1,UGT2B15,0.4235,discovered
DEK,TNPO1,0.4238,discovered
FSTL3,ABCC3,0.3558,discovered
BDKRB1,SNAI2,0.4641,discovered
CREB1,SURF1,0.4984,discovered
RFX2,PNRC1,0.4071,discovered
NFKB1,DEFB1,0.4991,discovered
CTCF,RELA,0.3189,discovered
FOXA3,SERPINE1,0.5968,discovered
CCL22,TGFB2,0.3578,discovered
SMAD7,CTSD,0.3604,discovered
FOXM1,TGFBR2,0.5268,discovered
SPI1,MATN1,0.5391,discovered
IRF8,LIN28B,0.3675,discovered
JUNB,NOS1,0.4057,discovered
HSF1,CCND1,0.566,discovered
VDR,HCFC1,0.5344,discovered
YY1,ZBTB14,0.3837,discovered
IL1RL1,TJP1,0.4526,discovered
FOS,PER3,0.5129,discovered
SP1,NCAM1,0.5091,discovered
FOXM1,UBE2D3,0.3519,discovered
EPAS1,CCND1,0.376,discovered
EWSR1,PMAIP1,0.6247,discovered
MYB,RCC1,0.4767,discovered
MSR1,ASXL1,0.4396,discovered
SF1,HEY1,0.4062,discovered
POU2F1,MAZ,0.3556,discovered
CDKL5,MAFF,0.4156,discovered
BRCA1,IGF2,0.4649,discovered
NFIC,BGLAP,0.4338,discovered
MECP2,MEF2A,0.5101,discovered
SPI1,NR4A1,0.5095,discovered
SRF,DOCK1,0.3582,discovered
EGR2,HSD3B2,0.4843,discovered
CREB1,FCER1A,0.3272,discovered
ZNF268,STAT1,0.3588,discovered
NFIC,IL18,0.3942,discovered
TP53,TCF3,0.3884,discovered
CBFA2T3,ITGB2,0.3934,discovered
SUMO1,BRS3,0.3091,discovered
RFXAP,PITX2,0.4105,discovered
SATB1,SOCS7,0.4042,discovered
PPARG,IFI16,0.3831,discovered
ERG,ESR1,0.3426,discovered
GATA3,TGFB1,0.3154,discovered
HLA-DRB5,CCNE1,0.4477,discovered
NR5A1,MYBL2,0.3641,discovered
ZNF148,FCGR3B,0.5112,discovered
HP,DLK1,0.413,discovered
MTA3,STAT1,0.4215,discovered
PARP1,SHC1,0.5599,discovered
OTX2,SGK1,0.3234,discovered
MYOD1,ABCC6,0.5249,discovered
PAX4,ASNS,0.4845,discovered
NFIC,E2F8,0.5384,discovered
GLI2,PTPN13,0.584,discovered
RELA,ERVW-1,0.5617,discovered
NOTCH2,RET,0.4819,discovered
RARA,CYP46A1,0.4053,discovered
SP3,PDK4,0.3917,discovered
CIITA,YWHAQ,0.515,discovered
HOXA9,PDGFRA,0.3405,discovered
GAST,PGR,0.442,discovered
FOXO3,NCOR2,0.3569,discovered
POU3F1,MVP,0.5032,discovered
RARA,FUBP3,0.4402,discovered
MYCN,RHOB,0.4645,discovered
STAT1,NR1I3,0.4523,discovered
HLA-DRA,IBSP,0.3807,discovered
HOXA9,POU3F4,0.3914,discovered
REST,EXO1,0.3363,discovered
ALK,IFNG,0.4101,discovered
KLF4,CSN2,0.4773,discovered
FUS,VEGFC,0.6519,discovered
ZNF274,FGFR1,0.4105,discovered
LEF1,ITGB8,0.3978,discovered
HDAC1,RXFP2,0.4811,discovered
WT1,FBP1,0.4947,discovered
YY1,TERT,0.5816,discovered
BAX,LGALS3,0.4233,discovered
CBX7,ATF5,0.6637,discovered
MAZ,PLAU,0.4909,discovered
LMX1B,FHL5,0.3465,discovered
NR0B2,DMD,0.6532,discovered
PDCD1,LEF1,0.349,discovered
KLF15,CDKN1A,0.3654,discovered
FAP,SHH,0.3602,discovered
LEF1,E2F4,0.3756,discovered
KLF5,SLC26A4,0.4082,discovered
TP53,CXCL1,0.4862,discovered
SOX10,LXN,0.468,discovered
BRCA1,TRB,0.6023,discovered
EGFR,PRM1,0.5086,discovered
MEF2C,APP,0.6175,discovered
EBF3,GP6,0.4089,discovered
LMX1B,METAP2,0.3721,discovered
CEBPA,GATA6,0.6464,discovered
PAX2,ADRB3,0.4567,discovered
NFKB1,HSPH1,0.333,discovered
RELA,DBF4,0.6066,discovered
SP1,ENPP2,0.3311,discovered
NFATC2,CDH1,0.3211,discovered
MUC4,MMP2,0.555,discovered
TP53,ULK1,0.493,discovered
BRCA2,FOXA2,0.403,discovered
GFER,KCNQ3,0.3363,discovered
WWTR1,ATG7,0.4543,discovered
ATF2,COL1A2,0.4976,discovered
NOTCH2,TRPS1,0.5014,discovered
PLOD1,CAT,0.3121,discovered
PAX8,ERBB4,0.5559,discovered
TNFSF10,KLF15,0.3292,discovered
RARG,IL4,0.5971,discovered
KLF4,PF4,0.5323,discovered
SREBF1,RAB4B,0.4346,discovered
WWP1,ZNF267,0.4339,discovered
E2F4,EZH2,0.4726,discovered
SNAI2,NANOG,0.5593,discovered
SP1,IL13,0.347,discovered
ATP6V0A2,NOV,0.3747,discovered
NFKB1,IL5RA,0.3122,discovered
STAT3,FOXA2,0.3129,discovered
LMO3,NDRG2,0.368,discovered
NFYC,SIRT1,0.5071,discovered
PLAG1,HP,0.3326,discovered
CD274,IRF1,0.4216,discovered
HMGA1,ORMDL3,0.3762,discovered
MTOR,NDC80,0.662,discovered
CDC25C,SIVA1,0.356,discovered
STAT3,MCM3,0.5105,discovered
VDR,BAMBI,0.3255,discovered
MED1,KLF6,0.5019,discovered
GSTP1,COMP,0.3254,discovered
TNFRSF10B,CRH,0.3742,discovered
TCF3,COL10A1,0.4116,discovered
TSC22D3,CRY1,0.6584,discovered
MYCN,TERF2,0.7188,discovered
DNM3,HPGD,0.3809,discovered
PCYT1A,IL1RL1,0.3463,discovered
OTX2,EAF1,0.5444,discovered
CEBPB,CD44,0.3011,discovered
MYC,NGF,0.3688,discovered
PDE6B,IL5RA,0.3896,discovered
SP4,SPP1,0.4638,discovered
SPDEF,HLA-DMA,0.5173,discovered
HDAC1,ZEB1,0.7387,discovered
KRAS,HINFP,0.3988,discovered
CREM,SP7,0.5448,discovered
PTTG1,SLC6A3,0.3791,discovered
HLA-E,TEK,0.5908,discovered
ELK1,TRB,0.3603,discovered
MCAM,HSP90AA1,0.4303,discovered
CYBB,COL2A1,0.3816,discovered
A2M,ERAP1,0.4419,discovered
GBP1,IL5,0.3753,discovered
MACC1,CDKN2B,0.3136,discovered
ATF4,GP6,0.3368,discovered
HOXB1,MUC2,0.3341,discovered
KHSRP,TRAF1,0.3936,discovered
CEBPD,CASP1,0.488,discovered
EPOR,CDA,0.4186,discovered
REST,PTPRC,0.3581,discovered
CREB1,LEFTY1,0.4496,discovered
SRF,PURA,0.5405,discovered
AKR1C3,CSH2,0.3523,discovered
FLI1,SLBP,0.3639,discovered
SALL4,NR1I3,0.3852,discovered
HIF1A,SMUG1,0.3168,discovered
STAT5A,TFAP2B,0.4225,discovered
HIF1A,IFNA1,0.3574,discovered
STAT3,ETNK2,0.595,discovered
TFDP1,NPPB,0.5464,discovered
AR,CD80,0.5318,discovered
FOXM1,CYP11A1,0.4838,discovered
CLDN2,SLC13A4,0.3564,discovered
CDK4,SPRR3,0.4386,discovered
CDX2,PRL,0.6109,discovered
NCOA3,CCND2,0.3199,discovered
IL10,SOX3,0.3449,discovered
PFKP,ARF6,0.7147,discovered
CIITA,IRF7,0.3532,discovered
PARP1,ATP2A2,0.6276,discovered
HEY1,BCL2L1,0.5393,discovered
XAF1,UGT1A6,0.6668,discovered
TP53,ADORA2A,0.3773,discovered
SLC15A1,SERPINC1,0.3742,discovered
SOX4,CCND1,0.4534,discovered
IKBKG,EPO,0.6185,discovered
HIF1A,ELF3,0.554,discovered
RUNX1,MXD4,0.5939,discovered
HSF4,MDM2,0.3727,discovered
EAF2,TBXA2R,0.3317,discovered
VCAM1,STARD7,0.4191,discovered
E2F4,SPRY2,0.3919,discovered
EGR1,TEK,0.3837,discovered
DLX5,PPARG,0.4544,discovered
PURA,PTTG1,0.7249,discovered
GATA6,FAP,0.3662,discovered
HNF4A,CPT1A,0.4715,discovered
IKBKG,CETP,0.4548,discovered
DNMT1,ABCB11,0.5754,discovered
SP3,COP1,0.6138,discovered
GATA3,PTGER2,0.4188,discovered
E2F1,BTRC,0.4895,discovered
POU5F1,APOC3,0.3915,discovered
MYD88,RB1,0.4538,discovered
COL10A1,EGFR,0.3449,discovered
DMAP1,TFF2,0.526,discovered
NELL2,LRRFIP1,0.3901,discovered
TP53,COL2A1,0.3531,discovered
GABPB2,KLF6,0.4965,discovered
FOXE1,SFTPD,0.3927,discovered
NFE2L2,CD38,0.3934,discovered
CSF2RA,CSNK2A1,0.513,discovered
PLG,TIMP1,0.3861,discovered
FOXP2,MICB,0.4915,discovered
SMAD3,PDGFB,0.3785,discovered
NFE2L2,IFNAR1,0.3427,discovered
NFKB1,SPRY1,0.3307,discovered
E2F1,INSR,0.538,discovered
GRIN2B,XPC,0.4058,discovered
SRY,SERPINB9,0.3393,discovered
PROX1,BRCA1,0.4023,discovered
PURA,GATA6,0.4224,discovered
FOXM1,WEE1,0.4716,discovered
HIF1A,CDX1,0.3993,discovered
NFYA,NQO1,0.6265,discovered
JAK2,ESCO2,0.4922,discovered
VDR,SIRT1,0.3273,discovered
E2F1,GCGR,0.4329,discovered
TAL1,TOP1,0.3278,discovered
STAT1,GCGR,0.3686,discovered
MYC,PPOX,0.481,discovered
HDAC2,MICB,0.4109,discovered
ZNF382,SLC19A3,0.3617,discovered
CDKN1A,ERP29,0.3941,discovered
ZNF224,SPINK4,0.5111,discovered
PLK1,SMAD7,0.3313,discovered
HIST2H2BE,BCL2L1,0.3864,discovered
KRAS,PTEN,0.534,discovered
IRF1,CELSR3,0.3759,discovered
MYC,ATF5,0.4163,discovered
NFKBIA,ZNF76,0.5301,discovered
CDX2,CD6,0.4697,discovered
CORO1C,TRIB2,0.5427,discovered
E2F1,IL5,0.3699,discovered
MAP2K1,SPRR3,0.4464,discovered
ZHX2,ITGB7,0.4345,discovered
AMH,PLIN2,0.5266,discovered
PPARG,CYP2C9,0.4733,discovered
NFKB1,PLAT,0.4233,discovered
EBF1,PLK1,0.5507,discovered
HSF1,CYP19A1,0.3153,discovered
GAD1,TAP2,0.3431,discovered
JUN,GRK2,0.4196,discovered
FOXO1,ARNT,0.3874,discovered
MAPK3,MSLN,0.3669,discovered
SRPX2,CD8A,0.4529,discovered
ELF4,IL13,0.3697,discovered
ETS1,TNFRSF10B,0.4197,discovered
TCF7L2,NOS3,0.472,discovered
HMGA1,COL1A2,0.3853,discovered
LEF1,MIF,0.4649,discovered
WT1,NOLC1,0.4192,discovered
SALL4,MC1R,0.3198,discovered
DEK,SOD1,0.3788,discovered
SMAD2,SERPINB1,0.3039,discovered
BAX,ICAM1,0.3634,discovered
FGFR1,CD59,0.4816,discovered
ESR1,UBE2S,0.3928,discovered
RFXAP,CDKN1B,0.4704,discovered
SMAD4,TGFB2,0.5256,discovered
FOXO4,BRCA2,0.3695,discovered
PITX1,MAML1,0.3943,discovered
PTTG1,CDKN1A,0.3175,discovered
GFER,LHB,0.3501,discovered
MYB,MMP3,0.4351,discovered
POU5F1,NLRP2,0.4893,discovered
CEBPE,GFAP,0.3526,discovered
EDEM2,CASP3,0.5957,discovered
MTF2,ADAMTS5,0.4107,discovered
NR0B1,MITF,0.3762,discovered
SLC39A3,PTTG1,0.362,discovered
TP53,GTF3A,0.4887,discovered
CDK6,CSTA,0.4432,discovered
ATF1,MCL1,0.3353,discovered
BCL6,FOXP3,0.3763,discovered
AR,MMP1,0.5385,discovered
AR,INSM1,0.4947,discovered
SP4,HLX,0.3492,discovered
TEAD4,EGR1,0.3801,discovered
RB1,BCL6,0.4777,discovered
EP300,CFH,0.3227,discovered
HMG20B,TYR,0.3688,discovered
SMARCA4,MMP28,0.5857,discovered
YBX1,FLT4,0.3833,discovered
PSEN1,MLLT3,0.3021,discovered
MED23,TRERF1,0.6413,discovered
STAT4,CCL11,0.568,discovered
KLF7,MIF,0.315,discovered
GBA,CD4,0.5059,discovered
STAT1,TNNI3,0.6164,discovered
CARD8,TSLP,0.3468,discovered
APC,STAT3,0.5166,discovered
NCOR1,PLK1,0.5114,discovered
ATF7,FOXD3,0.471,discovered
CTNNB1,ZEB1,0.3952,discovered
SP3,HTR1A,0.4583,discovered
SESN3,ACVRL1,0.3777,discovered
ESR1,DMD,0.4418,discovered
HDAC9,TSC2,0.5591,discovered
PARP1,DUSP10,0.3902,discovered
PLK1,SLCO1B3,0.3088,discovered
CD274,BACE2,0.404,discovered
SPI1,CTNNB1,0.3396,discovered
STARD3,F7,0.4416,discovered
NR5A1,CD36,0.4851,discovered
IDO1,IFNG,0.4349,discovered
CNOT8,ERCC5,0.4448,discovered
RELA,BCAS3,0.47,discovered
USF1,LTBR,0.336,discovered
XBP1,IFNGR1,0.4085,discovered
CREB1,SFRP1,0.3742,discovered
PAX2,BRD7,0.4592,discovered
NR3C2,GKN2,0.522,discovered
DNMT1,LAMA3,0.4881,discovered
RFXAP,FOXI1,0.4202,discovered
NR3C1,IKBKB,0.5039,discovered
HDAC4,SLC15A1,0.3654,discovered
TAF4,CD14,0.404,discovered
CDKN1A,MMP1,0.4166,discovered
SP3,SPART,0.3302,discovered
SREBF1,SOCS3,0.3603,discovered
MECP2,TERT,0.5496,discovered
CCND3,IL6,0.3207,discovered
CREG1,GPX1,0.5494,discovered
BRCA1,CENPW,0.412,discovered
SATB1,TAGLN,0.3311,discovered
TEF,RARB,0.3658,discovered
SP3,ASS1,0.3882,discovered
NFE2L2,HLA-DMB,0.5566,discovered
EZH2,CD36,0.573,discovered
FUBP1,ABCB1,0.4464,discovered
NFKB1,TFAP2C,0.4002,discovered
HIF1A,E2F1,0.3097,discovered
POU2F1,SUZ12,0.3309,discovered
NFIX,OGG1,0.5478,discovered
GLI2,BPTF,0.4074,discovered
PMAIP1,TSC2,0.3464,discovered
IRF1,SRPX,0.3534,discovered
FOXM1,APOM,0.5934,discovered
MAML1,TGFBI,0.6244,discovered
MTA3,DUSP1,0.346,discovered
FOXP3,SOX3,0.4218,discovered
CDC5L,VDR,0.5764,discovered
TGFB1,E2F1,0.3615,discovered
CLOCK,MSH6,0.6005,discovered
PSG5,SP7,0.4565,discovered
FCER1A,RORA,0.519,discovered
GABPB2,ICAM1,0.3488,discovered
PITX1,CEP55,0.3305,discovered
MLLT3,SP3,0.32,discovered
CTCF,SLBP,0.3378,discovered
HMGB2,FOXL1,0.3687,discovered
CNTNAP2,SYP,0.3189,discovered
NONO,OLR1,0.558,discovered
EBF1,NKX2-1,0.3741,discovered
RBMX,CHEK1,0.5798,discovered
GALNT3,IFNB1,0.5163,discovered
NANOG,PAX3,0.3572,discovered
NR3C1,ODC1,0.5349,discovered
TP53,UGT2B15,0.3284,discovered
ARNT,STAR,0.5543,discovered
RELA,SPINK4,0.3434,discovered
IL1RN,MMP2,0.6087,discovered
HDAC4,NRAS,0.3156,discovered
SOX2,MIP,0.4645,discovered
AR,SIM2,0.3742,discovered
RICTOR,SOX9,0.3412,discovered
TNFSF14,NKX2-1,0.3181,discovered
APC,CSRP1,0.4506,discovered
NR2F1,LPIN1,0.3076,discovered
GSPT1,EP300,0.3257,discovered
GATA3,ZNF300,0.302,discovered
GLS,MAPK3,0.4031,discovered
ERG,PIK3CA,0.3013,discovered
IRF1,CDH2,0.3771,discovered
LEF1,MVP,0.5981,discovered
JUN,HMGCR,0.5104,discovered
BRCA1,BAX,0.4131,discovered
FLI1,PC,0.3413,discovered
SUZ12,IFNG,0.6617,discovered
CEBPA,IGFBP1,0.5041,discovered
HSF1,MSH2,0.4923,discovered
HINFP,TYMP,0.5642,discovered
EAF2,MET,0.3056,discovered
BAD,RELA,0.31,discovered
UMOD,TNPO1,0.6363,discovered
BRAF,IL1B,0.4803,discovered
TP53,NCAM1,0.3038,discovered
JAG1,MDM2,0.6729,discovered
HOXC6,DDIT3,0.3138,discovered
JAK2,HLA-DPB1,0.5021,discovered
ARNTL,HSPA5,0.3861,discovered
KLF4,PAX3,0.6296,discovered
FOXO1,SPRY2,0.3706,discovered
MCM6,WIF1,0.5514,discovered
CTCF,TFF1,0.5942,discovered
SOCS7,EGLN2,0.5725,discovered
FLT1,ATM,0.3873,discovered
HDAC1,NDRG2,0.5334,discovered
SRF,NEUROD1,0.3352,discovered
HSF1,SCT,0.4539,discovered
TAF4,EIF2AK1,0.4727,discovered
ERG,NOS3,0.4939,discovered
SATB1,TNFSF14,0.4038,discovered
AGO1,APP,0.5425,discovered
ELANE,HLA-C,0.3212,discovered
HIF1A,FANCA,0.456,discovered
CDK6,FOXA2,0.482,discovered
NKX2-1,GADD45A,0.3993,discovered
MED1,FOXA3,0.3921,discovered
PIK3CA,TOP1MT,0.5449,discovered
MYCN,ACR,0.4762,discovered
RFX1,HSD3B2,0.3627,discovered
ALDH1A1,CD38,0.444,discovered
CFB,APP,0.5166,discovered
HNF1A,SH2D1A,0.4388,discovered
FGFR1,CYP27B1,0.4036,discovered
WT1,DDB1,0.4149,discovered
ETS1,TNIP3,0.3196,discovered
RLN2,HBEGF,0.3158,discovered
ASXL1,GSPT1,0.399,discovered
MAL,SMAD7,0.4282,discovered
ETS1,MGMT,0.4018,discovered
CITED2,CD2AP,0.4346,discovered
TEF,CCND2,0.5749,discovered
NFIC,TEK,0.4759,discovered
TWIST1,IGFBP1,0.5935,discovered
MLH1,CDH2,0.559,discovered
KLF12,LDHA,0.3498,discovered
ING1,RELA,0.4862,discovered
USF2,MVP,0.348,discovered
SOX9,CSF2,0.4226,discovered
CREB1,KRT20,0.601,discovered
GBP1,CACNA1H,0.3929,discovered
SUZ12,RAG1,0.4337,discovered
ERG,WDR5,0.329,discovered
MLL2,HLA-B,0.4235,discovered
NFKB1,KRT18,0.4831,discovered
NFKB1,LRP8,0.4674,discovered
DAB2,IFITM3,0.6201,discovered
STAT6,DAPK2,0.3458,discovered
CYR61,DOK1,0.3371,discovered
ETS2,FOXE1,0.4151,discovered
SP3,FASN,0.4779,discovered
LEF1,DISC1,0.4692,discovered
GGPS1,RASGRP3,0.4733,discovered
RELA,IL6R,0.5673,discovered
SP3,IKBKG,0.3239,discovered
JUND,EIF3M,0.348,discovered
HIF1A,PSG7,0.4704,discovered
HDAC4,ASXL1,0.7628,discovered
GRPR,ERBB2,0.3591,discovered
TFAP2A,BPTF,0.3407,discovered
FOXD3,SMAD2,0.4156,discovered
FLT3,IGFBP3,0.531,discovered
NR0B1,PLK1,0.5181,discovered
NR4A1,SPART,0.3358,discovered
SP3,HNF1A,0.3852,discovered
HMGA1,SCARB2,0.4238,discovered
ASAP2,CRMP1,0.3076,discovered
STAT3,UGT2B7,0.5355,discovered
SMAD3,IL6,0.3181,discovered
IRF8,G0S2,0.3626,discovered
CASP8,ADIPOQ,0.4387,discovered
ASCL1,CCND1,0.4637,discovered
INSR,MTA2,0.6972,discovered
SF1,SETDB1,0.36,discovered
RELA,ALOX15,0.4212,discovered
NPM1,MAP4,0.4283,discovered
BST2,CD86,0.5669,discovered
YBX1,GNMT,0.4071,discovered
JUN,BAG3,0.3531,discovered
PTEN,IGF2R,0.5487,discovered
EP300,LHX3,0.4866,discovered
CEL,PAEP,0.4926,discovered
HIVEP2,CPT1B,0.4692,discovered
CASP8,HIF1A,0.5901,discovered
WT1,MCM5,0.3571,discovered
MYC,RAF1,0.359,discovered
RB1,SOD2,0.6524,discovered
IRF8,CDX2,0.4247,discovered
HOXB7,KLF4,0.3439,discovered
STAT1,CD2,0.6488,discovered
RELA,LSS,0.3883,discovered
CEBPE,PTGS2,0.3587,discovered
STAT3,HLA-C,0.3373,discovered
HEY1,HMGB1,0.4621,discovered
PGR,IFNL3,0.4951,discovered
HES1,XRCC6,0.4092,discovered
YY1,ALK,0.5266,discovered
TWIST1,CDK1,0.3833,discovered
MYD88,FOXM1,0.4873,discovered
CCL19,RAF1,0.5134,discovered
MT1G,CDKN2B,0.324,discovered
SP3,SIDT1,0.3479,discovered
EAPP,H19,0.5574,discovered
RFXANK,FBXO32,0.4452,discovered
MT1G,ATXN2,0.3349,discovered
ETV4,TP53,0.3272,discovered
TP53,PHGDH,0.3484,discovered
SPI1,TERT,0.4747,discovered
ETS1,TNFSF10,0.411,discovered
HDAC1,AURKA,0.469,discovered
RFXAP,ZFHX3,0.3959,discovered
HNF4A,UCP2,0.4495,discovered
DHCR24,POU5F1,0.428,discovered
HMGA1,ETV1,0.3601,discovered
NF1,ESCO2,0.66,discovered
SP1,CCL26,0.5899,discovered
PML,CUX1,0.5514,discovered
FLI1,CYP11B2,0.3292,discovered
RUNX3,CHEK1,0.4141,discovered
PPARG,IRF5,0.4126,discovered
GLI1,CDC6,0.3477,discovered
ELF4,FGFBP1,0.4815,discovered
MYC,IGH,0.6352,discovered
MDM2,FST,0.3027,discovered
CHRNA5,NOS2,0.4359,discovered
ALK,AURKA,0.3539,discovered
JUN,NCL,0.3902,discovered
IRF2BP2,FGF10,0.4225,discovered
HOXA10,HLA-DMB,0.5025,discovered
VHL,PTGS1,0.4202,discovered
S100P,ALB,0.3421,discovered
TLR7,VCP,0.4363,discovered
CASP3,HSD11B2,0.3723,discovered
NR0B2,BIRC7,0.561,discovered
ETS1,ERBB2,0.5085,discovered
KLF4,ME1,0.4798,discovered
NFKB1,KLF12,0.5939,discovered
EGR2,CTSD,0.4792,discovered
USF1,NLRP2,0.489,discovered
RELA,FSHR,0.3941,discovered
EDNRB,ALPI,0.518,discovered
SLC22A8,CDKN1A,0.4947,discovered
PSMC5,UHRF1,0.3335,discovered
HSF1,NANOG,0.3162,discovered
TBX2,ADAMTS1,0.3936,discovered
PAX4,ANGPT1,0.319,discovered
LHX4,MMP2,0.3753,discovered
CDK4,RSPO2,0.3396,discovered
NKX2-2,IGF2,0.3143,discovered
CDKN1A,BCL2L1,0.5544,discovered
FOS,FGB,0.5934,discovered
WWTR1,TCN2,0.3942,discovered
UBE2D3,FOXC1,0.3911,discovered
SP3,NKX3-1,0.4839,discovered
KDM4B,CDKN1A,0.4433,discovered
HNF4A,COX6A1,0.4626,discovered
CDH1,RET,0.5181,discovered
ELF1,STAR,0.3165,discovered
ETS1,POU3F4,0.3859,discovered
MECP2,HIF1A,0.497,discovered
HSF1,PLOD1,0.3262,discovered
FOSL2,SGK1,0.4965,discovered
MAZ,B4GALT5,0.3896,discovered
CEBPA,EMSY,0.3167,discovered
F8,FABP6,0.3451,discovered
CAMP,VEGFA,0.3639,discovered
PTTG1,CEBPA,0.313,discovered
DMD,ESRRA,0.5624,discovered
HIF1A,IGFBP1,0.5131,discovered
CEBPA,SLC9A3,0.3421,discovered
HOXA7,HMOX1,0.4007,discovered
ETS2,FCER1A,0.4006,discovered
DSC2,NQO1,0.6515,discovered
HIF1A,HERC2,0.5658,discovered
TCF7L2,IGH,0.4869,discovered
AHR,HLA-DRB3,0.3739,discovered
A2M,NRF1,0.4336,discovered
NR5A1,NR1I3,0.4854,discovered
SRF,FASLG,0.3899,discovered
HMGA2,TSC2,0.3518,discovered
CTCF,TK1,0.3305,discovered
MYB,KCNIP3,0.3257,discovered
FOXN1,TIMP1,0.4114,discovered
DCT,HESX1,0.6012,discovered
E2F4,PTP4A1,0.4553,discovered
IRF5,BDNF,0.3153,discovered
KPNA2,CTSD,0.4294,discovered
HDAC1,CHGB,0.6359,discovered
IRF7,PPARG,0.3816,discovered
EAF2,SKP2,0.5622,discovered
POU5F1,BACH1,0.5002,discovered
IRF1,PLIN1,0.471,discovered
HDAC1,WASF3,0.545,discovered
SP1,CXCL12,0.353,discovered
E2F1,HSD3B1,0.4371,discovered
SOX2,KLF6,0.3538,discovered
RARA,RB1,0.3595,discovered
CDK20,SMAD3,0.439,discovered
NBN,EED,0.4891,discovered
APC,ID2,0.5588,discovered
ATF6,IL2,0.5069,discovered
RAD51,EIF2AK1,0.4594,discovered
TRIM28,UGT1A6,0.4398,discovered
SMAD4,HNF4A,0.4315,discovered
TP53,TNIP3,0.43,discovered
STAT1,BRCA2,0.4231,discovered
NFIA,SP100,0.4611,discovered
HDAC9,COX7C,0.4732,discovered
ZEB2,COX6A1,0.5165,discovered
POU5F1,KLK1,0.3274,discovered
VDR,SLC39A8,0.3423,discovered
MYB,CDKN1A,0.4666,discovered
DACT3,MTA2,0.4234,discovered
CEBPB,APP,0.3381,discovered
FGFR1,RELN,0.6456,discovered
SRF,NOS3,0.31,discovered
CPT1A,IFNL1,0.4002,discovered
ELF3,TLR4,0.6701,discovered
ATF4,JUN,0.4208,discovered
CDKN1A,CORO1C,0.3321,discovered
POU2F1,CGB3,0.4069,discovered
E2F1,HBE1,0.343,discovered
SMAD3,AKT1,0.4329,discovered
LMO2,WT1,0.3199,discovered
HOXA10,TG,0.6392,discovered
POU5F1,VEGFA,0.51,discovered
OTX2,SOCS1,0.5124,discovered
CRTC1,CABIN1,0.4354,discovered
ZNF202,SPRR1A,0.5307,discovered
HNF4A,ACRV1,0.3203,discovered
EBNA1BP2,IFNL1,0.3145,discovered
ICAM1,ATF3,0.4862,discovered
PBX1,CYP2B6,0.5141,discovered
TFAP2A,SOST,0.3591,discovered
FGB,CYP46A1,0.7434,discovered
WFDC2,LAMA3,0.369,discovered
HK2,BAX,0.3567,discovered
CYP11A1,ITGB3,0.3459,discovered
TWIST1,EGFR,0.6739,discovered
CTLA4,SUMO1,0.3925,discovered
PPARG,ABCB1,0.4369,discovered
REL,VDR,0.4535,discovered
PBX1,IGFBP3,0.4348,discovered
DLX3,BRCA1,0.5245,discovered
HIP1R,CIAO1,0.3691,discovered
NFYB,NEUROD1,0.3619,discovered
FGFR1,SOD1,0.3146,discovered
ERG,IL12B,0.5731,discovered
PPARA,PER2,0.3307,discovered
CTNNBIP1,PER2,0.6106,discovered
NQO2,KIF2C,0.4546,discovered
TWIST1,MBD2,0.4868,discovered
STAT2,TRPS1,0.3153,discovered
KLF4,CD79A,0.3762,discovered
SLC2A1,MKI67,0.5115,discovered
EIF2AK2,DNMT1,0.3362,discovered
PARP1,NRF1,0.3613,discovered
CREBBP,TGFBR2,0.3673,discovered
CYP11B1,PAX3,0.6984,discovered
USF1,TXNRD1,0.371,discovered
NFKB1,HMMR,0.3138,discovered
ASS1,UGT2B15,0.3712,discovered
STAT2,CFLAR,0.6153,discovered
NR1I2,AKAP12,0.6598,discovered
IRF7,HBD,0.4775,discovered
SPI1,OXT,0.4119,discovered
VHL,ITGAX,0.3888,discovered
BTRC,MSMB,0.488,discovered
ERG,RELA,0.4118,discovered
MSX1,JUN,0.3995,discovered
TFAP2A,HLA-F,0.4979,discovered
SP1,TCF3,0.3927,discovered
TOMM70,ABCA1,0.3888,discovered
KHSRP,CEACAM1,0.3979,discovered
CBX7,HLA-DRB1,0.3321,discovered
FOXA2,SH2D1A,0.4574,discovered
SP4,NOS3,0.3237,discovered
RUNX3,CDC25A,0.5264,discovered
MYOG,CDK4,0.417,discovered
FDFT1,PLIN2,0.622,discovered
VEZF1,SPRR2A,0.3923,discovered
RB1,MEF2C,0.4994,discovered
STAT1,MYD88,0.4678,discovered
USF1,INS,0.6328,discovered
STAT1,ERBB4,0.5112,discovered
GLS,LRBA,0.3693,discovered
BCL2A1,TAT,0.5326,discovered
SREBF2,HLA-DRA,0.4884,discovered
MLLT3,HHEX,0.7486,discovered
SNAI2,MICA,0.3705,discovered
HDAC1,NAMPT,0.4103,discovered
SREBF1,ECE1,0.3232,discovered
CHEK2,DCDC2,0.5409,discovered
PLRG1,CD59,0.4197,discovered
ABCC2,OTX2,0.3404,discovered
ZNF143,HNRNPA1,0.6093,discovered
PDIA2,IL23A,0.411,discovered
TP63,FOXP3,0.3136,discovered
PBX1,SCD,0.4767,discovered
E2F1,SRSF1,0.3289,discovered
MITF,CDKN1A,0.3433,discovered
E2F1,SGK1,0.5475,discovered
MECP2,MAP3K1,0.4059,discovered
TP53,IFIT3,0.6316,discovered
SNAI2,SPIC,0.488,discovered
ONECUT1,APP,0.5163,discovered
STAT1,GLI1,0.5119,discovered
SFPQ,MMP13,0.4362,discovered
CEBPB,TCFL5,0.3529,discovered
RIPK2,PTGS2,0.6318,discovered
BCL6,CABIN1,0.302,discovered
NKX2-3,UGCG,0.3809,discovered
SRPX,UHRF1,0.5547,discovered
EP300,VLDLR,0.3186,discovered
CHEK2,KDM6A,0.7189,discovered
NR2F2,JUNB,0.6017,discovered
MMP11,BACE1,0.5103,discovered
JAG1,BCL2,0.4033,discovered
YY1,HMOX1,0.3321,discovered
CEBPE,WT1,0.4292,discovered
TSHR,PIM1,0.3316,discovered
E2F1,INS,0.4429,discovered
DACT2,CA9,0.3448,discovered
CREBBP,PLAT,0.6006,discovered
MAP2K1,PGLYRP2,0.4648,discovered
FHIT,IRF1,0.3944,discovered
PPARA,MMP2,0.3921,discovered
JUN,REG4,0.6215,discovered
CDKN1A,MAP2K1,0.5092,discovered
RUNX2,TNFRSF11B,0.3386,discovered
ARF1,IL6,0.305,discovered
MDM2,IGF2R,0.343,discovered
CREB1,FUBP1,0.7454,discovered
STAT5A,BATF3,0.4226,discovered
TWIST2,FABP5,0.4602,discovered
CRX,CASP8,0.462,discovered
PPARG,CYFIP2,0.411,discovered
ZNF350,JUN,0.3522,discovered
USF1,CR2,0.4281,discovered
ETV4,SMAD3,0.7898,discovered
SP1,HLA-A,0.5716,discovered
HSP90AB1,MMP13,0.7294,discovered
SOX10,DUSP1,0.4133,discovered
ACSL1,NANOG,0.4052,discovered
FLI1,MEF2C,0.3584,discovered
NR2F6,CDC25A,0.4103,discovered
BTF3,TPT1,0.3639,discovered
CDK4,ODC1,0.4421,discovered
MYC,MCL1,0.3548,discovered
MSX1,MMP17,0.3373,discovered
AREG,SIRT2,0.3657,discovered
CTCF,TGFBR1,0.4688,discovered
IL6ST,BLK,0.3904,discovered
HDAC7,EGFR,0.3726,discovered
NR3C1,ERG,0.3562,discovered
